subscription_id,account_id,start_date,end_date,plan_tier,seats,mrr_amount,arr_amount,is_trial,upgrade_flag,downgrade_flag,churn_flag,billing_frequency,auto_renew_flag
S-82404e32,A-3f7dbc,2024-07-04,,Pro,155,4423,53076,False,False,True,False,monthly,True
S-9a40b924,A-393763,2024-12-14,,Pro,142,1510,18120,True,True,False,False,annual,True
S-070ecba2,A-3cccbc,2021-11-18,,Enterprise,42,268,3216,False,False,False,False,monthly,True
S-d35608c6,A-98ae9b,2021-01-28,2021-03-19,Pro,135,3747,44964,False,False,False,True,annual,True
S-9d7de8be,A-f4c25c,2022-09-10,2024-07-17,Basic,32,2190,26280,False,False,False,True,monthly,False
S-6506178a,A-a91287,2022-07-07,,Pro,19,656,7872,False,False,False,False,monthly,True
S-7864983c,A-816156,2024-01-15,,Pro,101,3698,44376,False,False,False,False,monthly,True
S-21de6cc4,A-ac7019,2023-11-16,,Enterprise,71,4396,52752,False,True,False,False,monthly,True
S-fe48ad7c,A-e71149,2023-02-11,,Enterprise,72,5918,71016,False,False,False,False,annual,True
S-8724e306,A-cfdab5,2021-02-05,,Pro,101,4593,55116,False,False,False,False,annual,True
S-d5471257,A-cb96b6,2024-03-29,,Basic,123,954,11448,False,False,False,False,monthly,False
S-957949fa,A-01c648,2021-06-21,2022-01-10,Pro,126,2786,33432,False,True,False,True,annual,False
S-3771abbb,A-b2adb9,2023-12-08,,Basic,127,803,9636,False,False,False,False,annual,True
S-172144f0,A-9201a1,2022-10-21,,Pro,105,1467,17604,False,False,False,False,monthly,True
S-cab0790f,A-6cb2ce,2023-09-28,,Enterprise,119,991,11892,False,False,False,False,annual,False
S-c5d29e8d,A-1f7327,2021-06-16,,Basic,180,4413,52956,True,True,True,False,annual,True
S-bb0e6015,A-7af86f,2021-09-06,,Pro,109,2446,29352,False,False,False,False,monthly,True
S-b86a5889,A-e0e84b,2024-01-26,,Enterprise,76,3838,46056,False,False,False,False,annual,False
S-dcd57d6c,A-9e9f30,2022-07-10,,Enterprise,43,699,8388,False,False,False,False,annual,True
S-62240568,A-7cb77a,2023-01-31,,Basic,121,851,10212,False,False,False,False,monthly,True
S-885ec00f,A-9e2b64,2021-10-05,,Basic,107,1556,18672,False,False,False,False,monthly,True
S-14dfdbcd,A-314379,2024-12-07,,Enterprise,25,8,96,False,False,True,False,annual,True
S-08354099,A-e9662a,2021-11-17,2023-09-29,Basic,4,799,9588,False,False,False,True,monthly,False
S-ad066b5f,A-0bf6e3,2024-04-11,,Pro,160,1532,18384,False,False,False,False,monthly,True
S-2d414b32,A-9a8bb2,2022-02-19,2022-08-24,Pro,68,3003,36036,False,True,False,True,monthly,True
S-f789d44c,A-321421,2023-02-24,,Pro,152,2757,33084,False,False,False,False,annual,True
S-37016bda,A-2109a3,2023-08-28,,Pro,24,3307,39684,False,False,False,False,monthly,True
S-2ed46599,A-118777,2021-01-01,,Enterprise,14,2021,24252,False,False,False,False,annual,True
S-6c0d0c72,A-1f44c7,2022-09-12,,Basic,99,3708,44496,False,False,False,False,annual,True
S-4943a7d0,A-e09af2,2021-06-10,,Pro,55,3550,42600,False,False,False,False,annual,True
S-3124eda5,A-c0e2d5,2023-06-15,,Basic,31,1168,14016,False,False,False,False,annual,True
S-7cd30cd5,A-a2a361,2023-01-19,,Basic,172,2197,26364,False,False,False,False,annual,False
S-ab42a284,A-a98afd,2022-01-27,,Enterprise,51,3288,39456,False,False,True,False,monthly,True
S-1cb0de57,A-c402fb,2021-07-12,,Pro,65,4694,56328,False,True,False,False,monthly,True
S-a2a0c13c,A-9175e6,2024-08-07,,Enterprise,71,4670,56040,False,False,False,False,monthly,False
S-16ec671c,A-9c8b42,2023-08-23,,Enterprise,117,2756,33072,False,False,False,False,monthly,True
S-a8baa38e,A-52d296,2021-08-01,2021-09-29,Enterprise,189,158,1896,False,False,True,True,monthly,False
S-128a0563,A-2810a5,2021-09-02,2023-07-16,Pro,16,146,1752,False,False,False,True,annual,False
S-8e9790cb,A-655235,2024-09-03,,Basic,82,5411,64932,False,True,False,False,annual,True
S-b20f8714,A-1ce57d,2023-01-21,,Enterprise,171,2358,28296,False,False,False,False,monthly,True
S-fe6fba91,A-71e1df,2023-10-25,,Pro,71,1884,22608,False,False,False,False,annual,True
S-f9d33ae8,A-e71149,2021-01-07,,Pro,90,3101,37212,False,False,False,False,annual,True
S-9be125a5,A-9e2b64,2023-08-07,2023-12-07,Enterprise,152,2314,27768,False,True,False,True,monthly,True
S-fc654328,A-85322a,2024-07-30,,Basic,186,2697,32364,False,False,False,False,annual,False
S-6a778639,A-23c1ea,2022-01-27,,Enterprise,181,1884,22608,False,False,False,False,annual,True
S-b602f99e,A-2feda1,2022-01-21,,Enterprise,46,452,5424,False,False,False,False,annual,True
S-a60c0fac,A-825eb0,2022-12-29,,Pro,162,498,5976,False,True,False,False,annual,True
S-6971ff59,A-4a3e3a,2021-11-15,,Basic,180,4097,49164,False,False,False,False,monthly,True
S-fdde5a54,A-e1b1a4,2022-12-02,,Pro,69,1386,16632,True,False,False,False,monthly,True
S-08204e11,A-9a9689,2021-03-06,,Basic,169,1919,23028,False,False,False,False,annual,True
S-6c4dbccf,A-0e38f6,2024-02-29,,Basic,27,1598,19176,False,False,True,False,monthly,True
S-3cf59320,A-9d4ff6,2022-11-17,,Pro,26,1750,21000,False,False,False,False,monthly,True
S-39845e8c,A-314379,2021-02-14,,Basic,112,204,2448,False,False,False,False,monthly,True
S-90342390,A-377924,2024-05-15,,Basic,103,384,4608,False,False,False,False,annual,True
S-ccbbde7c,A-702e67,2023-11-05,,Basic,103,725,8700,False,True,False,False,annual,True
S-df0471d8,A-18470a,2024-05-07,,Basic,135,2640,31680,False,False,False,False,annual,True
S-accfdea2,A-816156,2022-11-14,,Enterprise,37,2739,32868,False,False,False,False,monthly,True
S-a255ff12,A-7b3b51,2021-10-30,,Enterprise,78,2259,27108,False,True,False,False,monthly,True
S-6dec98d4,A-df2118,2022-05-17,,Enterprise,123,925,11100,False,True,False,False,monthly,True
S-4a1492ea,A-3e6efe,2022-03-12,,Enterprise,97,939,11268,False,False,False,False,annual,True
S-3187ba4a,A-9dfcee,2021-09-21,,Pro,73,3670,44040,False,False,False,False,monthly,True
S-a5c7ee54,A-3e6efe,2021-05-27,,Enterprise,151,1280,15360,True,False,False,False,annual,True
S-4aefe99f,A-76eede,2023-01-12,,Pro,102,3097,37164,False,False,False,False,monthly,True
S-ce87cead,A-abbbd0,2022-03-09,,Basic,87,214,2568,False,True,False,False,annual,True
S-79967582,A-0ff5dc,2024-10-14,,Enterprise,46,6432,77184,False,False,False,False,annual,True
S-468cab49,A-58d05f,2021-06-19,,Pro,26,2985,35820,False,False,False,False,annual,True
S-34718f36,A-1bf244,2021-09-21,,Pro,168,521,6252,False,False,False,False,monthly,True
S-d66f0e24,A-5a868a,2022-06-14,,Basic,155,3320,39840,False,False,False,False,monthly,True
S-ca7885ba,A-1f5600,2024-12-29,,Basic,46,326,3912,False,False,False,False,monthly,True
S-2caa8e03,A-2b9974,2021-11-04,2023-07-31,Enterprise,51,1625,19500,False,False,False,True,annual,True
S-27523eb4,A-9f521d,2023-08-10,,Pro,13,3507,42084,False,False,False,False,annual,True
S-dc934131,A-dec46e,2022-08-30,,Enterprise,139,3443,41316,False,False,False,False,monthly,True
S-a70c6366,A-f3aa45,2022-09-02,,Enterprise,137,604,7248,False,False,True,False,annual,True
S-7baec293,A-bc0a07,2021-10-24,,Basic,71,1041,12492,False,False,False,False,monthly,False
S-47e91390,A-7af86f,2023-12-09,,Basic,38,3548,42576,False,False,False,False,monthly,True
S-4458b457,A-0143b8,2023-11-16,,Pro,87,2404,28848,False,False,False,False,annual,True
S-70b0e0e8,A-d8771a,2022-06-11,,Basic,111,1966,23592,False,False,False,False,monthly,False
S-82a048de,A-d9ad81,2024-06-14,,Enterprise,63,1269,15228,False,True,False,False,annual,True
S-e686c76a,A-71c2db,2023-06-14,,Basic,172,1567,18804,True,False,False,False,monthly,True
S-5c5b15cc,A-a81600,2021-01-11,,Basic,107,930,11160,False,False,False,False,annual,True
S-0d346108,A-87ec94,2024-07-24,,Basic,57,2061,24732,True,False,False,False,annual,False
S-2d9ac2be,A-9d992c,2024-04-19,,Pro,85,2338,28056,False,False,False,False,monthly,True
S-44757b6f,A-a54ab8,2022-10-17,,Basic,128,117,1404,False,False,False,False,annual,True
S-19e4748d,A-c6ab7a,2021-03-08,,Pro,21,2686,32232,False,False,False,False,annual,True
S-b3277a73,A-299f66,2023-12-21,,Enterprise,120,1592,19104,True,False,False,False,monthly,True
S-e9a0ec1a,A-6f29f7,2023-06-03,,Basic,6,3513,42156,False,False,False,False,annual,False
S-106c3898,A-3a3477,2023-02-08,,Basic,32,3665,43980,True,False,False,False,monthly,True
S-5f7072e3,A-b2adb9,2022-01-01,,Enterprise,189,3811,45732,False,False,False,False,monthly,True
S-1b535c78,A-46d001,2024-05-12,,Basic,176,2326,27912,False,False,False,False,monthly,True
S-843ad024,A-b56ab1,2023-03-15,,Enterprise,127,518,6216,False,False,False,False,monthly,True
S-77c273f8,A-45687e,2021-12-30,,Pro,119,5387,64644,False,False,True,False,monthly,True
S-56585db5,A-0d5e78,2023-05-07,,Basic,49,2071,24852,False,False,False,False,annual,True
S-2f531d2e,A-87ec94,2021-06-14,,Enterprise,157,1513,18156,False,False,False,False,monthly,True
S-b19d1c48,A-99995c,2023-01-29,2024-11-04,Pro,168,2314,27768,False,False,False,True,annual,False
S-41341dce,A-e99e90,2023-07-27,,Enterprise,183,2788,33456,False,False,False,False,annual,False
S-00feb641,A-3ea8a3,2022-02-28,,Enterprise,63,1208,14496,False,False,False,False,monthly,True
S-685f5772,A-67e8d1,2023-08-03,,Enterprise,41,3876,46512,False,False,True,False,monthly,True
S-f2faef7d,A-2c1987,2024-10-28,,Pro,134,3575,42900,False,False,True,False,monthly,True
S-e20b8d3d,A-ad2f33,2022-06-17,,Basic,166,776,9312,False,False,False,False,annual,False
S-be0b0fee,A-f10061,2021-05-03,,Basic,186,1336,16032,False,False,False,False,annual,True
S-5bca6cfb,A-0562c3,2024-08-23,,Enterprise,68,2196,26352,False,False,False,False,monthly,True
S-d8a51a1b,A-274168,2023-01-21,,Enterprise,37,1181,14172,False,False,False,False,monthly,True
S-11747297,A-449185,2024-08-07,,Enterprise,63,731,8772,False,False,False,False,annual,True
S-347d6526,A-f1d958,2023-07-12,,Pro,71,2733,32796,False,False,False,False,monthly,True
S-0541004e,A-af8daf,2022-03-29,,Enterprise,184,623,7476,False,False,False,False,annual,True
S-d5797241,A-9b151e,2022-08-27,,Pro,178,893,10716,False,False,False,False,annual,True
S-dba7a860,A-8ae5b4,2022-04-12,2022-12-14,Basic,67,1116,13392,False,False,False,True,annual,True
S-ef39f6cb,A-59672e,2023-09-04,,Enterprise,89,1490,17880,False,False,False,False,monthly,True
S-dc0dfc65,A-795e78,2023-02-14,,Basic,124,909,10908,False,False,True,False,annual,False
S-591c1b9f,A-703310,2022-12-03,,Pro,58,2101,25212,False,False,False,False,annual,True
S-95b0dc90,A-fd5d1c,2022-02-08,,Basic,4,1845,22140,False,False,False,False,monthly,True
S-cde4765a,A-bd844f,2022-04-13,,Enterprise,171,3004,36048,True,False,False,False,monthly,True
S-497c7de6,A-09489d,2022-07-10,,Pro,21,889,10668,False,True,False,False,annual,True
S-c2cc0638,A-e5e60e,2022-06-09,,Basic,177,1358,16296,False,False,False,False,monthly,True
S-eb3ce625,A-a54ab8,2021-12-30,2023-10-14,Basic,49,1856,22272,False,False,False,True,monthly,True
S-9c533f57,A-5d149a,2022-09-13,2023-06-03,Enterprise,150,3444,41328,False,False,True,True,annual,False
S-62e97f70,A-5a868a,2021-04-15,,Basic,114,1206,14472,True,True,False,False,annual,True
S-dcf2d662,A-e0e84b,2023-09-25,,Pro,149,1112,13344,False,False,False,False,annual,True
S-3da1bafe,A-31d091,2024-08-09,,Pro,1,2853,34236,False,False,False,False,monthly,True
S-3e4b7408,A-8d94af,2022-11-05,,Pro,73,334,4008,False,False,False,False,annual,True
S-d2a3120c,A-0c9ef2,2022-07-18,,Enterprise,47,523,6276,False,False,False,False,annual,True
S-0a39e438,A-105528,2021-12-01,,Enterprise,111,1951,23412,False,True,False,False,monthly,True
S-8cd461f2,A-45687e,2024-11-07,,Basic,60,3283,39396,False,False,False,False,monthly,True
S-22ccdb4a,A-e2d27a,2021-07-30,,Enterprise,157,4850,58200,False,False,False,False,monthly,True
S-9266ebe0,A-49256a,2023-03-23,,Enterprise,84,3481,41772,False,False,False,False,monthly,True
S-d9dcf2d1,A-dbf513,2022-07-06,,Basic,121,23,276,False,False,False,False,monthly,True
S-d22d9836,A-31dcb8,2022-12-26,,Basic,101,1383,16596,False,True,False,False,annual,True
S-b96bf03a,A-9b151e,2023-04-18,,Pro,36,3416,40992,False,False,True,False,monthly,True
S-ab820bde,A-dec46e,2022-03-04,,Enterprise,83,1873,22476,False,False,False,False,annual,True
S-b0336279,A-c0260e,2022-03-17,,Pro,71,5400,64800,False,False,False,False,monthly,True
S-f050d5ec,A-e1fa7f,2024-04-29,,Enterprise,100,2543,30516,False,False,False,False,annual,True
S-7b2db28d,A-87d27b,2024-05-27,,Basic,26,1900,22800,True,False,False,False,annual,True
S-ad94aa21,A-87ec94,2022-08-06,,Pro,188,3991,47892,False,True,False,False,monthly,True
S-0f850435,A-c1d6f0,2022-02-14,,Pro,63,4238,50856,False,False,False,False,monthly,True
S-34c6da40,A-66ee96,2022-08-20,,Enterprise,180,3959,47508,False,False,False,False,annual,False
S-b4765ea0,A-999860,2023-07-03,,Pro,48,4383,52596,False,False,False,False,monthly,True
S-35ae06aa,A-0c8a26,2024-12-12,,Basic,31,1326,15912,False,False,False,False,monthly,True
S-f8ed4b17,A-275801,2023-12-19,2025-06-25,Basic,5,534,6408,False,False,False,True,annual,False
S-22570ca7,A-280f2a,2022-11-01,,Enterprise,18,351,4212,False,False,False,False,annual,True
S-42671a99,A-b913b0,2023-12-26,,Basic,23,2118,25416,False,False,False,False,annual,True
S-29444386,A-b4365e,2021-05-30,,Basic,39,684,8208,False,True,False,False,monthly,True
S-9fa87323,A-32812a,2023-12-17,,Pro,111,2609,31308,False,False,False,False,annual,True
S-7f4c7241,A-5c19da,2023-03-10,2023-11-25,Pro,58,1548,18576,False,False,False,True,annual,True
S-25efafe3,A-a771e3,2022-02-15,,Pro,91,2923,35076,False,False,False,False,monthly,True
S-0598b65f,A-430daf,2021-10-31,,Basic,11,2172,26064,False,False,False,False,monthly,True
S-752a1f6b,A-176774,2022-10-08,,Basic,54,2377,28524,False,True,False,False,annual,True
S-b589c98c,A-1126a7,2022-03-21,,Basic,113,5635,67620,False,False,True,False,monthly,False
S-22ac1c71,A-127d60,2022-03-04,,Pro,113,2629,31548,False,False,False,False,annual,False
S-c84e059a,A-9a9689,2021-07-10,,Basic,32,363,4356,False,False,False,False,monthly,True
S-5c82d8f9,A-9e2b64,2023-01-04,,Pro,107,1900,22800,False,False,False,False,monthly,True
S-bb7d291d,A-23c1ea,2022-06-07,,Basic,108,2305,27660,False,False,False,False,annual,False
S-ca41074e,A-655235,2021-05-14,,Pro,167,1889,22668,False,False,True,False,monthly,True
S-813d6e8f,A-29838a,2023-03-10,,Enterprise,166,6622,79464,False,True,False,False,monthly,True
S-895a5503,A-4f8805,2021-01-19,,Pro,36,2461,29532,False,False,True,False,annual,False
S-46bc791b,A-e1796c,2024-09-15,,Pro,45,477,5724,False,False,False,False,monthly,False
S-a161a0d9,A-36c0b3,2024-10-01,,Enterprise,29,256,3072,False,True,False,False,annual,True
S-e3a548e6,A-27341c,2023-02-04,,Pro,7,1849,22188,False,False,True,False,monthly,False
S-5a6ba896,A-45687e,2023-04-15,2024-06-04,Basic,154,3576,42912,False,True,False,True,annual,True
S-836a5021,A-bb6306,2022-04-02,2022-07-08,Enterprise,138,3556,42672,False,False,False,True,monthly,True
S-f7004927,A-9d4ff6,2023-09-03,,Basic,66,3327,39924,False,False,False,False,monthly,True
S-01a96b81,A-51e832,2021-07-17,,Enterprise,33,1971,23652,False,True,False,False,annual,True
S-777124c3,A-47ce41,2021-06-18,,Pro,104,1518,18216,False,False,False,False,annual,True
S-4b64f4c5,A-d5aaf6,2024-09-12,,Pro,134,1507,18084,False,False,False,False,monthly,False
S-f96962b5,A-2c850e,2022-11-03,,Basic,38,56,672,False,False,True,False,annual,False
S-1287755c,A-9ccef5,2023-02-28,,Pro,37,3376,40512,False,False,False,False,monthly,True
S-6052cec7,A-cea72b,2021-01-24,,Enterprise,89,2827,33924,False,False,False,False,monthly,True
S-49e835fa,A-c00b52,2022-03-16,,Enterprise,72,1844,22128,False,False,False,False,monthly,False
S-0fbe7b5b,A-2411d9,2022-01-17,,Pro,125,3931,47172,False,False,True,False,annual,False
S-e704fb62,A-1b90d5,2023-11-30,,Enterprise,140,2378,28536,False,False,False,False,annual,True
S-80b83152,A-b0fdf8,2024-02-02,,Basic,89,139,1668,False,False,False,False,annual,True
S-f58f4c9c,A-001d08,2023-10-31,,Basic,50,3596,43152,False,False,False,False,monthly,True
S-08fc1688,A-0d7286,2022-12-26,,Enterprise,39,1391,16692,False,False,True,False,monthly,True
S-de1e2b18,A-275801,2024-01-10,,Basic,41,4093,49116,False,True,False,False,monthly,True
S-5c94db51,A-24f862,2021-11-08,,Enterprise,157,1278,15336,False,False,True,False,monthly,False
S-7a5c4463,A-b8b83c,2023-04-01,,Enterprise,122,5911,70932,False,True,False,False,annual,True
S-4b8b677b,A-3e6efe,2022-05-30,,Pro,80,805,9660,False,False,False,False,annual,True
S-9419a025,A-964882,2023-04-21,,Enterprise,63,943,11316,False,True,False,False,monthly,True
S-441a73d9,A-fa82d4,2022-05-25,,Pro,58,2127,25524,False,False,False,False,monthly,True
S-9b1eae27,A-90b550,2024-04-14,,Enterprise,71,3126,37512,False,True,False,False,monthly,True
S-69ac19d3,A-9201a1,2021-07-30,,Basic,121,3589,43068,False,False,False,False,annual,True
S-5a696972,A-246226,2024-06-03,,Pro,185,6521,78252,False,False,False,False,annual,True
S-c814b91e,A-186adc,2022-06-08,,Pro,110,4141,49692,False,False,False,False,monthly,True
S-594b44f7,A-430daf,2022-08-20,,Enterprise,154,6987,83844,False,False,False,False,monthly,True
S-1cebee2a,A-0ff5dc,2024-12-07,,Pro,15,5771,69252,False,False,False,False,annual,True
S-4a029be2,A-757186,2022-07-19,,Basic,65,977,11724,False,True,False,False,annual,False
S-481b4b82,A-579d6a,2022-05-13,,Basic,152,759,9108,False,False,False,False,annual,False
S-e6474367,A-572cc7,2023-09-27,,Basic,171,2912,34944,False,False,False,False,annual,True
S-707221b6,A-cddcac,2021-07-21,,Pro,62,509,6108,False,False,False,False,annual,True
S-9c882134,A-c0260e,2023-03-18,,Enterprise,118,4516,54192,False,False,False,False,annual,False
S-ce87d130,A-e6ef8b,2024-07-10,,Pro,172,2643,31716,False,False,False,False,annual,True
S-de35f31b,A-655235,2022-11-05,2024-01-31,Basic,65,2931,35172,False,False,False,True,annual,False
S-46532af7,A-fdeda5,2022-07-21,,Pro,84,755,9060,False,False,False,False,annual,True
S-1bd9cd82,A-4b4931,2022-03-05,,Basic,103,3702,44424,False,False,False,False,monthly,True
S-80f37d99,A-cc4e00,2021-07-02,,Basic,138,31,372,False,False,False,False,monthly,False
S-93c19479,A-8563a7,2021-07-27,,Enterprise,128,3548,42576,False,False,False,False,annual,False
S-2bb32409,A-9b151e,2023-09-22,,Basic,113,2988,35856,False,False,False,False,annual,True
S-7d766c9f,A-94b0ff,2021-08-17,,Enterprise,144,1206,14472,False,False,False,False,annual,True
S-350961bf,A-f4d2c5,2021-06-05,,Basic,183,3985,47820,False,False,False,False,monthly,True
S-70a7219a,A-bbe512,2022-11-28,,Pro,189,1233,14796,False,False,False,False,monthly,True
S-b583334c,A-efbe71,2021-06-18,,Enterprise,114,4451,53412,False,False,False,False,monthly,False
S-3d3bcfa1,A-dee10f,2021-02-23,,Pro,58,4571,54852,False,False,False,False,monthly,True
S-62671f05,A-cea72b,2021-02-12,,Enterprise,113,2459,29508,False,False,False,False,annual,True
S-0cf9057d,A-7f7de2,2023-11-29,,Enterprise,67,628,7536,False,False,False,False,monthly,True
S-95f6f30d,A-057df9,2023-01-29,,Pro,61,704,8448,False,False,False,False,annual,True
S-505d2f32,A-f2e197,2024-12-09,,Enterprise,130,1082,12984,False,False,False,False,annual,False
S-6e48143f,A-47ce41,2022-04-12,,Enterprise,180,1774,21288,False,False,False,False,monthly,True
S-adcc2070,A-d5aaf6,2024-03-22,,Enterprise,112,127,1524,True,False,True,False,annual,True
S-ba81fb90,A-2bf8bb,2024-08-24,2025-09-13,Pro,181,2477,29724,False,False,True,True,monthly,True
S-f9af12af,A-9201a1,2024-03-12,,Pro,126,2338,28056,False,False,False,False,annual,True
S-3e1d3cd7,A-16905a,2024-09-17,,Enterprise,179,1742,20904,False,False,False,False,monthly,False
S-7828f9a0,A-b515e1,2023-04-14,,Enterprise,2,638,7656,False,True,False,False,monthly,True
S-69cd9b51,A-2ca16b,2021-05-26,,Pro,106,1329,15948,False,False,False,False,annual,True
S-8a368ff3,A-29838a,2022-01-03,,Pro,31,6067,72804,False,True,False,False,annual,True
S-21945dff,A-7aee9c,2024-11-04,,Enterprise,98,2762,33144,False,True,False,False,monthly,True
S-0b814e02,A-f4d2c5,2022-12-29,,Enterprise,48,757,9084,False,False,False,False,monthly,True
S-44fbac1c,A-76eede,2021-06-17,,Basic,25,2581,30972,False,True,False,False,annual,False
S-134a8f3f,A-253b47,2021-05-02,,Enterprise,4,2087,25044,True,False,True,False,monthly,False
S-c274ef1c,A-29b014,2024-02-28,,Enterprise,45,2059,24708,False,False,False,False,annual,True
S-3c42275f,A-b67e99,2022-12-09,2024-12-07,Pro,46,4077,48924,False,False,False,True,annual,True
S-1d6d7763,A-ed72be,2021-11-01,,Enterprise,8,728,8736,False,False,False,False,monthly,True
S-99f5ff56,A-27e0e9,2021-09-04,,Pro,175,1435,17220,False,False,False,False,monthly,True
S-fdfa648e,A-3204d3,2024-05-20,,Pro,87,3383,40596,False,False,False,False,annual,True
S-8175d868,A-216da3,2023-07-07,,Enterprise,94,1676,20112,False,False,False,False,annual,True
S-72609da0,A-f2e197,2021-03-27,,Basic,123,1422,17064,False,False,False,False,monthly,False
S-1851e91c,A-246226,2021-07-22,,Pro,135,4208,50496,False,False,False,False,monthly,True
S-421bdd0a,A-6cb2ce,2024-08-10,,Enterprise,35,3419,41028,False,True,False,False,monthly,True
S-56d1f966,A-6cb2ce,2023-06-11,,Pro,144,88,1056,False,False,False,False,annual,True
S-b4c81dae,A-7e69c7,2022-08-12,,Basic,15,2125,25500,False,True,False,False,annual,True
S-f0bbd3f3,A-4f498a,2024-04-18,,Enterprise,13,998,11976,False,True,False,False,annual,True
S-fde6abeb,A-a2e460,2024-01-07,2026-01-06,Enterprise,112,1519,18228,False,False,False,True,annual,True
S-ea47e5fa,A-9e6b3e,2024-12-02,2025-08-08,Pro,57,5585,67020,False,True,False,True,monthly,True
S-8fdf0c90,A-7e8d26,2024-08-04,,Basic,98,4559,54708,False,False,False,False,monthly,True
S-6dfbe41f,A-6df3cb,2022-05-08,,Pro,100,3389,40668,False,False,False,False,annual,True
S-e4ab2509,A-8563a7,2021-10-18,,Enterprise,172,1180,14160,False,False,False,False,monthly,True
S-013f7d77,A-d8771a,2024-07-06,,Pro,70,4437,53244,False,True,False,False,monthly,True
S-aa7e061f,A-d16ef7,2022-01-24,,Basic,65,1039,12468,False,False,False,False,monthly,True
S-7cfcd8c5,A-d9e9fc,2023-07-09,,Enterprise,30,1744,20928,False,False,True,False,annual,True
S-dc5aad90,A-949e9c,2021-12-09,,Pro,175,1360,16320,False,False,False,False,monthly,True
S-8efb977a,A-9f9cca,2024-03-13,,Pro,52,2124,25488,False,False,False,False,monthly,True
S-9508acc7,A-b1f3cb,2021-03-15,,Basic,29,200,2400,False,False,False,False,annual,True
S-7a058442,A-2be2ac,2021-05-19,,Basic,114,552,6624,False,True,False,False,monthly,True
S-f0202778,A-dd2024,2022-01-23,,Pro,82,718,8616,True,True,False,False,annual,False
S-7952cd62,A-0263d2,2022-05-29,,Pro,15,1291,15492,False,True,False,False,monthly,True
S-61a6a228,A-205093,2022-01-12,,Enterprise,169,2974,35688,False,True,False,False,monthly,False
S-1bac9c26,A-93381a,2024-05-17,,Pro,82,1061,12732,True,False,False,False,annual,True
S-fecddb29,A-040921,2024-06-20,,Enterprise,83,1649,19788,False,True,False,False,annual,True
S-e742d0f9,A-51ca60,2023-02-20,2023-05-20,Basic,58,3200,38400,False,True,False,True,annual,True
S-cab2b20a,A-fb30f4,2023-09-03,,Basic,99,836,10032,False,False,False,False,annual,True
S-f17551e8,A-467260,2024-10-30,,Pro,117,1998,23976,False,False,False,False,monthly,False
S-fec38bc0,A-d0403b,2022-04-04,,Basic,188,7039,84468,False,False,False,False,monthly,False
S-249f7d09,A-2e3f29,2023-01-24,,Basic,118,617,7404,False,False,False,False,monthly,False
S-98327780,A-393763,2021-09-14,,Enterprise,54,2632,31584,False,False,False,False,monthly,True
S-6916467f,A-46d001,2023-06-29,,Pro,103,408,4896,False,False,False,False,monthly,True
S-017bc0f3,A-a2e460,2024-03-10,,Basic,187,2371,28452,False,False,False,False,annual,True
S-87d45ad5,A-b32d86,2023-04-17,,Pro,28,1370,16440,False,False,False,False,monthly,False
S-a9a3a1b0,A-2feda1,2024-07-01,,Enterprise,56,3684,44208,False,False,False,False,monthly,False
S-46e427dc,A-147497,2023-06-04,,Enterprise,146,594,7128,False,False,False,False,annual,True
S-4e8477b3,A-a771e3,2021-11-16,,Basic,51,2971,35652,False,False,False,False,monthly,True
S-df6be09a,A-c0f13b,2023-09-24,,Basic,161,4261,51132,False,False,False,False,monthly,True
S-b6710fbe,A-66ee96,2021-01-18,,Enterprise,14,987,11844,False,True,False,False,monthly,True
S-2ac04e0a,A-273a83,2021-11-05,,Enterprise,81,1764,21168,False,False,False,False,annual,True
S-95ab2d63,A-7b8bff,2022-08-17,,Basic,144,2622,31464,False,False,False,False,monthly,True
S-b2e02352,A-2cf08b,2024-06-20,,Pro,72,345,4140,False,False,False,False,monthly,True
S-f09e10ac,A-51eed3,2021-10-28,,Basic,11,1042,12504,False,False,False,False,annual,True
S-45565a7b,A-c0260e,2021-02-10,,Pro,150,3702,44424,False,False,True,False,annual,True
S-4b7bcea4,A-9f9cca,2024-10-07,,Enterprise,87,1868,22416,False,False,True,False,annual,True
S-4259c8d5,A-59d242,2022-09-07,,Pro,172,2756,33072,False,False,False,False,annual,True
S-e0001178,A-5a8f35,2021-06-20,,Basic,127,1563,18756,True,False,False,False,annual,True
S-6b31652f,A-c402fb,2022-06-02,,Enterprise,7,1587,19044,False,False,True,False,monthly,True
S-bc37c271,A-e6ef8b,2022-09-20,,Enterprise,87,4142,49704,True,False,False,False,monthly,True
S-ac9b63fb,A-e2d27a,2021-06-14,,Pro,160,5579,66948,True,False,False,False,monthly,True
S-87df6926,A-f3aa45,2023-08-21,,Enterprise,178,2714,32568,False,False,False,False,monthly,False
S-3c1b206b,A-aeac12,2023-05-20,,Enterprise,67,356,4272,False,False,False,False,annual,False
S-4e3d6ee7,A-d8771a,2024-10-07,2026-09-19,Basic,82,5605,67260,False,False,True,True,monthly,True
S-d209dcbb,A-c6ab7a,2021-08-08,,Basic,61,2291,27492,False,False,True,False,monthly,True
S-7df97f66,A-bb8a0a,2022-11-30,,Pro,19,2591,31092,False,False,False,False,monthly,True
S-78f63407,A-d3803e,2022-11-09,,Enterprise,36,2722,32664,False,False,True,False,annual,True
S-1c48e2e9,A-4a3e3a,2021-07-07,2022-04-01,Basic,13,2566,30792,False,False,False,True,monthly,True
S-0eed6f98,A-b32d86,2022-02-09,,Pro,74,816,9792,False,False,False,False,monthly,True
S-f3dc9bb4,A-4f71e8,2023-11-06,2024-06-03,Enterprise,51,2083,24996,False,False,False,True,annual,True
S-9911a3a1,A-6cb2ce,2021-09-11,,Pro,59,3029,36348,False,False,False,False,annual,True
S-3f45f3f3,A-40abca,2023-11-04,,Pro,110,2530,30360,False,False,False,False,monthly,True
S-2fc4c47d,A-c166a2,2024-10-31,,Pro,127,2017,24204,False,False,False,False,monthly,False
S-c50ea3d1,A-d78e97,2021-06-13,,Enterprise,184,1342,16104,False,False,False,False,monthly,True
S-40c1cd1e,A-388d16,2023-01-11,,Pro,68,1590,19080,False,False,False,False,monthly,False
S-db230700,A-45687e,2023-01-29,,Enterprise,126,803,9636,False,False,False,False,annual,True
S-d415f698,A-87ec94,2021-03-29,,Enterprise,104,1126,13512,False,False,False,False,annual,True
S-56febc99,A-dec46e,2023-03-01,,Pro,36,3991,47892,False,False,False,False,annual,True
S-064aba9b,A-fc24f9,2023-01-19,2024-12-26,Pro,48,2853,34236,False,True,False,True,monthly,True
S-fd6f768e,A-d87876,2022-02-10,2023-04-17,Basic,78,1422,17064,False,False,False,True,monthly,True
S-7109a620,A-d87876,2024-05-27,,Basic,125,1984,23808,False,True,False,False,monthly,True
S-7af3dd41,A-993774,2022-10-25,,Enterprise,75,3788,45456,False,False,False,False,monthly,True
S-aba32782,A-77cb78,2023-10-02,2024-09-11,Enterprise,176,890,10680,False,False,False,True,monthly,True
S-00ccaad0,A-2411d9,2022-11-30,,Basic,177,796,9552,False,False,False,False,monthly,True
S-9b811109,A-4aefb3,2023-07-05,,Pro,60,2105,25260,False,False,False,False,annual,False
S-cb1a5b1c,A-91c9c6,2023-09-03,,Basic,88,6328,75936,False,False,False,False,monthly,True
S-3ef0fd11,A-90aaae,2022-10-22,,Enterprise,152,1561,18732,False,False,False,False,annual,True
S-b552c2c4,A-36c0b3,2021-02-09,,Enterprise,25,261,3132,False,True,False,False,monthly,True
S-80e2557b,A-2b8e44,2023-08-06,,Pro,18,5512,66144,False,False,False,False,monthly,True
S-32da764a,A-805f2e,2021-10-21,,Basic,16,871,10452,False,False,True,False,monthly,True
S-2cad8733,A-a3efac,2024-06-25,,Basic,125,2872,34464,False,False,False,False,monthly,False
S-fc9d367e,A-4983af,2024-08-15,,Basic,153,3141,37692,False,False,True,False,annual,False
S-a8b67b25,A-661aa8,2023-12-09,,Pro,180,1355,16260,False,True,False,False,monthly,True
S-0597c743,A-45687e,2021-02-21,2023-01-11,Basic,108,5117,61404,True,False,False,True,monthly,True
S-e9456182,A-4f498a,2024-07-05,,Pro,28,3076,36912,False,False,False,False,monthly,True
S-99c8fe7f,A-26bbfd,2022-08-07,,Pro,83,3626,43512,False,True,False,False,monthly,True
S-d4d1bf1d,A-1b90d5,2023-01-26,,Pro,161,2858,34296,False,False,False,False,annual,True
S-8ec0437e,A-09bda1,2021-03-12,,Basic,145,480,5760,False,True,False,False,annual,True
S-37312065,A-674f3d,2021-09-28,,Enterprise,134,2885,34620,False,False,True,False,monthly,True
S-78635efb,A-49535d,2023-01-02,,Pro,88,1562,18744,False,False,False,False,annual,True
S-5a3949d6,A-2bcd7c,2024-08-07,,Pro,54,1225,14700,False,True,False,False,annual,True
S-f5ee10e3,A-1aa01f,2022-05-06,2024-05-04,Pro,7,132,1584,True,False,False,True,annual,True
S-88164920,A-76a68f,2022-03-25,,Basic,129,6254,75048,False,False,False,False,annual,True
S-7031d06e,A-babd7f,2023-11-11,,Enterprise,7,616,7392,False,False,False,False,monthly,True
S-e55a7f57,A-0e38f6,2024-04-22,2025-01-12,Basic,21,1812,21744,False,False,False,True,annual,True
S-aed56a9b,A-ef6f7e,2022-03-12,,Pro,161,1892,22704,False,False,False,False,annual,True
S-cba09351,A-51e832,2021-11-24,,Pro,84,2036,24432,False,False,False,False,annual,True
S-bb32d298,A-3d5546,2023-07-02,,Basic,172,615,7380,False,False,False,False,monthly,True
S-568f12b7,A-388d16,2021-08-07,,Pro,189,2846,34152,False,False,False,False,monthly,False
S-c51fafac,A-38094a,2022-09-14,,Basic,166,1145,13740,False,False,False,False,annual,True
S-77d6ef5e,A-396e8b,2023-11-13,2023-12-25,Basic,53,2238,26856,False,False,False,True,monthly,True
S-2c3e083c,A-eca077,2023-03-12,,Basic,126,3111,37332,False,False,False,False,monthly,True
S-cef0d9fd,A-a2e816,2022-05-24,2022-10-10,Basic,13,4633,55596,False,False,False,True,annual,True
S-edbbe064,A-7ccb2e,2023-02-21,,Pro,41,339,4068,True,False,False,False,annual,False
S-56fc248b,A-a0ed92,2023-02-03,2024-05-05,Pro,31,1139,13668,False,False,False,True,annual,False
S-e4c629b0,A-467260,2022-02-24,,Pro,175,756,9072,False,False,False,False,monthly,True
S-5ceffd03,A-314379,2021-08-19,2022-05-16,Enterprise,143,1607,19284,False,True,False,True,annual,True
S-10b33253,A-064dcf,2024-11-17,,Enterprise,102,3041,36492,False,True,False,False,annual,False
S-63655359,A-176774,2023-04-25,,Basic,17,5827,69924,False,False,False,False,annual,True
S-e2b33a4f,A-dec46e,2022-02-20,,Basic,172,2319,27828,False,False,False,False,annual,True
S-b3a5a586,A-5c19da,2021-01-04,,Basic,112,4228,50736,False,False,False,False,monthly,True
S-0f1cd2fc,A-2bcd7c,2021-04-07,,Enterprise,154,2634,31608,False,False,False,False,annual,True
S-cdb8262a,A-a1f6aa,2023-01-31,,Basic,89,468,5616,False,False,False,False,monthly,False
S-1e18026c,A-90b550,2022-08-22,,Basic,127,1598,19176,False,False,False,False,monthly,True
S-182cae98,A-186adc,2022-06-03,,Basic,116,1156,13872,False,False,False,False,annual,True
S-f59f278e,A-8efb70,2023-11-04,,Enterprise,38,3472,41664,False,False,False,False,monthly,True
S-687d72ec,A-5e8a5d,2024-03-20,,Enterprise,102,2494,29928,True,False,False,False,monthly,True
S-9f8fc5b5,A-a771e3,2021-03-27,,Pro,2,882,10584,False,False,False,False,annual,True
S-6e94b928,A-70da28,2024-11-01,,Enterprise,96,1543,18516,False,False,False,False,annual,True
S-44f9c9bb,A-7aee9c,2024-03-27,,Pro,177,2772,33264,False,True,False,False,annual,True
S-256ae0af,A-e1b1a4,2024-11-22,,Basic,130,2023,24276,False,False,False,False,monthly,True
S-1752d78a,A-89fca7,2022-09-20,,Pro,78,2057,24684,False,False,True,False,monthly,False
S-39d0ddc2,A-125cb3,2021-02-18,2022-01-16,Enterprise,175,2835,34020,True,False,False,True,annual,True
S-77395708,A-a98afd,2023-01-03,,Enterprise,179,2795,33540,False,False,False,False,monthly,True
S-d56f7d7b,A-2e3f29,2024-06-22,,Pro,174,463,5556,False,True,False,False,annual,True
S-0b533082,A-410148,2024-12-05,,Pro,99,2335,28020,False,False,False,False,monthly,True
S-941c08ba,A-23c1ea,2022-12-20,,Enterprise,10,316,3792,False,False,True,False,annual,True
S-d8293910,A-4983af,2021-07-08,2023-05-15,Pro,25,3339,40068,False,False,False,True,monthly,False
S-dcf5d37c,A-b4365e,2021-03-12,,Enterprise,56,656,7872,False,True,False,False,annual,True
S-6d8214ee,A-59d242,2024-10-14,,Pro,130,1088,13056,False,False,False,False,monthly,True
S-1e39ca22,A-9175e6,2023-03-06,,Enterprise,150,817,9804,False,False,False,False,monthly,True
S-b917ef6b,A-67e8d1,2021-11-30,2023-09-06,Basic,110,1357,16284,False,True,False,True,monthly,True
S-59eaa7b6,A-a722ec,2023-09-23,,Enterprise,46,258,3096,False,True,False,False,monthly,True
S-fcb21ef4,A-babd7f,2024-10-30,,Enterprise,59,3934,47208,False,False,False,False,annual,True
S-7a54c5ce,A-31dcb8,2021-12-03,,Pro,7,1736,20832,False,False,False,False,annual,True
S-38667841,A-0bf6e3,2023-12-12,,Pro,163,2350,28200,False,False,True,False,annual,True
S-fbee34ef,A-559b49,2024-12-08,,Enterprise,171,3289,39468,False,False,False,False,annual,False
S-7f66d07a,A-fd7c5d,2021-10-09,,Pro,23,2559,30708,False,False,False,False,monthly,False
S-293fc3f2,A-176774,2023-02-04,,Pro,48,2740,32880,False,True,True,False,monthly,True
S-e9d431ce,A-0e38f6,2022-09-08,,Enterprise,101,2663,31956,True,True,False,False,monthly,True
S-1fcb41a7,A-f6b94c,2024-09-25,,Enterprise,36,497,5964,False,False,False,False,monthly,True
S-cdae5416,A-9b417b,2024-09-21,,Pro,55,1708,20496,True,False,False,False,annual,True
S-1f2b48d7,A-e20152,2021-05-26,,Enterprise,18,3501,42012,False,False,True,False,monthly,True
S-dee8ab13,A-3f9dfa,2024-07-07,,Pro,161,3538,42456,False,False,False,False,annual,True
S-6085b900,A-d3154c,2023-06-04,2024-05-27,Enterprise,186,2081,24972,False,False,False,True,annual,False
S-db937619,A-d3d2c6,2021-09-18,,Pro,131,1581,18972,False,False,False,False,monthly,True
S-c75ce9f1,A-6f8408,2024-05-11,,Enterprise,8,1289,15468,False,False,False,False,monthly,True
S-01cc16f8,A-7b1bc8,2024-08-06,2025-06-16,Enterprise,72,2012,24144,False,False,False,True,annual,True
S-e5aa9b64,A-b32d86,2024-01-02,,Basic,131,5094,61128,False,False,False,False,annual,True
S-56a27b8a,A-6e3d08,2024-02-22,,Pro,154,281,3372,False,False,False,False,annual,True
S-edc81903,A-c166a2,2023-09-30,,Basic,65,439,5268,False,False,False,False,monthly,True
S-192d846a,A-04b853,2022-04-12,,Pro,83,1491,17892,False,False,False,False,annual,True
S-0ebdfaec,A-1f7327,2022-11-18,,Basic,172,803,9636,False,False,False,False,annual,True
S-39c2338d,A-daa5e3,2024-11-10,,Pro,176,2743,32916,False,False,False,False,monthly,True
S-681c66d5,A-8e171c,2024-04-06,,Enterprise,164,4135,49620,False,False,False,False,monthly,True
S-e5c32f6c,A-275801,2024-08-19,,Pro,63,3936,47232,False,False,False,False,annual,True
S-0b4d7bc4,A-8b3a95,2022-12-01,,Enterprise,97,920,11040,False,False,True,False,monthly,True
S-18c3a34c,A-dccde9,2022-06-06,,Pro,141,1151,13812,False,False,False,False,annual,True
S-674a5885,A-b1f3cb,2021-04-15,,Pro,122,553,6636,False,False,False,False,monthly,True
S-a7b04c22,A-faad0f,2021-04-22,2021-08-01,Pro,28,495,5940,False,False,False,True,monthly,False
S-a7593bb4,A-87d27b,2024-11-07,,Pro,3,4562,54744,False,False,False,False,annual,True
S-ec053cb6,A-bb8a0a,2022-05-08,,Basic,155,2656,31872,False,False,False,False,annual,False
S-f8247851,A-9b151e,2021-11-07,2023-07-28,Pro,99,1483,17796,False,False,False,True,monthly,True
S-f2e62e6e,A-4ef13f,2024-06-11,,Enterprise,125,3158,37896,False,False,False,False,annual,True
S-9a8875b7,A-f3890c,2024-06-02,,Pro,1,2586,31032,False,False,False,False,monthly,True
S-bfb5306c,A-45a1c6,2023-03-03,,Pro,26,3126,37512,False,False,False,False,monthly,True
S-bd07dc8c,A-6f29f7,2023-02-27,,Enterprise,70,2001,24012,False,False,False,False,annual,False
S-ddcb5d93,A-0b1c34,2022-12-03,,Enterprise,130,1611,19332,False,False,False,False,annual,True
S-e5b6a360,A-01c648,2024-12-11,2026-12-10,Enterprise,56,279,3348,False,False,False,True,monthly,True
S-65cd1aaa,A-961a05,2022-04-18,,Enterprise,121,4204,50448,False,False,False,False,annual,True
S-fa5d20e3,A-68948f,2021-05-13,,Enterprise,93,2553,30636,False,False,False,False,monthly,False
S-fe845747,A-27e0e9,2021-07-03,,Pro,59,301,3612,False,False,False,False,annual,True
S-b44ad40e,A-b94147,2022-03-25,,Enterprise,51,508,6096,False,False,False,False,monthly,True
S-f0cefd7b,A-d87876,2021-07-04,,Enterprise,24,76,912,False,False,False,False,monthly,True
S-498fa63d,A-faad0f,2022-06-07,,Basic,48,1046,12552,False,False,False,False,annual,True
S-362c1ed3,A-b67e99,2021-07-08,,Enterprise,168,5429,65148,False,False,False,False,annual,True
S-15761e34,A-b853d2,2022-08-14,,Basic,5,5570,66840,False,True,False,False,monthly,True
S-4e83bda5,A-f7395b,2021-07-27,,Pro,46,638,7656,False,False,False,False,annual,True
S-4bff87de,A-e0e84b,2022-01-02,,Basic,84,3230,38760,False,False,False,False,monthly,True
S-82a5127d,A-7b1bc8,2023-10-31,,Pro,35,1441,17292,False,False,False,False,monthly,True
S-aa7e76c1,A-dee10f,2024-06-01,,Pro,117,697,8364,False,True,False,False,monthly,True
S-e8d864e5,A-d07cf7,2021-03-28,2022-05-18,Pro,1,1347,16164,False,False,False,True,monthly,True
S-8f9478e7,A-7ccb2e,2024-02-02,,Basic,166,191,2292,False,False,False,False,monthly,True
S-06768499,A-795e78,2023-04-10,,Pro,105,3247,38964,False,False,False,False,annual,True
S-c3b9b368,A-6e3d08,2021-05-31,,Basic,106,980,11760,False,False,True,False,annual,True
S-c97f0098,A-fbe044,2021-02-02,,Pro,164,3120,37440,False,False,False,False,annual,True
S-4b4a27f9,A-b00145,2021-10-14,,Pro,59,1567,18804,False,False,False,False,monthly,True
S-bdf2b879,A-7c73b8,2023-01-31,,Pro,34,3276,39312,False,True,False,False,monthly,False
S-08817dcd,A-147497,2021-07-27,,Basic,168,3902,46824,False,True,False,False,annual,False
S-a9cc6a5a,A-59d242,2024-02-04,,Pro,123,2659,31908,True,False,False,False,monthly,True
S-5958e425,A-4ef13f,2021-01-23,,Pro,16,3725,44700,True,False,False,False,annual,True
S-2183f287,A-3204d3,2023-04-07,,Enterprise,118,4251,51012,False,False,False,False,monthly,False
S-40b37f75,A-45687e,2024-04-14,,Basic,132,72,864,True,False,False,False,annual,True
S-72119816,A-ab8f61,2021-05-18,,Pro,97,2785,33420,False,False,False,False,monthly,True
S-7cdda6fb,A-121302,2021-10-22,,Basic,71,2685,32220,False,True,False,False,monthly,False
S-056dc9cb,A-dc726d,2022-02-03,,Enterprise,107,1594,19128,False,False,False,False,monthly,True
S-22820505,A-cfdab5,2022-03-08,2022-06-13,Pro,124,2257,27084,False,False,False,True,monthly,True
S-8c8e1015,A-0143b8,2024-10-09,,Enterprise,172,2425,29100,False,False,False,False,monthly,False
S-0c8146f2,A-448821,2023-08-19,,Enterprise,85,1883,22596,False,False,False,False,monthly,True
S-a791d1ee,A-faad0f,2024-04-22,,Pro,153,4298,51576,False,False,False,False,monthly,True
S-e074cf02,A-040921,2022-07-12,,Pro,104,112,1344,True,False,False,False,annual,True
S-560dbf86,A-66d8db,2021-10-31,,Basic,57,1882,22584,False,False,False,False,monthly,False
S-9f009553,A-e1796c,2024-11-29,,Pro,146,67,804,False,True,False,False,annual,True
S-7895a7fe,A-e2d27a,2024-09-19,2025-09-05,Enterprise,15,4248,50976,False,False,False,True,monthly,True
S-1fe6727d,A-d16ef7,2021-03-04,,Pro,126,939,11268,False,False,False,False,annual,True
S-583ad0ef,A-c8e48c,2022-04-27,,Basic,43,3123,37476,False,False,False,False,annual,False
S-948b55ac,A-ea1711,2021-07-26,2021-09-02,Pro,24,3118,37416,False,False,False,True,annual,True
S-810d5191,A-83f776,2021-04-16,2021-11-13,Pro,35,3540,42480,False,False,False,True,monthly,False
S-a99fc495,A-b8b83c,2024-12-04,,Pro,80,1534,18408,False,True,False,False,annual,False
S-c79104b1,A-e85f12,2024-06-12,2025-01-24,Basic,44,1773,21276,False,False,False,True,monthly,True
S-6b0bcff4,A-f2b464,2022-08-20,,Pro,36,1353,16236,True,False,False,False,annual,True
S-190e8f80,A-671cbf,2024-12-04,,Pro,156,1445,17340,False,False,False,False,monthly,True
S-edb494e6,A-54f16c,2021-11-30,,Enterprise,79,2627,31524,False,False,False,False,monthly,False
S-66c29c3b,A-0562c3,2022-04-27,,Enterprise,80,423,5076,False,False,False,False,annual,True
S-c2d9e462,A-144089,2021-03-17,2022-12-08,Basic,33,2720,32640,False,True,False,True,monthly,True
S-df012bc0,A-d98759,2024-04-01,,Enterprise,112,1281,15372,False,False,False,False,monthly,True
S-618d74fe,A-b95064,2024-04-18,,Pro,9,1027,12324,False,False,False,False,monthly,True
S-0d5ffb36,A-3ac391,2022-06-01,,Pro,128,1700,20400,False,False,False,False,monthly,False
S-67a2b3d2,A-661aa8,2023-07-10,,Enterprise,169,181,2172,False,False,False,False,monthly,True
S-834ab2c9,A-eca077,2021-01-16,,Pro,65,6157,73884,False,False,False,False,monthly,True
S-242009ec,A-fd5d1c,2021-10-15,,Enterprise,52,1587,19044,False,False,False,False,annual,True
S-a2539ea6,A-6487b2,2024-12-27,,Enterprise,96,743,8916,False,True,False,False,monthly,False
S-11f335c4,A-6751ab,2022-02-18,,Basic,130,692,8304,False,False,False,False,annual,True
S-7b495509,A-a2a361,2024-06-07,,Basic,188,4292,51504,False,False,False,False,annual,True
S-6f5c3b2a,A-a81600,2024-01-09,,Pro,105,582,6984,False,False,True,False,monthly,False
S-c3cc4dae,A-c402fb,2023-05-05,,Pro,156,2398,28776,False,False,False,False,monthly,True
S-3b3d2ec3,A-d22b13,2022-06-27,,Pro,172,1708,20496,False,False,False,False,monthly,True
S-6c185d6a,A-21c2da,2021-03-25,,Pro,116,1586,19032,False,True,True,False,annual,True
S-c10a32e3,A-b00145,2022-07-15,,Pro,129,5445,65340,False,False,False,False,annual,True
S-60b1627a,A-671cbf,2024-05-14,,Enterprise,149,520,6240,False,False,False,False,monthly,True
S-1f255284,A-6df3cb,2022-04-26,,Enterprise,140,219,2628,False,True,False,False,monthly,True
S-5f3a18b4,A-891867,2022-05-18,,Enterprise,26,3859,46308,False,False,False,False,monthly,True
S-9ef2a4c8,A-29838a,2024-10-07,,Enterprise,42,2998,35976,False,False,False,False,annual,False
S-4e868802,A-29b014,2024-11-17,,Enterprise,20,3614,43368,False,False,False,False,annual,True
S-ecf2e5c9,A-b4365e,2022-05-06,2023-03-08,Enterprise,87,2861,34332,False,False,False,True,monthly,True
S-568cd252,A-6487b2,2021-09-08,,Pro,72,1808,21696,False,False,True,False,monthly,True
S-9f0530d6,A-d8771a,2022-01-23,,Pro,159,1999,23988,False,False,True,False,monthly,True
S-971a4cef,A-ed6bb8,2021-10-26,,Basic,177,2345,28140,False,False,False,False,monthly,True
S-d3ac14de,A-bbe512,2021-03-03,,Pro,132,323,3876,False,False,False,False,annual,True
S-a29e5115,A-58a963,2023-09-18,,Pro,179,3939,47268,True,False,False,False,annual,True
S-721f9ae9,A-0bf6e3,2023-10-10,,Pro,51,467,5604,False,True,False,False,monthly,True
S-478eaf74,A-59d242,2021-02-05,,Pro,96,2415,28980,False,False,False,False,annual,False
S-3e726c9b,A-5a868a,2023-08-08,2023-12-14,Enterprise,152,85,1020,False,False,False,True,annual,True
S-d3ed8b64,A-f6b94c,2022-11-29,,Pro,9,705,8460,False,False,False,False,monthly,True
S-d3d78fd4,A-40fc24,2023-05-22,,Pro,171,2381,28572,False,True,False,False,monthly,True
S-1f24a3eb,A-3a3477,2021-11-10,,Basic,106,1530,18360,False,False,False,False,monthly,True
S-4e65d7a3,A-36181a,2022-09-07,,Enterprise,183,3455,41460,True,True,False,False,annual,True
S-9033196d,A-3bb1ee,2021-07-25,,Pro,68,2241,26892,False,False,False,False,monthly,True
S-280b00c5,A-a63269,2024-04-07,,Basic,141,2167,26004,False,False,True,False,monthly,True
S-42dc8c07,A-00d9f1,2024-03-28,,Pro,77,3438,41256,False,False,False,False,monthly,True
S-ae6b2470,A-396e8b,2021-03-25,,Enterprise,69,2572,30864,False,True,True,False,annual,False
S-22ef9a13,A-2bf8bb,2021-01-09,,Enterprise,11,1448,17376,False,False,False,False,monthly,True
S-7dc6f7d4,A-205093,2024-04-25,,Basic,44,3072,36864,False,False,False,False,annual,True
S-0ba9243b,A-29838a,2021-02-04,,Basic,182,1168,14016,False,False,False,False,monthly,True
S-3a052c6f,A-f4c25c,2022-05-04,,Pro,148,4188,50256,False,False,False,False,annual,True
S-e0fe32ab,A-3204d3,2021-05-02,,Pro,171,2072,24864,False,False,False,False,annual,True
S-6d4e2e32,A-cc4e00,2024-04-24,,Pro,32,743,8916,False,False,False,False,annual,True
S-c8561174,A-4e2188,2021-08-23,,Pro,65,1326,15912,False,False,False,False,monthly,True
S-8c5cd696,A-12a8c7,2024-10-06,,Pro,12,1684,20208,False,False,False,False,monthly,True
S-c8caa8c3,A-3d5546,2021-08-19,,Enterprise,54,734,8808,False,False,True,False,annual,True
S-49d64bb5,A-63c268,2022-02-27,,Enterprise,95,3568,42816,False,False,False,False,monthly,True
S-e6e8480c,A-4aaf62,2023-06-28,,Basic,163,4074,48888,False,False,False,False,annual,True
S-aab65f27,A-85a76f,2024-09-18,,Enterprise,65,563,6756,True,False,True,False,annual,False
S-ed7f3cf6,A-795e78,2021-05-03,,Basic,75,2100,25200,False,True,False,False,monthly,True
S-5a759789,A-2ca16b,2021-12-29,,Pro,17,5147,61764,False,False,False,False,monthly,True
S-feec677c,A-3f9dfa,2024-11-10,,Pro,123,2272,27264,False,False,False,False,monthly,True
S-908d0c3b,A-559b49,2021-10-01,2022-06-28,Pro,142,914,10968,False,False,False,True,monthly,True
S-6e15f36a,A-f11b19,2023-12-06,,Enterprise,70,597,7164,False,False,False,False,annual,True
S-2dbe286a,A-ba7802,2021-05-09,,Enterprise,65,3002,36024,False,False,False,False,monthly,True
S-3cb03307,A-057df9,2024-06-10,,Enterprise,136,1114,13368,False,False,False,False,monthly,True
S-e0ad5c78,A-f1d958,2021-02-10,,Basic,88,1153,13836,True,True,False,False,annual,True
S-d3be81f8,A-e23d29,2023-05-21,,Basic,70,124,1488,False,False,False,False,annual,False
S-8be48cf6,A-51e832,2024-03-03,,Basic,63,3674,44088,False,False,False,False,annual,True
S-5d9cba15,A-188cb6,2023-12-27,,Enterprise,111,3154,37848,False,True,True,False,monthly,True
S-3815890c,A-49535d,2021-10-08,,Pro,137,2815,33780,False,True,False,False,annual,False
S-a4f62a45,A-579d6a,2023-06-23,,Basic,189,1093,13116,False,False,True,False,monthly,True
S-3b8c0186,A-448821,2024-04-18,,Enterprise,116,4579,54948,False,True,False,False,monthly,True
S-5c292f75,A-816156,2021-07-11,,Enterprise,154,1859,22308,False,False,False,False,annual,True
S-580f238a,A-29838a,2024-11-12,,Enterprise,2,3508,42096,False,False,False,False,annual,True
S-4d8fa31a,A-8a8f8a,2022-11-09,,Enterprise,150,4626,55512,False,False,True,False,annual,True
S-678af061,A-32812a,2023-01-01,,Enterprise,25,988,11856,False,False,False,False,monthly,True
S-75fa7b70,A-7e8d26,2021-11-18,,Pro,188,1626,19512,False,False,False,False,monthly,True
S-0fe5cd5a,A-cddcac,2021-05-06,,Enterprise,186,2147,25764,False,False,False,False,annual,False
S-7a11cd7e,A-e6ef8b,2022-09-06,,Basic,40,2956,35472,False,False,False,False,annual,True
S-31ad666b,A-b8b83c,2021-12-17,,Enterprise,108,675,8100,False,False,False,False,annual,True
S-b3c45768,A-2cf08b,2021-08-11,,Pro,43,1436,17232,False,False,False,False,annual,True
S-ee7caa44,A-9f9cca,2024-04-26,,Pro,116,6504,78048,False,False,False,False,monthly,True
S-bc175253,A-c8e48c,2023-07-09,,Enterprise,114,582,6984,False,False,False,False,monthly,True
S-5be62f33,A-186adc,2021-02-11,,Pro,24,1125,13500,False,True,False,False,annual,False
S-7b47474d,A-64ddde,2022-04-16,,Basic,29,4971,59652,False,False,False,False,annual,True
S-07dbe12a,A-b0fdf8,2021-10-04,2022-05-06,Pro,62,731,8772,False,False,False,True,monthly,False
S-dfe279d3,A-f5777d,2022-05-10,,Pro,87,1682,20184,False,True,False,False,annual,True
S-04d04477,A-e23d29,2022-01-01,2023-06-17,Pro,57,2718,32616,False,True,False,True,monthly,True
S-fd75b433,A-00d9f1,2023-05-15,,Enterprise,21,1013,12156,False,False,False,False,monthly,True
S-a42edacc,A-dfaa0d,2022-11-23,2023-01-03,Basic,7,2583,30996,False,False,True,True,monthly,True
S-f14798fd,A-f5777d,2024-07-28,,Pro,177,1055,12660,False,False,True,False,monthly,True
S-a7843307,A-4cf7f7,2024-01-09,,Pro,155,4378,52536,True,True,False,False,annual,True
S-d6437704,A-bc1b91,2021-08-24,,Enterprise,166,2894,34728,False,False,False,False,annual,True
S-4d603786,A-27cc2c,2021-10-30,,Pro,134,182,2184,False,True,False,False,annual,True
S-cdc7e785,A-2e3f29,2023-10-24,,Enterprise,81,1054,12648,False,True,False,False,annual,True
S-0f5c3bcf,A-68948f,2024-05-12,2026-04-19,Basic,163,1904,22848,False,False,False,True,monthly,True
S-53c20c40,A-02fad5,2023-04-10,,Enterprise,61,3348,40176,False,False,False,False,monthly,False
S-2435a240,A-27341c,2023-01-27,,Basic,148,229,2748,False,True,False,False,monthly,True
S-cbac9b45,A-fd34f6,2021-04-19,,Basic,106,4489,53868,False,False,False,False,monthly,True
S-94788f93,A-5c19da,2021-02-04,,Pro,135,2796,33552,False,True,False,False,annual,True
S-9444a820,A-9175e6,2021-09-08,,Enterprise,136,2381,28572,False,False,False,False,monthly,True
S-237deb4d,A-309d6a,2024-07-05,,Enterprise,122,4513,54156,False,False,False,False,annual,True
S-9f24d042,A-c166a2,2022-01-20,,Enterprise,103,1390,16680,False,True,True,False,monthly,True
S-2253878c,A-fb30f4,2024-06-21,,Basic,172,1671,20052,False,False,False,False,monthly,True
S-7f67f083,A-3f7dbc,2023-05-10,,Basic,95,161,1932,False,False,False,False,monthly,True
S-da42465e,A-9c8b42,2022-05-31,2022-08-10,Enterprise,100,2653,31836,False,False,False,True,monthly,True
S-1fa8f12c,A-9d9ed2,2021-03-28,,Basic,59,655,7860,False,False,False,False,annual,True
S-b8861bd1,A-4c64d5,2022-01-28,,Pro,121,2331,27972,False,False,False,False,monthly,True
S-f41057fa,A-2ca16b,2024-03-25,,Enterprise,130,1793,21516,False,True,False,False,annual,True
S-230be030,A-dabc1b,2022-05-10,,Enterprise,85,871,10452,False,True,False,False,monthly,True
S-1495220a,A-7af86f,2024-10-11,,Pro,75,1993,23916,False,True,False,False,annual,True
S-e660021d,A-46f183,2022-03-19,,Pro,135,2159,25908,False,False,False,False,monthly,True
S-8dd80335,A-9b151e,2022-03-31,,Pro,27,321,3852,True,False,False,False,monthly,True
S-8154110b,A-0268ce,2021-09-11,,Basic,24,1060,12720,False,True,False,False,annual,True
S-b272ced6,A-adedd2,2022-10-24,,Basic,105,1257,15084,False,False,False,False,annual,False
S-53c2c91a,A-0c36d9,2024-06-07,,Enterprise,25,2596,31152,False,False,False,False,annual,True
S-857bfccd,A-a98afd,2023-12-11,,Basic,48,2096,25152,False,True,False,False,annual,True
S-2dc5d2ec,A-b543ff,2022-11-17,,Enterprise,135,2717,32604,False,False,False,False,annual,True
S-f92faa83,A-29838a,2024-12-10,,Pro,73,2609,31308,False,False,False,False,annual,False
S-dea77277,A-c8e48c,2021-01-07,,Basic,89,1236,14832,False,True,False,False,monthly,True
S-247eec05,A-a1f6aa,2021-09-10,,Enterprise,148,375,4500,False,False,False,False,annual,True
S-a3946e2e,A-7aee9c,2023-09-05,,Enterprise,50,2972,35664,False,False,False,False,monthly,True
S-ea8e1713,A-df55b3,2023-11-02,,Enterprise,116,2162,25944,False,False,True,False,monthly,True
S-5f093deb,A-626bb3,2021-03-16,,Pro,138,2937,35244,False,False,False,False,annual,True
S-45959403,A-e99e90,2022-11-23,,Basic,102,826,9912,False,False,False,False,monthly,True
S-ed5b6995,A-a81600,2021-07-16,,Basic,11,4162,49944,False,False,True,False,monthly,False
S-678111fa,A-99995c,2023-01-10,,Pro,156,4268,51216,True,False,True,False,annual,True
S-59616bce,A-40abca,2023-07-23,2024-03-26,Basic,66,2904,34848,False,False,False,True,monthly,True
S-3eaa77fa,A-b1f3cb,2022-01-11,,Pro,125,2657,31884,False,False,False,False,annual,True
S-5146a535,A-3cccbc,2021-10-20,,Pro,11,5379,64548,False,False,False,False,monthly,True
S-82b2e0d9,A-95248b,2023-07-06,,Basic,77,1657,19884,False,False,False,False,annual,True
S-d735cec2,A-275801,2023-12-19,,Basic,158,3258,39096,False,True,False,False,monthly,True
S-b4008f5f,A-cf45d3,2024-11-22,2025-02-08,Basic,95,2375,28500,False,False,True,True,monthly,True
S-aca1fa90,A-ba0f8c,2024-03-21,,Basic,150,7872,94464,False,False,False,False,annual,True
S-935a746f,A-273a83,2024-07-05,,Pro,147,2583,30996,False,False,False,False,monthly,False
S-1694e04a,A-377924,2024-08-07,,Pro,117,352,4224,True,False,False,False,annual,True
S-44f45a4c,A-e1a8ea,2024-04-01,,Enterprise,146,283,3396,False,False,False,False,annual,True
S-eedf37c7,A-5c19da,2023-10-22,,Enterprise,50,891,10692,False,False,False,False,monthly,False
S-d9ef00f5,A-7231b2,2022-04-02,,Pro,111,650,7800,False,False,False,False,monthly,True
S-a9a6becc,A-cddcac,2024-12-03,2026-07-27,Pro,118,212,2544,False,False,True,True,annual,True
S-78be99ac,A-18470a,2022-03-19,,Enterprise,186,2306,27672,False,False,False,False,monthly,True
S-637983cb,A-176774,2023-01-11,,Enterprise,144,3752,45024,False,False,False,False,monthly,False
S-3acaf8b5,A-48a544,2022-12-07,,Pro,170,701,8412,False,True,False,False,annual,True
S-91e6ab93,A-bc727c,2022-12-01,2023-05-30,Basic,174,539,6468,False,False,True,True,annual,True
S-cee0d083,A-7aee9c,2024-03-19,,Enterprise,162,3697,44364,True,False,True,False,monthly,True
S-784556c8,A-4f498a,2023-05-23,2023-11-18,Enterprise,147,2337,28044,False,False,False,True,annual,False
S-1fa37144,A-08a972,2022-07-01,,Pro,62,1248,14976,False,False,False,False,monthly,True
S-61dd962d,A-449185,2021-03-25,,Pro,58,2534,30408,True,False,False,False,monthly,True
S-99ff47ea,A-5a868a,2023-03-09,2023-06-03,Basic,100,1063,12756,False,True,False,True,annual,False
S-eaa8451d,A-fc24f9,2022-11-17,,Enterprise,17,2181,26172,False,True,False,False,monthly,True
S-1a788830,A-4aaf62,2024-07-13,,Pro,189,1633,19596,False,False,False,False,annual,False
S-1ccb8385,A-0d5e78,2023-12-05,,Enterprise,161,307,3684,False,False,False,False,annual,True
S-edb988c3,A-c0260e,2021-02-04,,Enterprise,114,1035,12420,False,False,True,False,annual,False
S-d01af52f,A-3f7dbc,2021-10-14,,Basic,153,2150,25800,False,True,False,False,annual,True
S-78b9af96,A-f4fe1f,2023-10-05,,Pro,122,152,1824,False,False,False,False,annual,True
S-44722dd7,A-299f66,2024-05-17,2025-03-12,Basic,137,6184,74208,False,False,False,True,monthly,True
S-f7bc196d,A-bc60c8,2021-07-02,,Pro,81,2601,31212,False,False,False,False,annual,False
S-0d411fcd,A-a98afd,2023-04-02,,Pro,53,1297,15564,False,False,False,False,annual,True
S-1a4db29c,A-23c1ea,2024-05-19,,Pro,29,1797,21564,False,False,False,False,monthly,False
S-dbcd9380,A-68948f,2022-10-13,,Basic,97,348,4176,False,False,True,False,annual,True
S-879ba14c,A-0268ce,2022-08-31,,Basic,13,2062,24744,False,True,False,False,annual,True
S-b994473c,A-bc0a07,2023-03-22,,Pro,71,5199,62388,False,True,False,False,annual,True
S-e9691345,A-64ddde,2021-07-28,,Basic,28,2886,34632,False,False,False,False,annual,True
S-f3497ad1,A-fd7c5d,2023-11-18,,Pro,164,2117,25404,True,False,False,False,monthly,True
S-1218c2e1,A-dc726d,2022-01-09,,Pro,67,2278,27336,False,False,False,False,annual,True
S-04345826,A-e21fc9,2023-10-04,,Basic,110,1252,15024,False,False,False,False,annual,True
S-e113d51f,A-6df3cb,2021-08-24,,Pro,140,218,2616,False,False,True,False,monthly,True
S-936f8467,A-f60e4b,2023-07-10,,Basic,140,5126,61512,False,False,False,False,annual,False
S-2d09e615,A-77d382,2023-07-18,,Basic,104,2453,29436,False,False,False,False,monthly,True
S-e26dad58,A-522b54,2021-10-28,,Pro,139,5046,60552,False,False,False,False,monthly,True
S-a90b54fe,A-d87876,2022-12-17,,Enterprise,23,2296,27552,False,False,False,False,monthly,True
S-affec0f6,A-0edc7e,2022-11-18,,Pro,104,1198,14376,False,False,False,False,annual,True
S-48a2f36c,A-0c8a26,2021-12-23,2023-08-29,Pro,84,2275,27300,False,False,False,True,monthly,False
S-1a1c4fb3,A-bc0a07,2024-02-16,,Basic,160,2201,26412,False,False,False,False,monthly,True
S-3e811dfe,A-8b5194,2021-11-21,,Pro,10,590,7080,False,False,False,False,annual,True
S-a04b503e,A-9201a1,2022-04-16,,Enterprise,184,2717,32604,False,False,False,False,annual,True
S-d595ca25,A-c0f13b,2024-05-25,,Basic,157,716,8592,False,False,False,False,annual,True
S-4e6a8d0f,A-76eede,2023-07-15,,Basic,10,2606,31272,False,False,False,False,monthly,True
S-4616ce11,A-0c36d9,2024-01-20,,Basic,123,1781,21372,False,False,False,False,monthly,True
S-f3195004,A-6487b2,2024-06-14,,Basic,17,1469,17628,False,False,False,False,annual,True
S-315283e3,A-08a972,2023-10-06,,Basic,160,2495,29940,False,False,False,False,annual,False
S-d9e24926,A-e6e3cd,2021-09-23,,Basic,10,139,1668,False,False,False,False,annual,True
S-a0a0206b,A-8efb70,2024-08-10,,Enterprise,61,1025,12300,False,False,False,False,annual,True
S-56edc9d4,A-67e8d1,2023-01-09,,Basic,176,238,2856,False,True,False,False,monthly,True
S-230496f6,A-58a963,2024-01-15,,Basic,88,3848,46176,False,False,False,False,annual,True
S-a77966c1,A-819eaf,2023-08-02,,Pro,157,2557,30684,False,False,False,False,monthly,True
S-0b66a209,A-0562c3,2023-12-27,,Basic,69,3584,43008,False,False,False,False,monthly,False
S-12b75c4a,A-50e35d,2024-01-24,,Basic,104,5730,68760,False,True,False,False,annual,True
S-4dfcd88f,A-e08e7c,2023-12-28,,Enterprise,124,62,744,False,False,False,False,annual,False
S-f2991df6,A-579d6a,2021-12-18,,Enterprise,88,1071,12852,False,False,False,False,monthly,True
S-046aa0ea,A-2810a5,2023-10-31,,Basic,101,74,888,False,True,False,False,annual,True
S-5f1fe78e,A-6cb2ce,2023-03-03,,Basic,125,1701,20412,False,False,False,False,annual,True
S-69928b90,A-51ca60,2022-09-20,,Enterprise,173,1884,22608,False,False,True,False,monthly,False
S-72baef30,A-adf3b0,2023-09-13,,Pro,181,2611,31332,False,False,False,False,annual,True
S-473ba30e,A-af8daf,2023-01-16,,Pro,23,3031,36372,False,False,False,False,monthly,True
S-a2f0dd6e,A-999860,2021-08-08,,Enterprise,108,3156,37872,False,False,False,False,annual,True
S-e33f0671,A-9e2b64,2023-05-23,,Basic,12,4218,50616,True,False,False,False,monthly,True
S-08352a4b,A-0249c4,2024-08-10,,Enterprise,10,1355,16260,False,True,False,False,annual,True
S-df2243e2,A-795e78,2021-09-07,,Enterprise,122,5016,60192,False,False,False,False,annual,True
S-ee80639c,A-e3bd6e,2021-01-14,,Enterprise,143,4381,52572,False,False,False,False,annual,True
S-ee34e543,A-d8771a,2022-11-09,,Basic,110,4529,54348,False,False,False,False,annual,True
S-ca52e1ca,A-a4bc9c,2023-05-01,,Basic,43,151,1812,False,False,False,False,monthly,False
S-53a839e4,A-9c8b42,2024-10-02,,Pro,87,2603,31236,False,False,False,False,annual,False
S-16ddc62d,A-ce9869,2024-12-30,,Pro,158,1496,17952,False,False,False,False,annual,True
S-ea254c7e,A-78d2ec,2022-11-12,2022-12-18,Pro,11,4065,48780,True,False,False,True,annual,True
S-0f140940,A-0263d2,2024-08-18,,Basic,30,3186,38232,False,False,True,False,annual,True
S-3fdd6568,A-ed6bb8,2022-11-28,,Enterprise,53,2583,30996,False,False,False,False,annual,True
S-d7f00598,A-121302,2022-08-05,,Enterprise,99,3303,39636,False,False,False,False,monthly,True
S-d3843745,A-579d6a,2024-11-14,,Enterprise,109,232,2784,False,False,False,False,annual,False
S-1d3510bc,A-0562c3,2024-08-10,,Pro,132,1981,23772,False,False,False,False,monthly,True
S-996b94ff,A-9b151e,2021-05-23,,Pro,45,1051,12612,False,False,False,False,monthly,True
S-93e6a737,A-fb30f4,2021-05-09,,Pro,2,898,10776,False,False,True,False,monthly,True
S-6dc7a3e9,A-bb6306,2021-07-04,,Enterprise,68,294,3528,False,False,False,False,monthly,True
S-b41ab022,A-0249c4,2023-12-27,,Pro,171,142,1704,False,False,False,False,monthly,True
S-5375b2a7,A-4f71e8,2022-10-20,,Pro,93,2385,28620,False,False,False,False,monthly,True
S-a3ff72cc,A-001d08,2024-03-15,,Basic,172,859,10308,False,False,False,False,monthly,True
S-1d6e79f6,A-ca5e0e,2021-07-29,,Enterprise,47,4223,50676,False,False,False,False,annual,True
S-e362282f,A-cfdab5,2023-07-26,,Basic,56,3010,36120,False,False,False,False,monthly,False
S-93b551cd,A-7b3b51,2021-03-01,,Enterprise,40,5001,60012,False,False,False,False,monthly,True
S-e5aff521,A-176774,2021-12-17,,Pro,150,1652,19824,True,False,False,False,monthly,True
S-69948d9b,A-bd844f,2021-12-08,,Basic,180,1207,14484,False,False,False,False,monthly,True
S-77c15266,A-79589c,2022-10-18,,Basic,186,1331,15972,False,False,False,False,monthly,True
S-336dce98,A-18470a,2023-03-17,,Enterprise,6,3749,44988,False,False,False,False,annual,False
S-878d10e5,A-127d60,2023-10-18,,Basic,155,1822,21864,False,False,False,False,monthly,True
S-a7863da4,A-fd7c5d,2021-12-24,,Pro,15,878,10536,False,False,False,False,annual,True
S-7ff3fac4,A-c812ae,2023-10-17,,Basic,84,2629,31548,False,False,False,False,annual,True
S-f5825b42,A-f6b94c,2021-09-25,,Pro,173,4753,57036,False,True,False,False,monthly,True
S-cfed81ec,A-0edc7e,2021-04-22,,Basic,142,3730,44760,False,False,False,False,annual,True
S-70ffcdeb,A-388d16,2023-10-29,,Pro,113,5306,63672,False,False,False,False,monthly,True
S-43a4f7f1,A-64ddde,2023-02-02,,Basic,101,1173,14076,False,False,False,False,monthly,True
S-8291f287,A-faad0f,2021-03-24,,Pro,78,3033,36396,False,False,True,False,annual,True
S-15367bca,A-09489d,2024-03-21,,Pro,42,390,4680,False,False,False,False,monthly,False
S-f11cc647,A-0263d2,2021-07-11,2022-01-09,Basic,148,2411,28932,False,False,False,True,monthly,True
S-39310a76,A-8a2dcf,2024-09-21,2025-08-27,Basic,189,2458,29496,False,True,False,True,annual,False
S-c5b10dde,A-b32d86,2024-03-26,,Basic,22,3376,40512,False,False,True,False,monthly,False
S-9b7cb71b,A-5a868a,2021-10-25,,Basic,54,45,540,False,False,False,False,annual,False
S-decda807,A-2c850e,2023-04-20,,Enterprise,36,169,2028,True,False,False,False,monthly,True
S-e66f83c8,A-2e3f29,2021-08-19,,Basic,31,5152,61824,False,True,False,False,annual,True
S-3958e7e6,A-741acd,2023-12-20,,Enterprise,64,4429,53148,False,False,False,False,monthly,True
S-fbe2e8f5,A-8ae5b4,2024-03-17,,Pro,170,1101,13212,False,False,False,False,annual,True
S-bffc2753,A-6f29f7,2023-12-03,,Enterprise,73,2840,34080,False,True,True,False,monthly,True
S-a8600f07,A-e0e84b,2023-03-20,,Basic,148,3035,36420,False,False,False,False,monthly,True
S-00c4603f,A-dc726d,2021-09-21,2023-06-18,Basic,180,3261,39132,False,False,False,True,monthly,True
S-d2a9bc30,A-a481e9,2021-05-16,,Pro,55,1992,23904,False,False,False,False,annual,True
S-a15582ee,A-b00145,2024-04-09,,Pro,25,1910,22920,False,False,False,False,monthly,True
S-ef321456,A-45687e,2023-01-06,,Basic,34,273,3276,False,True,False,False,monthly,False
S-a821e016,A-a481e9,2021-11-16,2023-04-23,Basic,14,1560,18720,False,False,False,True,annual,True
S-c929d0b9,A-2b89d4,2023-10-11,,Pro,185,3255,39060,False,True,False,False,monthly,True
S-b1808160,A-b0fdf8,2023-04-25,,Pro,73,4164,49968,False,False,False,False,annual,True
S-3d505c76,A-579d6a,2021-11-21,,Basic,180,967,11604,False,False,False,False,monthly,True
S-ce3fadb3,A-04b853,2024-06-15,,Basic,104,364,4368,False,False,False,False,annual,True
S-4e009d70,A-2b89d4,2023-05-17,,Enterprise,152,1764,21168,False,False,False,False,monthly,True
S-62785871,A-7cb77a,2021-12-20,,Enterprise,123,2615,31380,False,True,False,False,monthly,True
S-5f6be75b,A-410148,2021-01-06,,Enterprise,132,900,10800,False,False,False,False,monthly,True
S-90f91f63,A-0bcb7a,2023-04-25,,Pro,116,957,11484,False,False,True,False,monthly,True
S-5bf5a225,A-d3154c,2023-11-24,2024-01-06,Basic,94,1274,15288,False,True,True,True,annual,True
S-c150da65,A-7c73b8,2022-12-03,,Pro,22,1652,19824,False,True,False,False,monthly,True
S-a39b846f,A-3ac391,2023-08-05,,Enterprise,74,338,4056,False,False,False,False,monthly,True
S-1628e1f0,A-d3803e,2023-04-01,,Enterprise,51,6122,73464,True,False,False,False,annual,True
S-162f1196,A-b543ff,2023-12-18,,Enterprise,65,651,7812,False,False,False,False,annual,True
S-8e675110,A-125cb3,2024-10-06,,Pro,52,2920,35040,False,True,False,False,annual,False
S-a289df80,A-08a972,2022-06-05,,Basic,21,3483,41796,False,True,False,False,monthly,True
S-bf6e4999,A-2b8e44,2023-08-31,2023-11-27,Enterprise,104,767,9204,False,True,False,True,annual,True
S-6b983c71,A-f60e4b,2021-02-21,,Basic,125,2162,25944,False,True,False,False,annual,True
S-983aac53,A-b853d2,2024-09-03,,Basic,140,1443,17316,False,False,False,False,monthly,True
S-c7ec8cf4,A-f89626,2024-12-04,,Basic,81,1030,12360,False,False,True,False,monthly,True
S-427f391b,A-993774,2021-03-28,,Pro,129,953,11436,True,False,False,False,monthly,True
S-699428a3,A-babd7f,2023-10-15,,Enterprise,164,58,696,False,True,False,False,annual,True
S-57024332,A-37b909,2021-09-04,,Enterprise,155,3505,42060,False,False,False,False,monthly,True
S-1031473b,A-1bf244,2021-07-23,,Pro,123,2424,29088,False,False,False,False,monthly,True
S-ed41782d,A-6751ab,2023-06-14,,Enterprise,177,2419,29028,False,False,False,False,monthly,True
S-428a4676,A-17fe97,2021-08-22,,Enterprise,68,1708,20496,False,False,False,False,annual,True
S-3a49923c,A-60fec0,2021-02-23,,Basic,132,2102,25224,False,False,False,False,annual,True
S-8cff37e2,A-85a324,2023-04-22,2023-10-31,Basic,170,595,7140,False,True,False,True,monthly,False
S-f2f3cb51,A-c0e2d5,2021-06-21,,Enterprise,180,236,2832,False,False,False,False,annual,False
S-4ecc8948,A-d3763d,2024-04-12,,Pro,114,2530,30360,False,False,False,False,monthly,True
S-732e86df,A-54f16c,2022-08-17,,Enterprise,8,2698,32376,False,False,False,False,monthly,False
S-353a2226,A-b4365e,2022-06-17,,Pro,92,3957,47484,False,False,False,False,annual,False
S-00e66aca,A-741acd,2023-11-05,,Basic,3,4314,51768,False,True,True,False,monthly,True
S-57b4dacf,A-e09af2,2023-05-08,,Enterprise,47,1212,14544,False,False,True,False,monthly,True
S-14c1c499,A-3e6efe,2021-07-07,,Basic,22,2133,25596,False,False,False,False,annual,False
S-c5317b88,A-9d4ff6,2022-07-08,,Basic,130,470,5640,False,False,False,False,annual,False
S-c050d3bb,A-2bf8bb,2024-10-04,,Basic,171,890,10680,False,False,False,False,annual,True
S-fadad0d2,A-661aa8,2021-08-30,,Pro,29,2800,33600,False,True,False,False,annual,True
S-2750e803,A-299f66,2021-12-29,,Pro,177,1078,12936,False,False,False,False,monthly,True
S-08015a78,A-94b0ff,2023-08-01,,Basic,102,3669,44028,False,False,False,False,annual,False
S-3f9b89d8,A-8e16f1,2024-12-08,,Pro,157,44,528,False,False,False,False,annual,False
S-f9c1b2e4,A-ed72be,2023-05-30,2024-10-04,Pro,3,970,11640,False,False,False,True,monthly,True
S-ebb62aa7,A-5d149a,2022-12-30,,Pro,162,1924,23088,False,False,False,False,monthly,True
S-292e238d,A-5ba322,2024-03-21,,Enterprise,137,2253,27036,False,False,True,False,monthly,True
S-ef6e5533,A-4fc1cc,2022-06-14,,Pro,135,607,7284,False,False,False,False,monthly,True
S-648f3cfa,A-bda37c,2021-05-10,2021-08-23,Enterprise,186,2750,33000,False,False,False,True,annual,True
S-4d7ba631,A-a2e460,2021-12-01,,Pro,53,5302,63624,False,True,False,False,monthly,True
S-736f2956,A-ba0f8c,2021-01-01,,Pro,83,2534,30408,False,True,False,False,annual,False
S-308b95a0,A-10fde3,2021-02-14,,Enterprise,72,1935,23220,False,False,False,False,monthly,True
S-e401e26c,A-3cccbc,2023-05-29,,Pro,71,3156,37872,True,False,False,False,annual,True
S-be4eb1da,A-a481e9,2023-09-19,,Pro,17,2232,26784,False,True,False,False,annual,True
S-ff5512db,A-29838a,2024-01-25,,Basic,1,2313,27756,False,False,False,False,annual,True
S-86c95e68,A-49535d,2021-06-13,,Basic,133,696,8352,False,True,False,False,monthly,True
S-ccc182a1,A-00d9f1,2022-01-14,,Enterprise,109,1055,12660,False,False,False,False,annual,True
S-134b8abf,A-bb8a0a,2024-04-06,,Enterprise,141,1117,13404,False,False,False,False,monthly,True
S-0cdd52b0,A-e23d29,2021-07-04,,Pro,169,2249,26988,True,True,False,False,monthly,True
S-2bd927b5,A-10fde3,2022-01-05,2023-06-08,Basic,64,635,7620,False,False,False,True,annual,True
S-c8e84843,A-188cb6,2021-05-25,,Pro,153,567,6804,False,False,False,False,monthly,True
S-39ca937f,A-d3763d,2022-10-06,,Pro,182,3359,40308,False,True,False,False,annual,True
S-09132137,A-b95064,2024-05-12,2025-10-21,Pro,167,2402,28824,False,False,False,True,monthly,False
S-ef2716a1,A-26efad,2022-05-28,,Enterprise,97,2019,24228,False,False,False,False,annual,False
S-1c3a9290,A-9dfcee,2024-02-15,,Pro,112,319,3828,False,True,False,False,annual,True
S-6e8fdb96,A-79589c,2023-05-18,,Enterprise,114,2773,33276,False,False,False,False,monthly,True
S-b577f44a,A-cf45d3,2022-09-24,,Enterprise,156,3147,37764,True,True,False,False,monthly,True
S-9dc9f092,A-27341c,2023-04-09,,Basic,34,1741,20892,False,True,False,False,monthly,True
S-06d98fd1,A-f56c83,2021-04-21,,Enterprise,59,353,4236,False,True,False,False,monthly,True
S-b8eff668,A-4fc1cc,2022-01-18,,Pro,76,187,2244,False,False,False,False,annual,False
S-a240ce7f,A-6f29f7,2023-09-07,,Enterprise,81,201,2412,False,False,False,False,monthly,True
S-a28b67be,A-abbbd0,2024-12-23,,Enterprise,96,2297,27564,False,False,False,False,monthly,True
S-d34ee465,A-04b853,2023-11-25,,Basic,138,2199,26388,True,False,False,False,annual,True
S-c2790abd,A-d766b2,2024-12-27,,Basic,33,1991,23892,False,True,False,False,annual,False
S-fd2a4ab1,A-7b8bff,2023-01-04,,Enterprise,70,2066,24792,False,False,False,False,annual,True
S-20534d65,A-1f7327,2021-12-03,,Basic,20,1709,20508,False,True,False,False,monthly,True
S-852d209a,A-188cb6,2022-05-30,,Pro,111,2125,25500,False,False,False,False,monthly,True
S-01fc0be6,A-b46328,2021-04-09,,Pro,163,50,600,False,False,False,False,monthly,True
S-47fe4999,A-8a8f8a,2021-09-19,,Pro,84,808,9696,False,False,False,False,monthly,False
S-77c1a237,A-ba0f8c,2021-04-07,2022-07-20,Enterprise,79,938,11256,False,False,False,True,annual,True
S-f1d92f0e,A-dc726d,2022-02-08,,Pro,40,2875,34500,False,False,False,False,annual,True
S-5c6daf19,A-a2e816,2023-10-04,,Pro,188,2458,29496,False,True,False,False,monthly,True
S-de7e2acc,A-a54ab8,2022-02-27,,Enterprise,43,1304,15648,False,True,False,False,annual,True
S-61648f71,A-2b45e5,2023-02-17,,Pro,19,4482,53784,False,False,True,False,monthly,True
S-04198f5b,A-2e3f29,2021-05-18,,Basic,66,971,11652,False,False,True,False,monthly,True
S-bb8867ac,A-00d9f1,2022-04-16,,Enterprise,129,2883,34596,False,False,False,False,annual,True
S-c7b7364e,A-168fe2,2022-04-16,,Basic,180,5545,66540,False,False,False,False,annual,True
S-c2eba3c7,A-bc1b91,2023-03-23,,Basic,74,2263,27156,False,True,False,False,annual,False
S-75465291,A-3dc038,2022-07-26,,Enterprise,68,5891,70692,False,False,False,False,annual,True
S-34df355d,A-aad5c7,2023-01-11,,Pro,155,242,2904,False,False,False,False,monthly,True
S-b60e59dc,A-3e6efe,2024-08-07,,Enterprise,83,2114,25368,False,False,False,False,monthly,True
S-74aa537d,A-ba0f8c,2023-10-26,,Basic,138,1229,14748,False,False,False,False,monthly,True
S-c8a760b5,A-6f29f7,2024-04-15,,Basic,177,2618,31416,False,False,False,False,monthly,True
S-c0faf10f,A-9b417b,2024-12-10,,Pro,27,1690,20280,False,False,False,False,annual,True
S-0c61287a,A-daa5e1,2021-03-16,,Enterprise,98,5413,64956,False,True,False,False,monthly,True
S-e272c330,A-0268ce,2024-02-15,,Basic,116,2030,24360,False,False,False,False,annual,True
S-18e03564,A-a721c1,2021-08-19,,Enterprise,41,859,10308,False,False,False,False,monthly,True
S-fb91fcac,A-17fe97,2023-11-21,,Pro,148,214,2568,False,False,False,False,annual,True
S-ab707dd1,A-c166a2,2021-08-28,2022-05-20,Pro,178,2052,24624,False,False,False,True,monthly,True
S-3a2d4239,A-9c8b42,2021-03-03,,Pro,153,2104,25248,False,False,False,False,annual,True
S-f4239f83,A-643967,2023-03-03,,Basic,96,1173,14076,False,True,True,False,annual,True
S-91b4f734,A-a3efac,2024-02-07,,Enterprise,167,1018,12216,False,False,False,False,monthly,True
S-3df7a9ab,A-ca5e0e,2023-09-16,,Pro,165,2632,31584,False,False,False,False,monthly,False
S-ea73f82a,A-e85f12,2022-10-10,,Basic,26,1003,12036,True,True,False,False,annual,True
S-d6c9d03f,A-faad0f,2023-04-08,,Enterprise,85,5318,63816,False,False,False,False,annual,True
S-70c38795,A-7e8d26,2021-02-10,,Enterprise,112,2073,24876,False,False,False,False,monthly,True
S-ce25a952,A-8a2dcf,2021-06-01,2023-04-24,Pro,23,644,7728,False,False,False,True,annual,False
S-77853cb5,A-9e5b2d,2022-08-01,2023-12-01,Pro,83,3079,36948,False,False,False,True,monthly,True
S-aeebd1af,A-321421,2024-06-20,,Basic,144,1689,20268,False,False,False,False,annual,True
S-4f176b79,A-dd2024,2021-10-16,,Pro,146,1955,23460,False,False,False,False,monthly,True
S-e99026c5,A-626bb3,2021-02-01,,Basic,163,228,2736,False,False,False,False,annual,True
S-8478163c,A-e6fa42,2023-09-21,,Enterprise,94,1428,17136,True,False,False,False,monthly,True
S-02dbd87c,A-9d992c,2021-06-08,,Basic,61,2312,27744,False,False,False,False,annual,False
S-b4da5784,A-93381a,2023-01-05,,Pro,162,1763,21156,False,False,False,False,monthly,True
S-52a1a763,A-1126a7,2022-09-12,,Pro,147,1815,21780,False,True,True,False,annual,True
S-67a164d7,A-964882,2022-11-19,,Pro,31,1935,23220,False,False,False,False,annual,True
S-19a2622f,A-57e924,2021-10-10,,Pro,25,1136,13632,False,False,False,False,annual,True
S-811a88a6,A-0268ce,2021-07-08,,Enterprise,104,2760,33120,False,False,False,False,monthly,True
S-7269439b,A-f6b94c,2023-09-05,,Basic,182,324,3888,False,False,False,False,annual,True
S-d8e4cc18,A-bbe512,2022-06-30,,Enterprise,142,971,11652,False,False,False,False,annual,False
S-f73b2b3b,A-702e67,2022-10-16,,Enterprise,37,1863,22356,False,False,False,False,monthly,True
S-8d44dbfa,A-c166a2,2024-03-22,2024-06-10,Enterprise,162,1995,23940,False,False,False,True,monthly,True
S-2a802f5d,A-0562c3,2021-04-19,,Pro,121,2234,26808,False,False,False,False,monthly,True
S-a61b60cc,A-1bf244,2022-07-28,2022-11-26,Enterprise,134,2944,35328,False,False,False,True,annual,True
S-d8f63df0,A-e1796c,2022-06-21,,Basic,19,2058,24696,False,False,False,False,annual,True
S-70488942,A-87d27b,2023-02-04,2023-05-12,Basic,90,2972,35664,False,False,False,True,annual,True
S-bf4bde2e,A-66d8db,2021-08-26,,Basic,119,4440,53280,False,True,False,False,monthly,True
S-5ccd68f2,A-58a963,2022-01-16,,Basic,12,1609,19308,False,False,False,False,monthly,True
S-9048cd55,A-7c6a4f,2021-04-20,,Basic,19,2353,28236,False,False,False,False,monthly,True
S-d2539b48,A-2cf08b,2023-09-18,,Basic,168,2406,28872,True,False,False,False,monthly,True
S-1f8b6f42,A-410148,2022-11-02,,Pro,146,2373,28476,False,False,False,False,annual,True
S-d37a25c3,A-9d992c,2023-04-25,,Pro,66,4566,54792,False,False,False,False,annual,False
S-8d36a9c7,A-7231b2,2021-06-30,,Enterprise,122,2578,30936,False,False,False,False,annual,True
S-b1368397,A-7e8d26,2021-05-25,2022-05-30,Pro,40,85,1020,False,False,False,True,monthly,True
S-ae127682,A-e85f12,2022-01-11,2022-12-10,Basic,187,2849,34188,False,False,False,True,monthly,False
S-349869dd,A-4fc1cc,2022-11-22,,Pro,108,5620,67440,False,False,False,False,annual,True
S-b055bf0b,A-61408e,2021-03-21,,Enterprise,184,270,3240,False,False,False,False,annual,True
S-f4c2e6fd,A-6df3cb,2024-01-26,,Basic,82,2772,33264,False,False,False,False,monthly,False
S-7e43d1d5,A-205093,2022-09-03,,Basic,14,2363,28356,False,False,False,False,annual,True
S-1b6d63eb,A-205093,2023-01-08,,Basic,91,2427,29124,True,False,False,False,annual,True
S-d9e8a2ae,A-b2adb9,2021-01-20,,Enterprise,84,432,5184,False,False,False,False,monthly,True
S-569d861c,A-674f3d,2024-09-26,,Basic,60,1588,19056,True,True,False,False,annual,True
S-ddbb2258,A-d3803e,2023-03-06,2023-04-24,Enterprise,114,4039,48468,False,True,False,True,annual,True
S-51039b3f,A-a2e816,2021-02-18,,Basic,95,4539,54468,False,False,False,False,monthly,True
S-de5edc71,A-757186,2021-06-20,,Pro,35,5805,69660,False,False,False,False,annual,False
S-6c080b02,A-87d27b,2023-01-02,,Enterprise,3,1957,23484,False,False,False,False,monthly,False
S-42b7ff82,A-a481e9,2021-06-11,,Pro,47,129,1548,False,False,False,False,annual,True
S-dfdf47ce,A-280f2a,2024-04-19,,Pro,159,5061,60732,False,False,True,False,monthly,False
S-2078c355,A-7c73b8,2021-07-24,,Pro,153,1014,12168,False,False,False,False,monthly,True
S-cc97fedc,A-d8771a,2023-01-20,,Enterprise,60,1329,15948,False,False,True,False,annual,False
S-8b2aec52,A-321421,2022-08-13,,Pro,185,1430,17160,True,False,False,False,monthly,True
S-680e3b12,A-83f776,2022-12-15,,Pro,55,1304,15648,False,False,False,False,annual,True
S-180bce8c,A-24f862,2021-05-12,2022-04-14,Enterprise,57,759,9108,False,False,False,True,annual,False
S-971896bf,A-105528,2024-01-23,,Pro,63,824,9888,False,False,False,False,monthly,True
S-09867836,A-1ce57d,2023-03-06,2023-06-04,Enterprise,148,261,3132,True,True,False,True,annual,False
S-3df14d70,A-7f7de2,2024-01-27,2025-09-07,Pro,184,3141,37692,False,False,False,True,monthly,False
S-1e400911,A-448821,2023-09-08,,Pro,56,1681,20172,False,False,False,False,monthly,True
S-b1b6207e,A-891867,2023-02-07,,Basic,1,1124,13488,False,False,False,False,annual,False
S-21fd4e73,A-46f183,2022-11-16,,Enterprise,3,2509,30108,True,False,False,False,annual,True
S-0fb89b22,A-f3890c,2023-03-13,,Enterprise,118,4496,53952,False,True,True,False,annual,True
S-77c4ed57,A-af8daf,2024-03-18,,Enterprise,85,3875,46500,False,True,False,False,monthly,True
S-51b73e36,A-9e6b3e,2021-03-23,,Enterprise,108,4563,54756,False,True,False,False,annual,True
S-831bef9a,A-9ccef5,2024-01-13,,Basic,39,820,9840,False,True,False,False,monthly,True
S-a70831a7,A-ef6f7e,2021-10-06,,Enterprise,73,2707,32484,False,False,False,False,annual,False
S-2233ddef,A-bc727c,2022-11-16,,Basic,116,4294,51528,False,False,False,False,monthly,True
S-057318e9,A-77cb78,2024-04-30,,Basic,43,1942,23304,False,False,False,False,annual,True
S-4daa292c,A-cb96b6,2022-01-02,,Enterprise,91,2744,32928,False,True,False,False,monthly,True
S-b5079c8c,A-b0fdf8,2021-02-20,,Basic,1,1341,16092,False,True,False,False,annual,False
S-260fdb96,A-bc0a07,2022-04-08,,Enterprise,180,920,11040,False,True,False,False,monthly,True
S-a8516ab4,A-1f5600,2021-12-17,2023-07-07,Pro,32,1643,19716,False,False,False,True,monthly,True
S-238fe153,A-293305,2024-03-04,2024-07-20,Basic,138,2303,27636,False,False,True,True,monthly,True
S-940655c9,A-7c73b8,2022-10-03,,Pro,177,107,1284,False,True,False,False,annual,True
S-64cdb0c1,A-f2e197,2023-11-25,2024-02-14,Pro,61,2008,24096,False,False,False,True,annual,False
S-8f1e9f91,A-522b54,2021-05-18,,Pro,156,1100,13200,False,False,False,False,monthly,False
S-7a3faefb,A-38094a,2023-11-09,,Enterprise,169,3508,42096,True,False,False,False,annual,True
S-0d83db66,A-bf83ac,2021-11-29,2022-06-28,Basic,55,1627,19524,False,False,False,True,monthly,False
S-39d3a768,A-2bcd7c,2022-04-14,,Enterprise,72,2592,31104,False,False,False,False,annual,True
S-cd65a3ae,A-064dcf,2023-12-11,,Basic,108,1788,21456,False,False,False,False,annual,True
S-d79ee68b,A-26bbfd,2024-12-06,2025-05-14,Enterprise,10,1737,20844,False,False,False,True,monthly,True
S-dd5cf483,A-d5772f,2021-11-02,,Enterprise,34,920,11040,False,False,False,False,monthly,True
S-e7a16e9f,A-125cb3,2021-07-31,,Basic,34,1894,22728,False,False,False,False,monthly,True
S-becedd2b,A-2e2e55,2023-03-22,,Basic,15,1487,17844,False,False,False,False,annual,False
S-40924819,A-c8e48c,2023-07-25,,Pro,138,88,1056,False,False,False,False,monthly,True
S-8ff63313,A-99995c,2024-05-10,2026-05-09,Enterprise,176,3427,41124,False,True,False,True,monthly,False
S-386b7096,A-2ca16b,2021-03-25,,Basic,56,3617,43404,False,False,False,False,annual,False
S-355da231,A-410bfd,2024-01-14,,Pro,159,4518,54216,False,True,False,False,annual,False
S-05b23ba5,A-3a19f8,2022-02-20,,Enterprise,94,1735,20820,False,False,False,False,monthly,True
S-d206ef9e,A-449185,2023-03-17,,Enterprise,11,2145,25740,False,False,False,False,monthly,True
S-5ec637d4,A-e6343a,2023-11-15,,Basic,74,1588,19056,False,False,False,False,monthly,True
S-78c01afa,A-51e832,2023-06-03,,Pro,176,2484,29808,False,False,False,False,annual,True
S-0abb193f,A-4e2188,2022-12-06,2024-10-28,Pro,34,1137,13644,False,False,False,True,monthly,False
S-e5bcf7b2,A-518980,2021-07-01,,Basic,66,1335,16020,False,False,False,False,monthly,False
S-cd7c0735,A-90b550,2022-12-05,,Pro,39,510,6120,False,False,False,False,monthly,False
S-4ed0052a,A-babd7f,2021-03-22,,Enterprise,153,1465,17580,False,False,False,False,monthly,False
S-a1ed1ba0,A-17fe97,2021-10-30,,Pro,22,1369,16428,False,False,False,False,monthly,True
S-1039845e,A-df55b3,2024-02-21,,Pro,35,1876,22512,False,False,False,False,monthly,True
S-657406e6,A-b853d2,2022-01-18,,Pro,58,1143,13716,False,False,False,False,annual,True
S-29a52713,A-0143b8,2024-11-13,,Pro,181,514,6168,False,False,False,False,monthly,True
S-bba4c53f,A-805f2e,2023-02-05,,Pro,187,1615,19380,False,False,False,False,annual,True
S-298ee95e,A-17fe97,2023-07-18,,Pro,185,5572,66864,False,False,False,False,monthly,False
S-1e1f2ec2,A-641031,2024-07-25,,Enterprise,95,3470,41640,False,False,False,False,monthly,True
S-f6b56aa5,A-37b909,2024-05-02,,Enterprise,17,6466,77592,False,False,False,False,monthly,True
S-0a32eb98,A-b67e99,2022-08-08,,Enterprise,86,1836,22032,False,False,False,False,monthly,True
S-d3b6fe83,A-36181a,2021-06-29,,Enterprise,103,1130,13560,False,False,False,False,monthly,True
S-eb68037f,A-4983af,2023-03-25,,Basic,62,1168,14016,True,False,False,False,monthly,True
S-4316005b,A-2b8e44,2024-04-20,,Enterprise,47,2289,27468,False,False,False,False,annual,False
S-90f3be84,A-ea1711,2022-06-27,,Enterprise,41,824,9888,False,False,False,False,monthly,True
S-0c7add36,A-b94147,2022-09-25,,Basic,15,1319,15828,False,False,False,False,monthly,True
S-ad14a04d,A-64ddde,2021-08-02,,Enterprise,166,1854,22248,False,True,False,False,annual,False
S-6926b9b2,A-51ca60,2021-12-09,,Enterprise,21,1688,20256,False,False,True,False,monthly,False
S-40ce3a3e,A-176774,2022-07-30,,Basic,72,2841,34092,False,True,False,False,monthly,True
S-4e832eac,A-66d8db,2023-08-02,,Pro,175,5201,62412,False,False,True,False,monthly,True
S-946f390a,A-ff97ce,2024-08-09,,Pro,7,4865,58380,False,False,False,False,annual,True
S-fab22d60,A-ed72be,2021-10-30,,Pro,119,1062,12744,False,False,False,False,annual,True
S-e475a728,A-77d382,2022-01-21,,Pro,166,3454,41448,False,False,False,False,annual,True
S-edaab435,A-741acd,2021-11-09,,Basic,138,2031,24372,True,False,False,False,annual,True
S-5f664749,A-cea72b,2024-09-10,,Enterprise,175,5948,71376,False,True,False,False,annual,True
S-14530c88,A-dc726d,2024-09-18,,Enterprise,31,2918,35016,False,False,False,False,annual,True
S-a4efb263,A-9b151e,2021-09-10,,Pro,161,2366,28392,False,False,False,False,monthly,True
S-f8966bf0,A-8563a7,2021-09-07,,Pro,89,3776,45312,False,True,False,False,monthly,True
S-eb77c606,A-5c19da,2021-02-24,,Pro,125,3125,37500,False,False,False,False,annual,False
S-21903141,A-e20152,2022-12-23,,Enterprise,169,4669,56028,False,False,False,False,annual,True
S-dd01a443,A-4e2188,2024-11-20,,Basic,134,611,7332,False,True,False,False,annual,False
S-ec43bcc7,A-b8b83c,2024-11-16,,Enterprise,57,2983,35796,False,False,False,False,monthly,True
S-ed73477b,A-fd5d1c,2023-11-05,,Enterprise,13,3767,45204,False,False,False,False,monthly,True
S-98ba7a4d,A-51ca60,2023-10-17,,Enterprise,130,2392,28704,False,False,False,False,monthly,True
S-01b660ed,A-fb30f4,2021-01-29,,Enterprise,142,2459,29508,False,False,False,False,monthly,True
S-6314cebc,A-93381a,2022-01-10,,Pro,127,2685,32220,False,False,False,False,monthly,True
S-7404ba05,A-2feda1,2022-06-21,,Pro,84,1905,22860,False,False,False,False,annual,False
S-d96195c8,A-ab8f61,2022-03-20,,Enterprise,37,3824,45888,False,False,False,False,monthly,True
S-b59cd132,A-d3154c,2024-05-29,,Pro,145,3658,43896,False,False,False,False,annual,True
S-39c4ec74,A-2c3420,2022-01-13,,Enterprise,91,1970,23640,False,False,False,False,annual,True
S-ded63bb0,A-5d149a,2022-11-23,,Pro,163,150,1800,False,False,False,False,annual,True
S-7d7066c3,A-3a19f8,2024-08-19,,Pro,70,1211,14532,False,False,False,False,annual,False
S-18fc42c9,A-d3d2c6,2021-01-13,,Basic,79,585,7020,False,False,False,False,annual,True
S-b6396740,A-9a2c4f,2024-09-13,2025-11-11,Basic,103,5254,63048,False,False,False,True,annual,True
S-ace8cf07,A-c166a2,2024-03-15,,Enterprise,81,307,3684,False,False,True,False,annual,True
S-29af864b,A-e99e90,2024-03-10,2024-10-04,Basic,161,2284,27408,False,False,False,True,monthly,True
S-b535351f,A-b00145,2021-05-28,2023-05-17,Enterprise,146,957,11484,False,True,False,True,monthly,True
S-927691bc,A-825eb0,2022-03-10,,Basic,141,3592,43104,False,False,True,False,monthly,False
S-9b1d3185,A-9ccef5,2021-10-08,2022-04-28,Basic,19,1031,12372,False,False,True,True,annual,True
S-aa0dd3a2,A-e6fa42,2021-07-03,,Basic,52,2422,29064,False,False,False,False,annual,False
S-81d5f684,A-f3aa45,2023-04-07,,Pro,145,190,2280,False,False,True,False,monthly,True
S-6b949112,A-410148,2023-09-18,,Enterprise,155,1196,14352,False,True,False,False,monthly,True
S-fb180056,A-2ca16b,2021-02-27,,Basic,137,746,8952,False,False,False,False,monthly,True
S-f4027314,A-1ce57d,2024-07-29,,Basic,162,3999,47988,False,False,False,False,monthly,True
S-078d0cca,A-04a246,2021-08-25,,Enterprise,49,790,9480,True,False,False,False,monthly,True
S-450123aa,A-63c268,2022-11-17,,Enterprise,38,712,8544,True,True,True,False,monthly,False
S-48376c73,A-31dcb8,2022-12-16,,Pro,164,2098,25176,False,False,False,False,monthly,True
S-b7390d01,A-4cf7f7,2021-01-03,,Pro,144,5940,71280,False,False,False,False,monthly,True
S-42f010ff,A-4983af,2023-10-14,,Enterprise,80,168,2016,False,True,False,False,monthly,True
S-c9422d77,A-a0ed92,2022-12-13,,Pro,66,939,11268,False,True,False,False,annual,True
S-f2da3ffe,A-147497,2024-12-02,,Enterprise,70,2753,33036,False,False,False,False,annual,True
S-0e529c41,A-46fc8d,2021-08-14,,Basic,167,4278,51336,False,False,False,False,monthly,True
S-1385a259,A-9a8bb2,2021-04-12,,Pro,95,386,4632,False,True,False,False,annual,True
S-477a6c65,A-b853d2,2022-02-27,,Enterprise,21,409,4908,False,False,False,False,monthly,True
S-5a3d9f44,A-27e0e9,2024-02-21,,Enterprise,73,2209,26508,False,False,False,False,monthly,True
S-6d78ae8c,A-18470a,2022-06-21,,Basic,75,467,5604,False,False,False,False,annual,True
S-cfc6561c,A-f60e4b,2022-09-18,,Enterprise,63,1270,15240,False,False,False,False,monthly,False
S-f377f5ee,A-f2b464,2022-07-19,,Basic,58,4520,54240,False,False,False,False,annual,True
S-84fc98b7,A-0e6fb8,2024-10-16,,Pro,13,1656,19872,False,False,False,False,monthly,True
S-1db961ae,A-3e6efe,2022-03-24,,Pro,137,951,11412,False,False,False,False,annual,False
S-51ab6c29,A-b8b83c,2021-07-24,,Basic,147,2181,26172,False,True,False,False,monthly,False
S-69c35c89,A-ac7019,2021-03-30,,Enterprise,133,2138,25656,False,False,False,False,monthly,True
S-cf7a817a,A-b0fdf8,2022-11-21,,Enterprise,10,1060,12720,False,True,False,False,annual,True
S-b7c1e681,A-c166a2,2022-09-16,,Basic,38,174,2088,False,False,True,False,annual,True
S-09f82dcb,A-3841e3,2022-12-30,,Pro,119,2218,26616,False,False,False,False,annual,True
S-2ccbcb8f,A-9f63c6,2023-03-14,,Enterprise,87,803,9636,False,False,False,False,monthly,True
S-9b2ca13b,A-40abca,2023-06-01,,Pro,18,4067,48804,False,False,False,False,monthly,True
S-19a40273,A-579d6a,2022-11-02,,Basic,22,3117,37404,True,False,False,False,monthly,True
S-0d4811e7,A-49256a,2022-02-24,,Basic,172,3370,40440,False,True,False,False,monthly,True
S-8351c6fe,A-7aee9c,2022-08-23,,Pro,54,5091,61092,False,True,False,False,monthly,True
S-71912908,A-176774,2024-04-01,,Pro,102,1855,22260,False,False,True,False,annual,True
S-ee89b2c3,A-90aaae,2024-08-26,,Pro,37,694,8328,False,False,False,False,annual,False
S-6dfbab60,A-964882,2021-11-10,,Basic,125,524,6288,False,False,False,False,monthly,True
S-8983ce63,A-a63269,2021-03-18,,Basic,82,136,1632,True,False,False,False,monthly,False
S-9a922a1f,A-b36d98,2021-04-07,,Enterprise,109,2981,35772,False,True,False,False,annual,True
S-c24d5643,A-4182b6,2021-11-23,,Pro,134,265,3180,False,False,False,False,monthly,True
S-7a7ae10e,A-6e303f,2021-10-03,,Pro,3,1230,14760,False,False,False,False,annual,True
S-eccf02f3,A-02fad5,2021-05-19,,Pro,172,1616,19392,False,False,False,False,annual,False
S-94133419,A-c8e48c,2023-06-16,,Basic,89,3289,39468,False,False,False,False,annual,True
S-51b78ba6,A-4a3e3a,2022-07-24,,Basic,15,3598,43176,True,False,False,False,monthly,True
S-e04f4bf8,A-39e2df,2024-02-13,,Enterprise,56,2444,29328,False,False,False,False,annual,True
S-0986ef0c,A-410bfd,2024-01-12,,Basic,149,992,11904,False,False,False,False,monthly,True
S-7bc860d8,A-d5772f,2023-07-20,,Pro,75,4557,54684,True,False,False,False,annual,False
S-7aa40964,A-2b9974,2023-04-28,,Basic,170,1302,15624,False,False,False,False,monthly,True
S-b9abcec6,A-3dc038,2023-09-03,,Enterprise,106,1425,17100,False,False,False,False,monthly,False
S-e6c42a52,A-a1f6aa,2022-06-25,2023-07-28,Basic,139,523,6276,False,False,False,True,monthly,True
S-f91f3e42,A-c166a2,2023-08-19,,Pro,47,53,636,False,False,False,False,monthly,True
S-b792ba15,A-7b1bc8,2024-11-10,,Basic,137,5089,61068,False,False,False,False,annual,True
S-666f1582,A-ba7ab9,2022-05-22,,Enterprise,20,624,7488,False,True,True,False,monthly,False
S-d4893574,A-8b3a95,2021-09-02,,Basic,132,586,7032,True,False,False,False,monthly,True
S-d6006335,A-f4fe1f,2024-06-11,2024-09-24,Enterprise,125,1449,17388,False,True,False,True,monthly,True
S-e18de247,A-bda37c,2021-11-06,,Pro,159,2162,25944,False,False,False,False,annual,True
S-aafbd0c8,A-babd7f,2021-08-13,,Basic,100,2465,29580,False,False,False,False,annual,True
S-05d0639b,A-3cccbc,2021-02-13,,Pro,39,2881,34572,False,False,False,False,monthly,True
S-42d70bcb,A-3633b2,2022-06-18,,Basic,50,130,1560,False,True,False,False,monthly,True
S-df1e8f11,A-2b89d4,2022-08-17,,Basic,5,784,9408,False,False,False,False,annual,True
S-d6e1e3d7,A-e20152,2022-11-09,2024-03-28,Pro,96,3076,36912,False,False,False,True,monthly,True
S-b500ff79,A-4f498a,2024-06-07,,Pro,49,2141,25692,False,False,False,False,annual,True
S-ef10fa5a,A-559b49,2022-01-08,,Basic,154,1182,14184,False,False,False,False,annual,True
S-fea560c6,A-e1b1a4,2023-10-17,,Enterprise,44,1076,12912,False,False,False,False,annual,True
S-b9392769,A-4182b6,2023-03-29,,Basic,8,4834,58008,False,False,False,False,monthly,True
S-5baac505,A-09bda1,2022-08-09,,Pro,106,3645,43740,False,True,False,False,monthly,True
S-4f001a83,A-3e6efe,2024-12-06,,Basic,185,2147,25764,False,False,False,False,annual,True
S-5373282b,A-bc60c8,2022-08-31,,Basic,47,3339,40068,True,False,False,False,monthly,True
S-af00a6ec,A-6e303f,2023-11-20,2025-11-03,Pro,186,1228,14736,False,False,False,True,monthly,True
S-efb22407,A-388c96,2022-07-13,,Pro,58,1742,20904,False,True,False,False,annual,True
S-6868a6c8,A-ab9ba5,2021-11-07,2022-06-02,Basic,131,2348,28176,False,False,False,True,monthly,True
S-dd16f61a,A-4064bb,2023-06-11,,Basic,128,298,3576,False,False,True,False,annual,True
S-2551334a,A-0c36d9,2021-08-13,,Basic,80,1829,21948,False,False,False,False,annual,True
S-74b3f230,A-6df3cb,2021-03-29,,Enterprise,146,4228,50736,False,False,False,False,monthly,True
S-f997d251,A-6751ab,2023-09-11,,Basic,100,1375,16500,False,False,False,False,annual,True
S-84dd7077,A-040921,2021-09-01,,Enterprise,34,3476,41712,False,False,False,False,annual,True
S-a5695b0a,A-b00145,2023-06-13,,Enterprise,79,2508,30096,False,True,False,False,monthly,True
S-36107ecd,A-0c9ef2,2022-03-21,,Pro,73,3064,36768,False,False,False,False,monthly,True
S-4d61bdf0,A-127d60,2024-12-04,,Pro,40,5028,60336,False,False,False,False,monthly,False
S-773cb637,A-e3bd6e,2022-07-23,,Enterprise,25,3922,47064,False,False,False,False,annual,True
S-4f63cf65,A-4aefb3,2021-02-10,2022-05-28,Enterprise,44,1673,20076,False,True,False,True,annual,True
S-aab4a93b,A-dc726d,2021-11-27,,Pro,140,2173,26076,False,False,True,False,annual,True
S-bc2db2bd,A-d78e97,2022-10-31,,Pro,61,1525,18300,False,True,False,False,monthly,True
S-e6a0b1b3,A-cc4e00,2023-05-06,,Pro,44,5723,68676,False,False,False,False,monthly,True
S-553dd3fa,A-4c2fc6,2023-03-27,,Enterprise,112,1048,12576,False,False,False,False,annual,True
S-28367448,A-71c2db,2022-02-28,,Basic,157,3383,40596,False,False,False,False,annual,True
S-37cbccda,A-467260,2023-09-18,,Basic,30,1959,23508,False,False,False,False,monthly,True
S-caa6ec79,A-dccde9,2023-04-05,,Pro,27,136,1632,False,False,False,False,annual,True
S-750c1dab,A-2feda1,2021-06-02,,Enterprise,58,358,4296,False,True,False,False,annual,False
S-092bdff4,A-f26363,2022-04-04,,Enterprise,119,729,8748,False,False,True,False,annual,True
S-c95bdb27,A-89fca7,2024-12-21,,Enterprise,124,1759,21108,False,True,True,False,monthly,True
S-1877c004,A-11cce9,2023-01-29,,Enterprise,2,784,9408,False,False,False,False,monthly,False
S-89d914a2,A-ad2f33,2022-06-30,,Enterprise,114,2837,34044,False,True,False,False,monthly,True
S-cedc26cf,A-e1796c,2022-12-23,,Enterprise,149,2427,29124,False,False,False,False,monthly,True
S-7ddf3dc3,A-df92d4,2024-09-15,,Pro,188,1967,23604,False,False,False,False,monthly,False
S-a6a60b74,A-6f29f7,2023-03-29,,Basic,44,1671,20052,False,False,False,False,monthly,True
S-c6174df0,A-9e6b3e,2023-07-07,,Pro,42,206,2472,False,False,False,False,annual,True
S-429e2709,A-6751ab,2024-07-27,2025-11-24,Basic,77,383,4596,False,False,False,True,monthly,True
S-0ad421f3,A-d5aaf6,2024-07-08,,Enterprise,78,2172,26064,True,False,False,False,monthly,True
S-f2bfbb1e,A-99203a,2024-02-26,2025-11-26,Pro,79,153,1836,False,False,False,True,annual,True
S-fb39ffa4,A-dc726d,2024-03-15,,Basic,156,1280,15360,False,False,False,False,annual,True
S-a6943a0c,A-572cc7,2022-08-15,,Basic,162,6402,76824,False,False,False,False,annual,False
S-6e007cbe,A-39e2df,2021-08-07,,Enterprise,68,1363,16356,False,True,False,False,annual,True
S-dc25bec7,A-cdee75,2023-11-21,,Pro,3,4298,51576,False,True,False,False,annual,False
S-ef1bbb7f,A-5ba322,2021-12-02,,Basic,75,2493,29916,False,False,True,False,annual,True
S-352d123a,A-9175e6,2022-07-09,,Pro,92,1877,22524,False,False,True,False,monthly,False
S-165351e2,A-2151c8,2024-03-19,,Basic,124,4298,51576,False,False,False,False,annual,True
S-03344745,A-d9ad81,2023-08-29,,Enterprise,28,300,3600,False,False,False,False,annual,True
S-3d2876f1,A-293305,2023-07-05,,Basic,12,2482,29784,False,False,False,False,annual,True
S-312b333f,A-805f2e,2024-04-27,,Basic,153,1715,20580,False,False,False,False,annual,False
S-a02ee1f2,A-3633b2,2023-03-05,,Pro,113,871,10452,False,False,False,False,annual,True
S-3fc3f10b,A-8a8f8a,2023-07-09,,Pro,123,905,10860,False,False,False,False,monthly,True
S-d884789a,A-0c9ef2,2021-11-28,,Pro,162,1700,20400,False,False,False,False,monthly,True
S-25244c86,A-ab9ba5,2022-04-18,,Pro,78,1625,19500,False,False,False,False,monthly,False
S-c0389221,A-d766b2,2023-03-17,,Basic,103,272,3264,False,False,False,False,monthly,True
S-dfb51a91,A-b0fdf8,2021-10-18,,Enterprise,30,1858,22296,False,False,False,False,monthly,False
S-364668a8,A-961183,2021-10-08,,Enterprise,47,993,11916,False,True,False,False,annual,False
S-52d8c8a6,A-c0260e,2024-08-19,,Basic,8,2509,30108,False,False,False,False,annual,True
S-c377c8ad,A-6f8408,2022-08-14,,Pro,112,888,10656,False,True,False,False,annual,True
S-423b5c96,A-79589c,2022-04-07,,Basic,21,4158,49896,False,False,False,False,monthly,True
S-3ec2a057,A-f89626,2021-12-07,,Basic,64,3566,42792,False,False,False,False,annual,False
S-3f04a090,A-805f2e,2021-05-20,,Basic,121,150,1800,False,False,False,False,monthly,False
S-7f92408d,A-00d9f1,2023-10-11,,Enterprise,188,2312,27744,False,False,False,False,monthly,True
S-2d8eeb76,A-e1406a,2024-02-09,,Enterprise,150,208,2496,False,True,False,False,monthly,True
S-9f982576,A-79589c,2022-10-03,,Pro,95,3589,43068,False,False,True,False,monthly,False
S-45a4dfdb,A-fdeda5,2023-12-20,,Pro,93,3412,40944,False,True,False,False,monthly,True
S-9bc45a1e,A-321421,2023-08-24,,Enterprise,37,1165,13980,False,False,False,False,annual,False
S-abdf6cf7,A-e85f12,2022-08-29,,Pro,119,2933,35196,False,False,False,False,monthly,False
S-9c1ec399,A-6e303f,2023-07-30,,Basic,10,1051,12612,False,False,False,False,annual,True
S-f30f3745,A-0ff5dc,2021-09-13,,Pro,22,5755,69060,False,True,False,False,monthly,False
S-699e93be,A-7af86f,2023-12-04,,Basic,132,3885,46620,False,False,False,False,annual,False
S-07d34452,A-9a2c4f,2021-05-20,,Basic,123,1766,21192,False,True,False,False,annual,True
S-f5f2137e,A-ed72be,2022-01-12,,Enterprise,178,3052,36624,False,False,False,False,annual,False
S-73e1605d,A-9b151e,2022-04-09,,Enterprise,132,2436,29232,True,False,False,False,annual,True
S-b52d4de1,A-671cbf,2024-11-05,,Pro,23,1040,12480,False,False,False,False,annual,True
S-3e677f96,A-064dcf,2023-03-26,,Basic,80,5502,66024,False,False,False,False,annual,True
S-a557b478,A-964882,2022-06-11,,Basic,88,685,8220,True,False,False,False,annual,True
S-47c4dbeb,A-21c968,2021-03-17,,Pro,153,616,7392,False,False,False,False,monthly,True
S-bf750995,A-3bb1ee,2022-04-25,,Pro,181,1336,16032,True,False,False,False,annual,True
S-c1ae7690,A-26efad,2022-08-12,,Basic,100,498,5976,False,False,False,False,monthly,True
S-68d6efda,A-59672e,2024-10-04,,Enterprise,144,328,3936,False,False,False,False,monthly,True
S-af16e042,A-27e0e9,2024-07-24,,Pro,134,2453,29436,False,False,False,False,monthly,True
S-896aedf2,A-70da28,2022-01-02,,Enterprise,138,222,2664,False,False,False,False,monthly,False
S-0c3bee1c,A-daa5e1,2021-10-09,,Pro,49,2861,34332,False,False,False,False,monthly,True
S-69cc6c90,A-c402fb,2021-01-30,,Enterprise,68,2008,24096,False,False,False,False,annual,True
S-6b853275,A-105528,2022-02-27,,Pro,41,209,2508,False,False,False,False,annual,True
S-d76f22aa,A-449185,2022-03-22,,Pro,112,2530,30360,False,True,True,False,annual,True
S-73170b40,A-0143b8,2023-10-04,,Pro,71,4060,48720,False,False,True,False,monthly,False
S-6b8d1bbd,A-b67e99,2024-06-18,,Enterprise,162,4317,51804,False,False,False,False,annual,True
S-4a7eeeaf,A-d766b2,2023-01-29,,Pro,109,580,6960,False,False,False,False,annual,True
S-c340679b,A-16905a,2021-07-03,,Enterprise,6,359,4308,False,False,False,False,monthly,True
S-27b096f1,A-b0fdf8,2024-10-01,,Enterprise,173,480,5760,False,False,False,False,annual,True
S-fec72180,A-388c96,2024-04-12,2025-01-21,Basic,147,4145,49740,False,False,False,True,annual,True
S-c443ae53,A-d8fe58,2021-09-06,,Enterprise,11,1427,17124,False,False,False,False,monthly,True
S-f38fc208,A-9dfcee,2021-07-26,,Basic,16,1891,22692,False,False,False,False,annual,True
S-1ac313b7,A-741acd,2021-05-23,,Basic,179,1479,17748,False,False,False,False,annual,True
S-336151c6,A-54f16c,2021-10-14,,Pro,185,4424,53088,False,False,False,False,annual,True
S-4355356e,A-8efb70,2024-06-21,2024-07-28,Enterprise,86,3310,39720,False,False,False,True,monthly,False
S-e2eb1c8a,A-216da3,2023-06-01,2025-04-09,Enterprise,23,3893,46716,False,False,False,True,monthly,True
S-d31177cd,A-503d27,2023-09-26,,Pro,89,1458,17496,False,True,False,False,monthly,True
S-19abece5,A-246226,2024-10-22,,Pro,62,159,1908,False,True,True,False,annual,True
S-4299424f,A-b2adb9,2024-05-02,,Enterprise,167,901,10812,False,True,False,False,annual,True
S-f27406f9,A-2e2e55,2023-12-04,2024-09-20,Pro,106,1866,22392,True,False,False,True,annual,True
S-f5e9b3c7,A-6e303f,2022-10-25,,Pro,86,5314,63768,False,False,False,False,annual,True
S-3ae928f4,A-3e6efe,2022-06-28,2023-08-14,Basic,144,2484,29808,False,True,False,True,annual,True
S-5accb4b2,A-01c648,2021-10-20,,Basic,109,1886,22632,False,False,False,False,monthly,True
S-1dae6b99,A-e979f8,2022-06-15,,Enterprise,59,113,1356,False,False,False,False,monthly,True
S-6827cb43,A-e1796c,2024-03-23,,Basic,127,2638,31656,False,False,False,False,monthly,True
S-aa1c5821,A-7b3b51,2024-05-27,,Basic,45,1945,23340,False,False,False,False,monthly,True
S-4579b46a,A-09489d,2023-07-20,,Basic,82,1857,22284,False,False,False,False,monthly,True
S-49c18242,A-27cc2c,2022-11-05,,Enterprise,32,2759,33108,False,False,True,False,annual,False
S-23762ee7,A-51ca60,2024-02-07,,Basic,28,1393,16716,False,False,False,False,annual,True
S-a100e158,A-105528,2021-03-13,,Basic,134,4274,51288,False,False,False,False,monthly,True
S-94d3caa7,A-7ccb2e,2024-08-28,,Enterprise,132,1215,14580,False,False,False,False,monthly,True
S-c59d6387,A-6e3d08,2023-07-10,2024-04-22,Enterprise,4,4374,52488,False,True,False,True,monthly,True
S-ab682114,A-3f9994,2024-07-28,,Enterprise,6,3598,43176,False,True,False,False,annual,True
S-5239346f,A-0562c3,2021-12-08,,Basic,44,2598,31176,False,False,True,False,monthly,True
S-cc2565de,A-7c6a4f,2024-08-29,,Pro,35,1689,20268,True,False,True,False,annual,True
S-32b175ee,A-0bcb7a,2024-11-14,,Pro,145,357,4284,False,False,False,False,annual,True
S-582f6178,A-87d27b,2024-02-03,,Enterprise,160,471,5652,False,False,True,False,annual,True
S-ec1adb34,A-39e2df,2021-10-23,,Enterprise,151,1249,14988,False,False,False,False,monthly,True
S-6d9b393a,A-a771e3,2022-06-08,,Basic,105,6373,76476,False,True,True,False,annual,True
S-b9014b86,A-adf3b0,2022-09-04,,Enterprise,178,2119,25428,False,False,False,False,monthly,True
S-8607ab5e,A-82c3e3,2024-06-27,2025-02-09,Enterprise,98,2277,27324,False,True,False,True,monthly,True
S-0b2dd663,A-488393,2021-01-25,,Enterprise,15,235,2820,False,True,True,False,monthly,True
S-5840c2f5,A-7b8bff,2022-04-30,,Basic,107,3638,43656,False,True,False,False,annual,True
S-316f0b1f,A-6e3d08,2024-01-19,,Basic,81,4008,48096,True,True,False,False,annual,True
S-123cddf9,A-1b90d5,2024-02-28,,Pro,119,2126,25512,False,False,False,False,annual,True
S-79221c08,A-daa5e1,2024-09-02,,Enterprise,98,2462,29544,False,False,False,False,monthly,True
S-1974f1b0,A-f26363,2023-03-10,,Basic,31,2731,32772,True,False,False,False,annual,False
S-c03177f1,A-2f36c1,2022-07-27,,Enterprise,146,3735,44820,False,False,False,False,monthly,True
S-9f2ec828,A-82c3e3,2021-01-13,,Pro,63,4366,52392,False,False,False,False,annual,True
S-debd9c6e,A-36181a,2022-09-10,,Enterprise,93,2883,34596,False,False,True,False,monthly,True
S-7b8b5e8f,A-4ef13f,2022-03-16,,Basic,22,1781,21372,False,False,False,False,monthly,True
S-75e17a52,A-e09af2,2024-04-09,,Enterprise,122,1900,22800,False,False,True,False,monthly,True
S-08674441,A-393763,2023-05-12,,Enterprise,81,46,552,True,False,False,False,annual,True
S-eb228600,A-3f9994,2023-08-12,,Enterprise,174,1288,15456,False,False,False,False,annual,True
S-2d3c0d9f,A-37b909,2024-01-12,,Basic,10,4184,50208,False,True,False,False,monthly,True
S-28cb4ce6,A-bc0a07,2024-01-05,,Enterprise,139,2599,31188,False,False,False,False,monthly,True
S-41c7b771,A-ba0f8c,2024-01-03,,Basic,123,1076,12912,False,False,False,False,annual,True
S-38adf6e3,A-fd5d1c,2023-05-13,,Pro,3,4580,54960,False,False,False,False,monthly,True
S-567138c9,A-176774,2022-04-18,,Pro,143,3531,42372,False,False,False,False,annual,True
S-6e8d43b1,A-40fc24,2022-08-21,,Basic,12,1304,15648,True,False,False,False,monthly,True
S-628500f2,A-7ccb2e,2022-02-17,,Pro,187,1687,20244,False,False,False,False,monthly,False
S-cdebb834,A-1126a7,2022-07-25,,Basic,11,573,6876,False,True,False,False,monthly,True
S-8c8967dd,A-f26363,2022-10-15,,Enterprise,38,1911,22932,False,True,True,False,annual,True
S-4bde2dad,A-7b6eee,2023-10-04,,Enterprise,85,1830,21960,True,False,False,False,annual,True
S-a55e8a81,A-522b54,2021-02-07,,Basic,64,1606,19272,False,False,False,False,monthly,True
S-bafb9261,A-c6ab7a,2024-04-30,,Basic,146,4167,50004,False,True,False,False,annual,True
S-dc0d39d7,A-5c19da,2021-02-17,,Enterprise,24,2065,24780,False,False,False,False,annual,False
S-9c34acd7,A-15e7b5,2021-10-12,,Enterprise,149,2596,31152,False,False,False,False,monthly,True
S-90a62778,A-9e5b2d,2024-06-19,2024-07-28,Enterprise,188,3896,46752,False,False,False,True,annual,True
S-a4143579,A-adedd2,2024-01-27,,Pro,13,3785,45420,True,False,False,False,monthly,True
S-2bdb2f49,A-12a8c7,2022-07-22,,Enterprise,112,1999,23988,False,True,False,False,monthly,False
S-7528d2ea,A-abbbd0,2021-06-18,,Pro,170,1248,14976,False,False,False,False,annual,True
S-90793834,A-7ccb2e,2021-10-17,,Enterprise,80,1888,22656,False,True,False,False,annual,False
S-f890aa99,A-faad0f,2024-09-23,2025-10-29,Pro,106,2880,34560,False,False,False,True,annual,True
S-3aec6557,A-e6343a,2024-05-08,,Basic,181,4923,59076,False,False,False,False,monthly,True
S-dcef977f,A-b00145,2021-07-15,2022-01-02,Enterprise,36,1724,20688,False,False,True,True,annual,True
S-b9fcd9e5,A-b913b0,2021-10-10,,Basic,115,4572,54864,False,False,False,False,annual,True
S-c1ea38ff,A-29b014,2023-03-12,,Basic,128,81,972,False,False,False,False,annual,True
S-b0b4c0e4,A-3633b2,2023-01-05,,Enterprise,106,1590,19080,False,False,False,False,monthly,False
S-d6f544b1,A-321421,2021-02-05,2021-06-04,Pro,144,2432,29184,False,False,False,True,annual,True
S-1e404ab3,A-29b014,2024-11-07,,Pro,161,2676,32112,False,False,False,False,monthly,True
S-188e4916,A-83f776,2022-08-11,,Enterprise,16,2691,32292,False,True,True,False,monthly,True
S-072941be,A-e71149,2021-02-18,2021-07-28,Basic,63,1444,17328,False,False,True,True,annual,True
S-7d1bc339,A-057df9,2021-12-26,,Pro,161,3920,47040,False,False,False,False,monthly,True
S-563a4765,A-df92d4,2022-06-26,,Enterprise,96,678,8136,True,False,False,False,annual,True
S-55938236,A-82c3e3,2022-06-14,,Enterprise,168,1264,15168,False,True,False,False,annual,False
S-401b7b57,A-f4fe1f,2024-07-22,,Enterprise,7,2724,32688,False,True,False,False,annual,True
S-a4fbd300,A-66d8db,2024-07-05,,Enterprise,39,3508,42096,False,False,False,False,monthly,True
S-422d4f9d,A-3c413d,2023-04-20,,Pro,82,1653,19836,False,False,False,False,monthly,True
S-e15ff5ee,A-0562c3,2022-01-11,,Basic,108,4140,49680,False,False,False,False,monthly,True
S-cad4bc79,A-5c19da,2023-03-31,,Enterprise,34,1822,21864,False,True,False,False,monthly,False
S-78128d84,A-4ef13f,2023-04-18,,Enterprise,160,1312,15744,False,False,True,False,annual,True
S-848527b4,A-8f00d8,2021-05-04,,Pro,4,3263,39156,True,False,False,False,annual,True
S-fd0f5682,A-b0fdf8,2023-10-23,,Pro,61,6847,82164,False,False,False,False,annual,True
S-889e6d87,A-449185,2023-05-09,,Basic,97,1799,21588,False,False,False,False,monthly,True
S-d6463b2b,A-503d27,2024-07-28,,Basic,42,1948,23376,False,False,False,False,monthly,False
S-1287f165,A-7b8bff,2024-09-13,,Basic,73,4946,59352,False,True,False,False,monthly,True
S-ba00a101,A-2ca16b,2024-06-08,,Basic,38,2763,33156,False,True,False,False,monthly,True
S-07a786af,A-bda37c,2022-04-07,,Pro,74,4144,49728,False,False,False,False,annual,True
S-4ae3f3ab,A-800523,2023-12-18,,Basic,104,393,4716,False,False,True,False,annual,False
S-f3da39ad,A-e5e60e,2021-07-26,,Pro,24,1026,12312,False,False,False,False,monthly,True
S-49e62cd3,A-90aaae,2022-07-26,2023-03-03,Basic,103,2007,24084,True,False,False,True,monthly,True
S-5e00aada,A-0bcb7a,2022-05-06,,Enterprise,183,2438,29256,False,False,False,False,annual,False
S-208edd21,A-9d992c,2022-02-19,,Pro,115,3208,38496,False,False,False,False,monthly,False
S-6d5040cd,A-83f776,2021-06-14,2022-04-22,Pro,4,1996,23952,False,False,False,True,monthly,True
S-5c2a653e,A-4fc69b,2021-08-08,,Enterprise,120,1178,14136,False,False,True,False,annual,True
S-a040a89b,A-99995c,2024-07-14,,Enterprise,40,2018,24216,False,False,False,False,monthly,True
S-5ed2f4f5,A-f2b464,2021-04-15,,Pro,163,1875,22500,False,False,False,False,annual,False
S-3319c0da,A-703310,2024-07-11,,Enterprise,113,4373,52476,False,False,False,False,annual,True
S-f48aaabd,A-301976,2023-08-26,,Enterprise,114,524,6288,False,True,False,False,annual,True
S-edc0d094,A-3f39a3,2021-04-26,,Enterprise,29,1035,12420,False,True,True,False,annual,True
S-40b9ab67,A-3f7dbc,2021-08-16,,Pro,52,1355,16260,False,False,False,False,monthly,False
S-ee53ebe0,A-fbe044,2022-05-30,,Pro,31,2640,31680,False,False,False,False,annual,True
S-0ab14396,A-e5e60e,2023-05-09,,Enterprise,74,5056,60672,False,False,False,False,monthly,True
S-3839da3b,A-3f9994,2022-12-22,,Pro,129,4402,52824,True,True,False,False,monthly,False
S-470ed426,A-93381a,2022-02-02,,Enterprise,48,4434,53208,False,False,False,False,monthly,True
S-68dd88dd,A-45687e,2023-02-27,,Enterprise,98,4759,57108,False,False,False,False,monthly,True
S-62f3fcb3,A-064dcf,2021-02-10,,Enterprise,112,550,6600,False,True,False,False,annual,False
S-3a503483,A-1ce57d,2023-01-17,,Pro,37,2964,35568,True,True,False,False,annual,True
S-9ed8ef5b,A-fd8d1b,2022-09-03,,Pro,3,1870,22440,False,False,False,False,monthly,False
S-e3e1a6d3,A-2b9974,2024-08-21,,Basic,41,2109,25308,False,False,False,False,monthly,True
S-504680ea,A-d9ad81,2024-01-08,,Basic,75,689,8268,False,False,True,False,annual,False
S-90fb2d56,A-b94147,2023-05-21,,Basic,20,1301,15612,False,False,False,False,annual,True
S-c1cc3ddb,A-45687e,2023-01-25,,Enterprise,183,56,672,False,False,False,False,annual,True
S-92d2ca1f,A-8a2dcf,2022-05-17,,Basic,158,4003,48036,False,False,False,False,monthly,True
S-3873ebb0,A-0b1c34,2022-10-30,2023-03-30,Pro,108,3057,36684,False,False,False,True,monthly,False
S-63c205da,A-5c19da,2024-04-13,,Pro,32,1012,12144,False,False,False,False,annual,True
S-6db5810a,A-fd5d1c,2021-08-16,,Pro,127,2500,30000,False,True,False,False,annual,True
S-312e220c,A-f11b19,2024-02-27,,Enterprise,88,1880,22560,False,True,False,False,monthly,True
S-2f1baeba,A-121302,2024-10-07,,Pro,5,744,8928,False,False,False,False,annual,True
S-581715a1,A-661aa8,2023-01-28,,Pro,119,2306,27672,False,True,True,False,monthly,True
S-f5997419,A-8f00d8,2023-08-02,,Basic,99,2933,35196,False,False,False,False,monthly,False
S-ac301b0f,A-040921,2022-04-16,,Basic,16,220,2640,False,False,False,False,monthly,True
S-58b1a3a8,A-e6fa42,2021-02-02,,Basic,78,3155,37860,False,False,False,False,monthly,True
S-2f38220e,A-7b3b51,2021-04-13,,Basic,86,1028,12336,False,False,False,False,annual,True
S-790f17da,A-40fc24,2021-10-30,,Basic,12,2849,34188,False,False,False,False,monthly,True
S-e9dde9ff,A-2be2ac,2023-02-12,,Basic,123,3995,47940,False,False,False,False,monthly,False
S-9ea72519,A-4f020e,2022-03-03,,Enterprise,178,3782,45384,False,False,False,False,annual,True
S-6be29d4e,A-ad2f33,2023-10-30,,Enterprise,14,1623,19476,False,False,True,False,monthly,True
S-0b8d61d5,A-42ab46,2023-12-08,,Basic,178,896,10752,False,False,False,False,annual,True
S-5d3c9d58,A-1126a7,2021-02-22,,Enterprise,155,1286,15432,False,False,False,False,annual,True
S-043b1c43,A-125cb3,2022-11-02,,Basic,3,2206,26472,False,False,False,False,monthly,True
S-209d4c60,A-71c2db,2021-04-29,,Enterprise,153,3385,40620,False,False,False,False,monthly,True
S-c66d2190,A-fd34f6,2023-06-13,,Basic,135,1067,12804,False,False,False,False,monthly,False
S-2e98af75,A-703310,2021-09-24,,Basic,47,141,1692,True,True,False,False,monthly,True
S-548f883c,A-cb96b6,2021-07-31,,Enterprise,167,3793,45516,False,False,False,False,monthly,True
S-cfe54f0b,A-0d7286,2023-05-17,,Pro,76,2913,34956,False,False,False,False,monthly,True
S-b04c7293,A-9a2c4f,2024-02-06,,Basic,27,1563,18756,False,False,True,False,annual,True
S-183e2f2c,A-d78e97,2022-01-02,,Basic,47,1847,22164,False,False,False,False,monthly,True
S-57f1eab5,A-68ffd0,2021-01-29,2021-11-27,Basic,20,2726,32712,True,False,False,True,monthly,True
S-a887f786,A-9b151e,2021-02-09,,Basic,21,3660,43920,False,True,False,False,monthly,True
S-ce86a53f,A-715861,2022-12-03,,Pro,54,3393,40716,False,False,False,False,monthly,False
S-81701c58,A-388c96,2023-02-11,,Pro,29,1462,17544,False,False,False,False,annual,True
S-a37ffd8b,A-579d6a,2023-06-07,,Pro,145,2160,25920,True,False,False,False,annual,True
S-9746a131,A-cc4e00,2021-11-17,,Basic,187,1906,22872,False,False,False,False,monthly,True
S-1a4810df,A-49256a,2022-03-25,,Basic,127,2315,27780,False,False,False,False,monthly,True
S-45c3f14f,A-3d5546,2023-03-05,,Pro,13,3979,47748,False,False,False,False,annual,True
S-30d19419,A-4fc69b,2023-06-01,,Basic,44,479,5748,False,True,False,False,monthly,True
S-e0c3918f,A-0edc7e,2022-02-25,,Pro,160,2761,33132,False,False,True,False,annual,True
S-0ad9ab89,A-e1796c,2023-11-02,,Enterprise,127,1038,12456,False,False,False,False,annual,True
S-7fd934d0,A-46d001,2021-04-02,,Basic,184,3318,39816,False,False,False,False,monthly,True
S-77b96760,A-125cb3,2021-04-06,,Enterprise,77,2528,30336,False,False,True,False,annual,True
S-6002f873,A-14e75c,2024-03-18,,Pro,58,1861,22332,False,True,False,False,annual,True
S-bff51233,A-ab8f61,2021-12-21,2022-07-10,Pro,96,2022,24264,False,False,False,True,monthly,False
S-b1819e16,A-29838a,2021-08-21,,Enterprise,58,2671,32052,False,False,False,False,annual,True
S-9e694696,A-6fdb5c,2021-03-10,,Pro,144,237,2844,False,False,False,False,annual,True
S-c280d21f,A-3c413d,2022-05-18,,Pro,76,3200,38400,False,False,False,False,monthly,True
S-3b2d5083,A-4b4931,2021-01-15,,Basic,138,4287,51444,False,False,False,False,monthly,False
S-933b5378,A-f4d2c5,2022-07-06,,Pro,42,2386,28632,False,True,False,False,annual,True
S-a7e2b464,A-4182b6,2023-03-16,,Enterprise,15,3720,44640,False,False,False,False,annual,True
S-a2f2e699,A-f60e4b,2023-09-13,,Pro,96,269,3228,False,True,True,False,monthly,True
S-36302ac3,A-95248b,2022-07-04,,Basic,160,1544,18528,False,True,False,False,annual,True
S-9171d49c,A-0bcb7a,2021-06-05,,Basic,124,429,5148,False,False,False,False,monthly,True
S-7bbfa8a4,A-85a324,2022-07-16,,Enterprise,103,4051,48612,False,True,False,False,annual,True
S-099866f7,A-144089,2024-06-25,,Enterprise,59,4866,58392,True,False,False,False,monthly,True
S-59ec3934,A-77d382,2023-12-28,,Basic,49,1608,19296,False,True,False,False,annual,True
S-e0356091,A-9e2b64,2022-11-11,,Basic,25,2897,34764,False,False,False,False,monthly,True
S-52ca6144,A-3a3477,2021-08-04,,Enterprise,114,1712,20544,False,False,False,False,monthly,True
S-d74da945,A-275801,2024-05-24,,Basic,178,1504,18048,False,False,False,False,monthly,True
S-d4267042,A-299f66,2024-01-22,,Enterprise,83,3058,36696,False,False,False,False,monthly,True
S-31cc4c95,A-9e5b2d,2021-01-16,,Enterprise,124,300,3600,False,False,False,False,monthly,False
S-3e667233,A-f60e4b,2022-02-11,,Enterprise,151,4217,50604,False,False,True,False,monthly,False
S-c9bb2587,A-3f39a3,2021-04-28,,Enterprise,184,65,780,False,False,False,False,annual,True
S-a488a87b,A-c0f13b,2023-12-01,,Basic,135,1152,13824,False,False,False,False,monthly,False
S-e6a6cb72,A-2810a5,2022-10-19,,Basic,123,1931,23172,False,False,True,False,monthly,True
S-e94d1ea1,A-8f00d8,2023-03-26,,Enterprise,79,298,3576,False,False,False,False,monthly,True
S-f2ad9c61,A-a721c1,2023-02-04,2024-10-25,Pro,44,624,7488,False,True,False,True,monthly,True
S-e25cd25e,A-59d242,2021-08-06,,Enterprise,163,70,840,False,False,False,False,annual,True
S-c3931b70,A-f60e4b,2024-02-06,,Pro,65,4563,54756,False,False,True,False,annual,False
S-6879b4ca,A-b67e99,2021-11-29,,Enterprise,45,1781,21372,False,False,False,False,annual,True
S-8186013b,A-314379,2023-03-19,,Basic,114,3465,41580,True,False,True,False,monthly,False
S-7dfa7050,A-bc0a07,2022-12-03,,Pro,50,4244,50928,False,False,False,False,annual,True
S-bfcf64bc,A-85a76f,2022-04-20,,Pro,189,2770,33240,False,False,False,False,monthly,True
S-18db7928,A-7c73b8,2024-01-09,,Pro,24,3004,36048,True,False,False,False,monthly,True
S-a350624f,A-891867,2021-04-06,,Basic,136,3132,37584,False,False,True,False,annual,True
S-ba10707d,A-a63269,2023-03-31,,Basic,15,1257,15084,False,False,False,False,annual,True
S-2639348f,A-961183,2024-12-22,,Basic,91,280,3360,True,False,False,False,annual,True
S-b8ad5c42,A-518980,2022-07-10,,Basic,58,217,2604,False,False,False,False,monthly,True
S-272584ff,A-0263d2,2023-04-21,,Pro,159,2645,31740,False,False,False,False,annual,True
S-baf2ae33,A-c812ae,2022-02-14,,Enterprise,74,890,10680,False,False,False,False,monthly,True
S-a5b876da,A-ed6bb8,2024-09-10,,Enterprise,93,2928,35136,False,False,False,False,monthly,True
S-2b5cb9cc,A-273a83,2024-11-19,,Enterprise,12,1990,23880,False,False,False,False,monthly,True
S-16eb76ae,A-ca5e0e,2022-11-28,,Basic,113,3496,41952,True,True,False,False,annual,True
S-9be4e847,A-78d2ec,2024-03-02,,Pro,44,1648,19776,False,False,False,False,annual,True
S-c3c1f910,A-488393,2021-06-09,,Pro,57,3088,37056,False,False,False,False,annual,True
S-161d5f9c,A-a98afd,2023-03-08,,Basic,43,887,10644,False,False,False,False,annual,True
S-26c84b6a,A-76a68f,2023-02-15,,Pro,108,2965,35580,False,True,False,False,monthly,True
S-244437e1,A-8ae5b4,2023-11-23,,Pro,1,1822,21864,False,False,False,False,monthly,True
S-ad75c0b8,A-1126a7,2022-10-03,,Pro,69,1374,16488,False,False,False,False,monthly,True
S-bf8139fb,A-0d7286,2024-04-23,,Enterprise,57,2236,26832,False,True,False,False,monthly,True
S-a5828fcb,A-467260,2023-09-28,,Enterprise,106,1602,19224,False,False,False,False,annual,False
S-e81470eb,A-cfdab5,2023-12-07,,Enterprise,97,2137,25644,True,False,False,False,annual,False
S-d257f39a,A-949e9c,2022-12-21,,Basic,107,2567,30804,False,True,False,False,monthly,True
S-299db97a,A-410bfd,2023-04-08,,Basic,95,3689,44268,False,False,True,False,annual,True
S-2b89b1cd,A-c6ab7a,2023-11-26,,Enterprise,9,2336,28032,False,True,False,False,annual,True
S-76fd03b2,A-205093,2024-03-27,,Enterprise,11,4166,49992,False,False,False,False,annual,True
S-f0930671,A-bd844f,2022-08-18,,Enterprise,106,2151,25812,False,False,False,False,monthly,True
S-07afbf5a,A-54f16c,2024-12-16,,Enterprise,63,1798,21576,False,False,False,False,monthly,True
S-db9c535a,A-b040a0,2021-02-15,,Basic,180,3882,46584,False,False,False,False,monthly,True
S-6cf82919,A-a771e3,2022-01-11,,Pro,165,3557,42684,False,True,True,False,monthly,True
S-f11aab5a,A-bc0a07,2023-11-07,,Basic,85,675,8100,False,False,False,False,annual,False
S-07a66e05,A-6e303f,2021-04-06,,Pro,78,2021,24252,False,True,False,False,monthly,True
S-efe2cbe5,A-5ba322,2023-10-29,,Enterprise,7,346,4152,False,False,False,False,annual,True
S-401f5aa9,A-0c8a26,2021-02-14,,Basic,31,471,5652,False,True,False,False,monthly,True
S-b2345e0b,A-00d9f1,2024-12-04,,Enterprise,103,225,2700,False,False,False,False,monthly,True
S-35ab8762,A-a481e9,2021-05-06,,Basic,174,1122,13464,False,True,False,False,annual,False
S-4a780b82,A-301976,2024-04-05,,Enterprise,131,2618,31416,False,True,False,False,annual,False
S-b1e4c44f,A-09bda1,2021-11-24,,Pro,53,264,3168,False,False,True,False,annual,True
S-a89cd8b3,A-4fc69b,2021-01-13,,Enterprise,79,1289,15468,False,True,False,False,monthly,True
S-fff945d6,A-46d001,2022-02-27,,Pro,61,303,3636,False,True,False,False,monthly,False
S-16b53b36,A-a1f6aa,2022-09-12,,Pro,154,510,6120,False,True,False,False,monthly,True
S-47597f0d,A-c166a2,2023-05-08,,Basic,158,4430,53160,False,False,False,False,annual,True
S-52654ae1,A-2c3420,2024-05-28,,Enterprise,70,1906,22872,False,False,False,False,annual,True
S-28ad8044,A-314379,2022-05-18,,Enterprise,174,978,11736,False,True,False,False,monthly,True
S-7e3bac67,A-e2d27a,2023-08-24,,Basic,2,975,11700,False,False,False,False,monthly,True
S-da86e946,A-3841e3,2024-10-20,,Enterprise,14,3635,43620,False,False,False,False,annual,True
S-82b1fc59,A-3a3477,2024-09-09,,Basic,168,521,6252,False,False,False,False,annual,True
S-2498583a,A-4f8805,2021-04-05,,Basic,106,4292,51504,False,True,False,False,monthly,True
S-9647b020,A-83f776,2023-11-17,,Pro,133,2815,33780,False,False,False,False,monthly,True
S-fd170de5,A-ca5e0e,2023-04-04,,Basic,45,4198,50376,False,False,False,False,monthly,False
S-aa772d25,A-275502,2022-10-31,,Enterprise,170,5750,69000,False,False,False,False,monthly,True
S-2b0e25bd,A-9c8b42,2022-11-26,,Basic,71,3048,36576,True,False,True,False,monthly,False
S-3b1a7047,A-6f8408,2024-11-04,,Basic,99,4375,52500,False,True,False,False,annual,True
S-46e11e8e,A-df55b3,2021-02-01,,Enterprise,160,1387,16644,False,True,False,False,monthly,True
S-c7e8ae95,A-cc6cd9,2023-05-13,,Basic,68,1345,16140,False,False,False,False,annual,True
S-8d3c0ced,A-f43965,2024-08-26,,Pro,125,1875,22500,False,True,True,False,annual,True
S-e630e221,A-2be2ac,2024-09-17,,Enterprise,77,8433,101196,False,False,False,False,annual,True
S-28b90db4,A-12a8c7,2024-04-14,2024-10-20,Pro,3,3920,47040,False,False,False,True,monthly,True
S-e790d68d,A-522b54,2024-12-13,2026-09-28,Pro,167,1465,17580,False,True,False,True,annual,True
S-dac0021a,A-af8daf,2023-02-08,,Pro,11,4121,49452,False,False,False,False,annual,True
S-1d3ecb96,A-819eaf,2021-06-12,,Pro,113,1144,13728,False,False,False,False,monthly,True
S-49800d75,A-961a05,2022-05-13,,Pro,131,2667,32004,False,True,False,False,annual,True
S-fed11d6c,A-cb96b6,2023-10-18,,Pro,71,730,8760,False,False,False,False,monthly,True
S-8daee65a,A-7c73b8,2021-09-18,,Basic,155,3775,45300,False,False,False,False,annual,True
S-b436c647,A-04a246,2021-09-22,,Enterprise,146,2437,29244,False,False,False,False,monthly,True
S-3976b41e,A-6e3d08,2021-12-23,,Pro,135,3316,39792,False,True,False,False,annual,True
S-78621547,A-f10061,2021-01-23,,Pro,19,2432,29184,False,False,False,False,annual,True
S-5dab6ce5,A-b81b20,2022-01-23,,Basic,154,1741,20892,False,True,False,False,monthly,True
S-6365192d,A-6cb2ce,2024-01-28,,Basic,142,5650,67800,False,False,False,False,monthly,True
S-68b35a77,A-0d7286,2024-12-25,,Enterprise,112,668,8016,True,True,False,False,monthly,True
S-7db43621,A-2411d9,2023-12-08,,Basic,65,885,10620,False,False,True,False,annual,True
S-2fe7821f,A-4f8805,2023-12-18,,Pro,33,4407,52884,False,True,False,False,monthly,True
S-674804df,A-e1fa7f,2021-04-12,,Enterprise,179,1634,19608,False,False,False,False,monthly,True
S-3b2a9e76,A-188cb6,2021-05-18,,Enterprise,9,1114,13368,False,False,False,False,monthly,True
S-2f7af1b7,A-f6b94c,2021-08-31,2023-03-12,Pro,148,4461,53532,False,True,False,True,annual,True
S-01365cd9,A-adf3b0,2021-09-29,2023-07-18,Pro,172,506,6072,False,True,False,True,monthly,False
S-c3cac1dc,A-a98afd,2021-10-05,,Basic,85,1353,16236,False,False,False,False,annual,True
S-2e91502f,A-1bf244,2022-04-24,,Enterprise,110,2262,27144,False,False,False,False,monthly,False
S-15ed8bb4,A-9aab82,2024-02-19,,Basic,33,4324,51888,False,False,False,False,monthly,True
S-2a41564c,A-d5772f,2021-03-11,,Pro,2,3140,37680,True,False,False,False,monthly,False
S-a467f668,A-ba42fc,2023-07-08,,Enterprise,26,573,6876,False,False,False,False,monthly,True
S-8d13984c,A-655235,2024-08-27,,Enterprise,2,58,696,False,False,False,False,annual,True
S-d5de95b1,A-efbe71,2024-12-26,,Enterprise,19,406,4872,False,False,False,False,monthly,False
S-d2e46e02,A-488393,2021-07-18,2023-01-07,Pro,19,811,9732,False,False,True,True,monthly,True
S-117ed104,A-9a8bb2,2024-03-24,,Enterprise,12,2073,24876,False,False,False,False,annual,False
S-8252650a,A-dc726d,2024-05-08,,Enterprise,54,175,2100,False,True,False,False,annual,False
S-a91cf1c4,A-144089,2022-09-28,,Enterprise,74,829,9948,False,True,False,False,annual,True
S-5be13874,A-fbe044,2023-06-29,,Pro,58,1524,18288,False,True,False,False,annual,True
S-2c56d7e3,A-a91287,2023-08-22,,Pro,156,1222,14664,True,False,True,False,annual,False
S-cd262100,A-314379,2024-02-16,,Pro,62,2771,33252,False,True,False,False,monthly,True
S-612a9b77,A-3633b2,2022-07-03,,Enterprise,66,1877,22524,True,False,False,False,annual,True
S-79015580,A-6751ab,2021-01-03,,Basic,25,1297,15564,False,False,False,False,monthly,True
S-d24bb54d,A-9f521d,2024-06-22,,Enterprise,64,1797,21564,False,True,False,False,annual,True
S-ba1202ec,A-46f183,2023-08-27,2024-07-13,Basic,4,3348,40176,False,False,False,True,annual,True
S-723fc4f7,A-12a8c7,2021-02-07,,Enterprise,155,2095,25140,False,False,False,False,monthly,True
S-2e3c9607,A-fd7c5d,2024-01-11,2024-09-11,Enterprise,188,471,5652,True,False,False,True,monthly,True
S-d3fc920f,A-faad0f,2023-03-29,,Pro,161,1048,12576,False,False,False,False,monthly,True
S-b33c55be,A-274168,2021-01-26,,Enterprise,24,927,11124,False,False,False,False,annual,True
S-db74ca75,A-e08e7c,2022-02-28,,Pro,61,4217,50604,False,False,False,False,monthly,False
S-45b44ff0,A-8a8f8a,2024-05-23,,Enterprise,130,916,10992,False,False,False,False,monthly,True
S-99613182,A-6e3d08,2023-11-02,,Basic,143,5334,64008,False,False,False,False,monthly,True
S-844747c3,A-daa5e1,2024-10-23,,Basic,186,17,204,False,False,False,False,monthly,False
S-0a6a035b,A-5c19da,2021-06-11,2023-06-08,Pro,38,544,6528,False,False,True,True,annual,True
S-c073bd17,A-5ba322,2024-02-08,,Pro,62,3027,36324,False,True,False,False,annual,True
S-fa169091,A-410148,2022-08-28,,Basic,176,2312,27744,False,True,True,False,monthly,True
S-7b45d87c,A-bd844f,2023-08-22,,Basic,183,2385,28620,False,False,False,False,monthly,True
S-901a6151,A-377924,2023-12-26,,Basic,36,2664,31968,False,False,True,False,annual,True
S-bdfdc5c9,A-274168,2022-08-16,,Basic,187,4234,50808,False,False,False,False,monthly,True
S-aa4d6a73,A-d5772f,2023-03-05,,Enterprise,105,3111,37332,False,False,False,False,monthly,True
S-70c4f1a1,A-121302,2021-01-06,,Enterprise,19,2969,35628,False,False,False,False,annual,True
S-4ad938d7,A-ef6f7e,2024-02-12,,Enterprise,56,1854,22248,False,False,True,False,annual,False
S-cfbd917c,A-275a5e,2021-04-17,,Enterprise,3,3745,44940,False,True,False,False,annual,True
S-2890f327,A-2b8e44,2024-08-18,,Pro,3,2466,29592,False,False,True,False,monthly,True
S-8c6dc8bb,A-4b4931,2021-03-31,,Basic,61,2624,31488,False,True,False,False,monthly,True
S-4f7337b9,A-2feda1,2022-11-26,,Enterprise,118,1954,23448,False,False,False,False,monthly,True
S-871a2ef1,A-2e3f29,2021-08-18,,Enterprise,13,4139,49668,False,False,True,False,monthly,False
S-3d163c93,A-819eaf,2023-08-08,,Enterprise,127,2239,26868,False,False,False,False,monthly,True
S-8383a20e,A-58a963,2024-07-14,,Pro,143,3028,36336,False,False,False,False,monthly,True
S-8c8e0aa6,A-b00145,2023-11-19,2025-07-11,Enterprise,162,3197,38364,False,False,False,True,annual,True
S-db69da79,A-ba7802,2022-12-19,,Pro,85,1283,15396,False,False,False,False,annual,True
S-2f9a0dab,A-63c268,2024-11-05,,Basic,127,5364,64368,False,True,False,False,monthly,True
S-e836aa95,A-a63269,2022-04-26,,Pro,36,755,9060,False,False,False,False,monthly,True
S-b6721bad,A-0ff5dc,2024-08-04,,Enterprise,104,3788,45456,True,True,False,False,monthly,True
S-5b641721,A-f43965,2023-10-30,,Enterprise,2,6042,72504,True,False,False,False,monthly,False
S-32dcadea,A-3bb1ee,2023-05-17,,Enterprise,81,3933,47196,False,False,False,False,monthly,True
S-f5eee5e1,A-d5aaf6,2021-09-22,,Basic,84,1602,19224,False,False,True,False,monthly,True
S-bf682354,A-9f521d,2022-06-26,,Enterprise,55,3167,38004,True,False,False,False,monthly,False
S-b6af1f00,A-b67e99,2023-08-16,,Pro,189,1156,13872,True,False,False,False,annual,True
S-b339e9eb,A-a54ab8,2023-03-26,,Enterprise,77,3812,45744,False,False,False,False,annual,True
S-82012826,A-ad2f33,2021-09-10,,Pro,127,2539,30468,False,False,False,False,monthly,True
S-29275933,A-3f39a3,2021-01-15,,Pro,13,3493,41916,False,False,False,False,monthly,True
S-bbfbd0e8,A-5c19da,2023-08-29,,Enterprise,2,3199,38388,False,True,False,False,monthly,True
S-a5e9721a,A-fd34f6,2023-01-08,,Basic,56,2747,32964,False,False,False,False,monthly,True
S-fe827351,A-e20152,2023-09-09,,Enterprise,104,1491,17892,False,True,False,False,annual,False
S-8510c98a,A-3c413d,2022-10-22,,Pro,102,872,10464,False,False,False,False,monthly,True
S-e3885eb7,A-8b5194,2024-04-30,,Basic,61,1899,22788,False,False,False,False,annual,True
S-f5606394,A-7e8d26,2022-11-24,,Basic,35,3933,47196,False,True,False,False,annual,True
S-766cf7a9,A-9a2c4f,2021-01-01,2022-10-24,Pro,133,3140,37680,False,True,False,True,annual,True
S-8ff112cf,A-795e78,2021-05-25,,Basic,39,4824,57888,False,True,False,False,annual,True
S-bf1e105d,A-95248b,2022-10-20,,Enterprise,33,1327,15924,False,True,False,False,monthly,True
S-a96ab1b4,A-8563a7,2024-03-10,,Enterprise,18,3255,39060,False,False,False,False,monthly,True
S-c2e15b01,A-4f8805,2023-03-17,,Enterprise,48,3241,38892,False,False,False,False,monthly,True
S-fdac5f3d,A-3f39a3,2021-09-20,,Pro,120,1880,22560,False,False,False,False,annual,True
S-9791a7e8,A-a4bc9c,2024-12-04,,Basic,187,3752,45024,False,False,False,False,monthly,True
S-2a9e8280,A-410148,2023-01-11,2024-03-03,Enterprise,9,1490,17880,False,False,False,True,monthly,True
S-308cd9ab,A-a1f6aa,2021-10-05,,Basic,122,4890,58680,False,False,True,False,monthly,False
S-a1a503f7,A-8a2dcf,2022-07-08,2024-05-31,Basic,112,3704,44448,False,False,False,True,annual,True
S-e3091f3e,A-e2d27a,2023-05-11,,Basic,111,1886,22632,False,True,True,False,monthly,True
S-b5a22db6,A-8f8cfc,2022-01-26,,Basic,92,1947,23364,False,False,False,False,monthly,False
S-77c1286f,A-144089,2022-06-22,,Basic,69,1806,21672,False,False,False,False,monthly,True
S-acadcffc,A-7e69c7,2022-03-22,,Basic,147,545,6540,False,False,False,False,annual,True
S-05b4e52f,A-cf45d3,2024-05-10,,Enterprise,110,1807,21684,True,False,False,False,annual,False
S-ee7a777a,A-b543ff,2021-01-30,,Pro,180,5981,71772,False,False,False,False,annual,True
S-2c1855af,A-d3763d,2023-06-13,,Basic,152,4070,48840,False,False,False,False,monthly,True
S-f7184c1b,A-59d242,2024-01-28,,Basic,137,4138,49656,False,True,False,False,monthly,True
S-cb66b945,A-b00145,2024-06-15,,Enterprise,2,3181,38172,False,True,False,False,annual,True
S-d22728d5,A-3633b2,2021-12-01,,Pro,152,1469,17628,False,False,False,False,monthly,True
S-02cb9d0b,A-f10061,2021-12-20,,Pro,184,2964,35568,False,False,False,False,monthly,False
S-968fdca7,A-b81b20,2023-10-24,,Basic,33,1539,18468,False,False,False,False,monthly,True
S-3708de69,A-7f7de2,2022-11-07,,Basic,134,3467,41604,True,False,False,False,annual,True
S-401fda8d,A-cb96b6,2022-06-08,,Enterprise,103,1744,20928,False,False,False,False,monthly,True
S-04d7b18b,A-fbe78b,2022-07-10,,Basic,176,2030,24360,False,False,False,False,annual,True
S-2c739991,A-964882,2024-10-21,,Enterprise,1,405,4860,False,False,False,False,annual,True
S-c110041b,A-4f020e,2021-09-02,2023-04-11,Enterprise,22,5452,65424,False,True,True,True,annual,True
S-fdd0931d,A-c0e2d5,2022-10-15,,Enterprise,130,3350,40200,False,False,False,False,annual,False
S-26847ae2,A-babd7f,2023-03-28,,Enterprise,91,2017,24204,True,False,False,False,annual,True
S-d1f9b490,A-795e78,2021-01-12,2022-03-13,Basic,115,304,3648,False,False,False,True,annual,True
S-a0a6a77e,A-37b909,2021-09-29,,Pro,91,2647,31764,False,True,False,False,monthly,True
S-d0a077aa,A-a2a361,2022-09-12,,Enterprise,132,2244,26928,False,False,False,False,annual,True
S-68e85b1f,A-d8fe58,2022-02-18,,Pro,5,147,1764,False,False,False,False,annual,True
S-cb1e5429,A-b4365e,2021-03-27,,Enterprise,6,3233,38796,False,False,True,False,monthly,True
S-1ba113c9,A-77d382,2022-07-03,,Pro,45,2608,31296,True,False,False,False,monthly,True
S-f9d93539,A-993774,2024-01-01,,Basic,72,4510,54120,False,False,False,False,annual,True
S-65ad4b72,A-1bf244,2023-06-07,,Basic,148,2913,34956,False,True,False,False,annual,False
S-7fcfe44a,A-4a3e3a,2024-02-12,,Pro,93,169,2028,False,False,True,False,annual,True
S-865c2f78,A-76eede,2021-03-28,,Enterprise,177,124,1488,False,False,False,False,monthly,True
S-63d94994,A-a1f6aa,2022-10-22,,Pro,58,4451,53412,False,False,False,False,annual,True
S-11284de5,A-e6ef8b,2024-07-10,,Enterprise,1,4530,54360,False,False,False,False,annual,True
S-35bcbdb3,A-3f9994,2021-04-01,,Pro,24,2738,32856,False,False,False,False,annual,True
S-f3645d91,A-4e2188,2023-12-03,,Enterprise,80,2184,26208,False,False,False,False,annual,True
S-73a27580,A-21c968,2023-07-31,,Basic,112,1715,20580,False,False,False,False,monthly,True
S-71b2be68,A-daa5e3,2022-09-25,2024-01-03,Pro,134,1563,18756,False,False,False,True,monthly,True
S-73440234,A-a3efac,2021-09-22,,Basic,165,3689,44268,False,False,False,False,monthly,False
S-b59fd7d8,A-61408e,2021-08-06,,Pro,44,3402,40824,False,False,False,False,annual,True
S-1967bf4f,A-8563a7,2024-01-29,,Enterprise,72,4185,50220,False,False,False,False,annual,False
S-b4b38d79,A-b56ab1,2022-03-06,2023-07-03,Pro,47,2044,24528,False,False,False,True,annual,False
S-6523e46e,A-f6b94c,2021-06-27,,Basic,136,2118,25416,False,False,True,False,monthly,True
S-c329e167,A-8f00d8,2021-11-03,,Enterprise,88,3066,36792,False,False,False,False,monthly,False
S-817ab7aa,A-b853d2,2023-05-11,,Basic,35,3405,40860,False,True,False,False,monthly,True
S-b5d0f1cf,A-99995c,2024-07-03,,Enterprise,44,2443,29316,False,False,False,False,annual,True
S-aa509719,A-f4c25c,2023-05-28,,Pro,183,416,4992,False,False,True,False,monthly,False
S-c2743fa5,A-d3803e,2022-07-29,,Pro,67,4362,52344,True,False,False,False,annual,True
S-dc66a22c,A-a91287,2022-02-19,,Basic,140,1768,21216,False,False,False,False,monthly,True
S-619fc1b1,A-babd7f,2023-08-06,,Pro,155,1603,19236,True,False,False,False,annual,False
S-541d0f83,A-11cce9,2024-12-29,,Basic,104,2526,30312,False,False,False,False,monthly,True
S-319e395a,A-b00145,2023-04-22,,Pro,176,3035,36420,False,True,False,False,annual,True
S-79005f85,A-e99e90,2021-08-11,,Basic,162,2149,25788,False,False,False,False,monthly,True
S-f21ea45a,A-fd8d1b,2021-06-30,,Pro,146,2290,27480,False,False,False,False,monthly,False
S-7ac10a4d,A-4182b6,2021-07-21,,Basic,7,1227,14724,False,False,False,False,monthly,True
S-30c15559,A-61408e,2024-05-05,2024-10-03,Basic,124,4287,51444,False,False,False,True,annual,True
S-252bcfbc,A-04b853,2022-04-19,,Pro,181,2696,32352,False,False,False,False,monthly,True
S-cdee1127,A-0ff5dc,2023-07-20,,Basic,126,2072,24864,False,False,False,False,monthly,True
S-be67b3bc,A-4e2188,2022-04-07,,Enterprise,87,3567,42804,False,False,False,False,monthly,True
S-e3270b45,A-36c0b3,2021-07-27,,Enterprise,56,3411,40932,False,False,False,False,annual,True
S-2dae6329,A-04b853,2022-10-14,,Basic,9,228,2736,False,False,False,False,annual,True
S-2459f77e,A-21c2da,2024-10-15,,Enterprise,72,2246,26952,False,False,False,False,annual,True
S-2f110de9,A-77cb78,2021-08-03,,Basic,17,3418,41016,False,False,True,False,monthly,False
S-eef65713,A-e1b1a4,2021-07-29,,Pro,83,6572,78864,False,True,False,False,monthly,True
S-737aacb1,A-7b1bc8,2022-10-27,,Basic,137,62,744,False,False,False,False,monthly,True
S-2e14d2d7,A-7231b2,2023-07-12,,Basic,60,1559,18708,False,False,False,False,annual,True
S-ad8385f3,A-dbf513,2023-05-24,,Basic,106,1140,13680,False,False,False,False,monthly,False
S-e87b76ec,A-bc60c8,2022-04-20,,Pro,77,1140,13680,False,True,False,False,monthly,True
S-474def51,A-e21fc9,2022-10-16,,Enterprise,128,3643,43716,False,False,False,False,monthly,True
S-d2a59ed3,A-b81b20,2023-10-18,,Basic,181,1712,20544,False,False,False,False,annual,True
S-f5f12e88,A-01c648,2024-02-20,,Basic,182,976,11712,True,False,True,False,annual,True
S-4808aa69,A-188cb6,2024-12-15,,Pro,59,1733,20796,False,True,False,False,monthly,True
S-a76ab944,A-8efb70,2021-05-22,,Pro,66,2661,31932,False,False,False,False,annual,True
S-14aa83a6,A-0562c3,2023-08-14,,Basic,121,1012,12144,False,False,False,False,monthly,True
S-62c2740e,A-bc727c,2024-07-18,,Pro,73,5047,60564,False,False,False,False,annual,True
S-6eed1856,A-8ae5b4,2024-06-02,,Enterprise,42,2127,25524,False,True,False,False,monthly,True
S-1c6cbc71,A-9e6b3e,2024-02-05,2024-12-24,Basic,26,2053,24636,False,False,False,True,annual,True
S-cbf4d79e,A-c812ae,2023-03-03,,Basic,144,4245,50940,False,False,False,False,annual,True
S-d15ac09d,A-aeac12,2021-09-21,,Pro,33,2865,34380,False,False,False,False,annual,True
S-14e3b97d,A-7ccb2e,2022-02-17,,Basic,163,3015,36180,False,False,True,False,monthly,True
S-5560b1e0,A-2b45e5,2024-04-13,,Enterprise,48,2184,26208,False,False,False,False,monthly,True
S-14da78dc,A-275a5e,2021-09-10,,Basic,20,659,7908,True,False,False,False,monthly,False
S-87588888,A-d3d2c6,2022-07-24,,Pro,9,3297,39564,False,False,False,False,monthly,True
S-b095b92d,A-d78e97,2022-03-27,,Enterprise,54,1565,18780,False,False,False,False,annual,False
S-37ea7cd0,A-4b4931,2023-09-27,,Enterprise,5,1730,20760,True,False,False,False,monthly,True
S-eee31acc,A-26efad,2024-07-25,,Pro,7,2358,28296,False,False,False,False,annual,True
S-6cac7d19,A-3a41b2,2023-07-27,,Enterprise,93,1161,13932,False,False,False,False,annual,True
S-8e8d7320,A-26bbfd,2021-04-18,,Enterprise,98,445,5340,False,False,False,False,monthly,True
S-6049e501,A-3204d3,2024-08-09,,Pro,163,3393,40716,False,False,False,False,annual,True
S-c68a9873,A-abbbd0,2024-11-04,,Enterprise,77,2831,33972,False,True,False,False,annual,False
S-3edaa36d,A-4f71e8,2024-01-27,,Pro,46,867,10404,False,False,True,False,monthly,True
S-3e2da0fd,A-2312e2,2022-03-03,,Pro,175,2284,27408,False,False,False,False,monthly,True
S-84b5406c,A-1788ce,2024-01-03,,Basic,77,597,7164,False,False,False,False,annual,True
S-c8e64ccf,A-275801,2023-01-10,,Basic,176,1673,20076,False,False,False,False,annual,True
S-8e76d3a8,A-f7395b,2021-08-23,,Pro,151,757,9084,False,False,False,False,monthly,True
S-a6559251,A-9f63c6,2021-05-11,,Basic,83,1436,17232,False,False,False,False,monthly,True
S-f4f46b91,A-7e69c7,2023-11-19,,Enterprise,136,622,7464,False,False,True,False,monthly,True
S-2992cd3f,A-9f63c6,2024-01-03,,Basic,22,2066,24792,False,False,False,False,monthly,True
S-c5843066,A-9c8b42,2024-01-01,,Enterprise,27,3555,42660,False,True,False,False,monthly,True
S-6a7633b0,A-a3efac,2023-07-24,2025-05-13,Basic,109,795,9540,False,False,False,True,monthly,True
S-f3218b5e,A-301976,2024-08-08,,Pro,1,237,2844,False,False,False,False,annual,True
S-0d57d538,A-51e832,2021-05-28,,Basic,4,1765,21180,False,True,False,False,annual,True
S-3a03e0ca,A-205093,2023-10-26,,Pro,166,4809,57708,False,False,False,False,monthly,True
S-39b46cd5,A-9d9ed2,2021-10-10,,Basic,40,1953,23436,True,False,True,False,annual,True
S-0da0bc30,A-f60e4b,2022-06-09,,Enterprise,145,1193,14316,False,True,False,False,annual,True
S-cb5d9490,A-d07cf7,2022-05-27,,Enterprise,35,1938,23256,False,True,False,False,monthly,False
S-b3d26cad,A-46d001,2024-04-17,,Enterprise,46,1010,12120,True,False,False,False,annual,True
S-4d50a36a,A-d9e9fc,2024-09-20,,Pro,54,2165,25980,False,False,False,False,annual,True
S-1650f3fc,A-bd844f,2022-04-12,,Basic,47,1504,18048,False,False,False,False,annual,True
S-2761c74c,A-0d5e78,2022-05-14,,Pro,174,1911,22932,False,True,False,False,annual,True
S-e7de0efc,A-a4bc9c,2022-09-04,,Pro,157,5400,64800,False,False,False,False,monthly,True
S-d733f30f,A-29838a,2023-05-31,,Basic,150,1670,20040,False,False,False,False,monthly,True
S-ec0bbb90,A-2c1987,2023-08-28,,Basic,63,4959,59508,False,False,False,False,annual,True
S-88eb73e1,A-fbe044,2024-06-27,,Enterprise,24,2206,26472,False,True,False,False,monthly,False
S-d7835017,A-31dcb8,2023-01-30,,Enterprise,17,3821,45852,False,False,False,False,monthly,True
S-2fca4812,A-4f020e,2022-05-20,,Basic,107,496,5952,False,False,False,False,monthly,True
S-09a34447,A-e6343a,2022-05-26,,Basic,179,1828,21936,False,False,False,False,monthly,False
S-685581b9,A-757186,2022-07-09,,Basic,60,255,3060,False,False,False,False,monthly,True
S-5d913140,A-280f2a,2023-04-16,,Basic,148,3776,45312,False,False,False,False,monthly,True
S-75b25487,A-4fc1cc,2024-12-19,,Enterprise,77,1118,13416,False,False,False,False,annual,True
S-9f524bc0,A-e1796c,2024-08-13,,Pro,51,4637,55644,False,False,False,False,annual,True
S-41f59506,A-fbe78b,2024-09-12,,Enterprise,64,22,264,False,True,False,False,monthly,True
S-6a99972f,A-46fc8d,2024-01-08,,Enterprise,121,1363,16356,False,False,False,False,monthly,False
S-cd04056c,A-e20152,2024-01-24,,Pro,58,2716,32592,False,False,False,False,annual,False
S-1b60cceb,A-314379,2023-11-22,,Pro,119,2377,28524,True,False,False,False,annual,True
S-877b1cf6,A-15e7b5,2021-09-25,,Pro,2,932,11184,False,False,False,False,annual,False
S-7ec74701,A-a81600,2024-02-09,,Pro,143,2193,26316,False,False,False,False,annual,True
S-0c192a76,A-51e832,2021-09-27,,Pro,152,3798,45576,False,False,False,False,monthly,True
S-6e1b2788,A-2be2ac,2024-08-08,,Pro,149,1761,21132,False,False,False,False,monthly,True
S-c238cb34,A-9201a1,2022-12-07,,Pro,28,2921,35052,False,False,False,False,monthly,False
S-0828a943,A-a98afd,2024-07-15,,Pro,56,5180,62160,False,False,False,False,monthly,True
S-c7ef9273,A-121302,2024-09-29,,Pro,184,241,2892,False,False,False,False,annual,True
S-13d90b7a,A-448821,2024-10-08,2026-10-06,Pro,141,182,2184,False,False,False,True,monthly,True
S-9b392914,A-39e2df,2023-03-09,,Enterprise,30,178,2136,False,False,False,False,monthly,True
S-991adde9,A-dc726d,2024-04-13,2024-08-04,Pro,58,4510,54120,False,False,False,True,annual,False
S-0b63d483,A-daa5e3,2023-05-09,,Basic,71,1325,15900,False,True,True,False,monthly,True
S-29b01bb5,A-cfdab5,2024-11-16,,Basic,16,983,11796,False,False,False,False,monthly,True
S-37ad3f97,A-9aab82,2021-06-01,,Pro,3,2660,31920,False,False,False,False,annual,True
S-07598454,A-fdeda5,2021-06-20,,Basic,80,1572,18864,False,False,False,False,annual,True
S-b2a2a96d,A-e2d27a,2023-12-21,,Basic,31,4596,55152,False,False,True,False,monthly,False
S-18949dc2,A-216da3,2024-06-25,,Basic,75,386,4632,False,False,False,False,monthly,True
S-006ba52c,A-87d27b,2022-11-06,,Pro,54,1926,23112,False,True,True,False,annual,True
S-20a3a0f1,A-0bcb7a,2024-10-06,2026-07-03,Enterprise,53,3045,36540,False,False,True,True,annual,True
S-a6557318,A-5a868a,2021-07-22,,Enterprise,53,4371,52452,False,False,True,False,monthly,True
S-9e6a5152,A-ce9869,2021-02-03,,Pro,119,123,1476,False,True,False,False,monthly,True
S-d69cae8c,A-3ea8a3,2024-09-03,2025-01-05,Enterprise,162,4525,54300,False,True,False,True,annual,True
S-ae54cced,A-641031,2024-05-29,,Enterprise,122,4348,52176,False,False,False,False,annual,False
S-48ab67ec,A-0143b8,2022-01-20,,Basic,10,2222,26664,False,False,False,False,annual,True
S-a52a2c5e,A-702e67,2023-02-16,,Basic,74,5165,61980,False,False,False,False,monthly,True
S-85ec8ead,A-67e8d1,2021-04-09,2022-01-07,Enterprise,14,3414,40968,False,False,False,True,annual,True
S-144ca06b,A-9175e6,2021-05-17,,Pro,89,2805,33660,False,False,False,False,monthly,True
S-a50c3bf5,A-ba7802,2022-10-01,,Enterprise,125,4548,54576,False,True,False,False,monthly,True
S-30bf7a69,A-dabc1b,2024-05-08,,Enterprise,134,2032,24384,False,False,False,False,annual,True
S-339e6bf2,A-42ab46,2023-11-04,,Enterprise,8,3208,38496,False,False,False,False,monthly,True
S-4f77aaec,A-961183,2023-06-06,,Enterprise,170,1604,19248,False,False,False,False,monthly,True
S-672bbcbe,A-0249c4,2021-10-26,,Pro,117,3030,36360,False,False,False,False,monthly,True
S-bd937310,A-a2e460,2023-01-22,2024-03-18,Enterprise,3,4350,52200,False,False,True,True,annual,False
S-593e8a6b,A-2b45e5,2024-09-01,,Basic,97,2977,35724,False,False,False,False,annual,True
S-e3437bf9,A-b913b0,2021-03-24,,Enterprise,114,2821,33852,False,True,True,False,annual,False
S-4c1b4f45,A-964882,2023-04-24,,Pro,26,180,2160,False,False,True,False,annual,True
S-5ef29ccd,A-2f36c1,2022-01-29,,Pro,32,426,5112,False,False,False,False,monthly,True
S-719db9f6,A-8ae5b4,2024-02-05,,Pro,138,2474,29688,False,False,False,False,monthly,True
S-21c1ac50,A-a4bc9c,2024-05-26,,Basic,9,2930,35160,True,True,False,False,monthly,True
S-21c5bc1b,A-f7395b,2023-07-16,,Enterprise,27,3298,39576,False,False,False,False,monthly,True
S-2bbb7405,A-4cf7f7,2022-10-06,,Basic,114,3156,37872,False,True,False,False,monthly,True
S-416296ae,A-2cf08b,2021-01-16,,Basic,171,1169,14028,False,False,False,False,annual,True
S-1e8aae3c,A-39e2df,2023-08-10,,Pro,33,2348,28176,False,True,True,False,annual,False
S-e6175bac,A-2151c8,2021-07-29,,Enterprise,63,4399,52788,False,False,False,False,annual,True
S-3e5c3766,A-3bb1ee,2023-11-12,,Basic,168,478,5736,False,False,False,False,monthly,True
S-50e9625c,A-001d08,2024-07-11,,Enterprise,173,2738,32856,False,False,True,False,monthly,True
S-cd68adb9,A-d8771a,2022-12-07,,Basic,144,2172,26064,False,False,False,False,annual,True
S-35a7131f,A-579d6a,2024-02-18,,Basic,170,2756,33072,False,False,False,False,monthly,False
S-fb100e1c,A-b56ab1,2022-05-06,,Enterprise,153,2670,32040,False,False,False,False,annual,True
S-8218cce0,A-82c3e3,2022-12-07,,Enterprise,179,2514,30168,False,False,False,False,monthly,True
S-87714b4e,A-430daf,2021-01-02,,Enterprise,111,355,4260,False,True,False,False,monthly,False
S-ac5abcbc,A-410bfd,2023-12-01,,Basic,187,1700,20400,True,False,False,False,monthly,True
S-838b19fd,A-b8b83c,2022-07-14,,Pro,12,1916,22992,True,False,False,False,monthly,True
S-f2a25fe1,A-d78e97,2022-04-02,,Basic,142,590,7080,True,False,False,False,monthly,True
S-2c54dd3a,A-5ba322,2022-02-03,,Basic,158,1440,17280,False,False,False,False,annual,True
S-75ed6710,A-e1406a,2022-09-10,,Basic,83,3861,46332,False,False,False,False,annual,True
S-ede9af15,A-cc6cd9,2022-05-08,,Enterprise,65,1043,12516,False,False,True,False,monthly,True
S-0af6ce38,A-67e8d1,2021-06-13,,Basic,88,2612,31344,False,False,False,False,monthly,True
S-1c45b09b,A-ba7802,2022-11-24,,Enterprise,150,2620,31440,False,False,False,False,monthly,True
S-7f3a0546,A-df55b3,2023-02-15,2023-12-26,Enterprise,55,3010,36120,False,True,False,True,monthly,True
S-ac97e762,A-a481e9,2022-08-20,,Pro,57,3696,44352,False,False,False,False,annual,False
S-e7529187,A-46f183,2023-12-12,,Enterprise,36,2348,28176,False,False,False,False,annual,True
S-6ea64d51,A-f11b19,2024-05-13,2024-11-20,Basic,125,2103,25236,False,True,False,True,monthly,True
S-dd45d8d1,A-04b853,2022-09-11,2024-01-29,Enterprise,31,977,11724,False,False,False,True,annual,True
S-e597e9e2,A-4aaf62,2024-05-22,,Basic,2,1204,14448,False,False,False,False,annual,True
S-08a7c9cd,A-7e8d26,2022-03-18,,Enterprise,78,2127,25524,False,False,False,False,annual,True
S-8be91b9f,A-d3154c,2021-04-03,,Enterprise,150,3043,36516,True,False,False,False,monthly,True
S-92db662f,A-77d382,2024-06-21,,Pro,1,1399,16788,True,True,False,False,annual,True
S-5c856fb0,A-36181a,2023-06-01,2023-11-27,Enterprise,88,1538,18456,False,False,False,True,monthly,True
S-b6b625c1,A-f89626,2023-11-19,,Enterprise,187,520,6240,False,False,False,False,monthly,True
S-4acd7ab1,A-0d7286,2021-01-01,,Basic,89,3934,47208,False,False,False,False,annual,True
S-82cb1b88,A-64ddde,2023-02-28,,Pro,20,1929,23148,False,False,False,False,monthly,True
S-4d23f869,A-f7395b,2022-05-17,,Basic,31,2782,33384,False,False,False,False,annual,True
S-cb536a4d,A-4f71e8,2024-12-03,,Pro,128,4349,52188,False,False,False,False,annual,True
S-24b173c0,A-c48f44,2021-12-29,,Enterprise,108,708,8496,True,True,False,False,monthly,True
S-28cc1a7e,A-8f8cfc,2024-12-05,,Enterprise,19,1401,16812,False,False,False,False,monthly,True
S-ba03dae3,A-2bf8bb,2024-10-14,,Basic,161,2087,25044,False,False,True,False,monthly,True
S-79117626,A-4fc1cc,2023-09-06,,Basic,51,2381,28572,False,True,False,False,annual,True
S-e29789d9,A-467260,2021-10-10,,Basic,133,3297,39564,False,False,False,False,annual,True
S-a05b8d50,A-3633b2,2023-10-17,2024-09-03,Pro,6,3391,40692,True,False,False,True,annual,False
S-3466a30c,A-16905a,2022-05-19,,Basic,145,25,300,False,True,False,False,annual,True
S-060044dc,A-8efb70,2022-03-01,,Basic,129,248,2976,False,False,False,False,monthly,False
S-d5b4dea2,A-674f3d,2024-01-02,,Pro,126,2933,35196,False,False,False,False,monthly,True
S-9b5e12f3,A-0c8a26,2024-03-13,2025-03-27,Basic,11,5199,62388,True,False,False,True,monthly,True
S-c0248974,A-3c413d,2023-03-06,,Enterprise,180,465,5580,False,False,False,False,monthly,False
S-f9595097,A-d16ef7,2022-03-28,,Pro,47,211,2532,False,False,False,False,annual,False
S-3c2f6873,A-8e16f1,2022-05-25,,Enterprise,94,4391,52692,False,False,False,False,monthly,True
S-b72ab4ba,A-d8fe58,2023-04-22,,Pro,41,600,7200,False,False,False,False,annual,True
S-2e634799,A-8efb70,2021-09-04,2022-11-24,Enterprise,36,2541,30492,False,False,False,True,annual,False
S-0e4e3d32,A-2f36c1,2023-05-08,,Enterprise,37,414,4968,False,True,False,False,annual,True
S-53920b48,A-17fe97,2023-07-06,,Basic,127,1657,19884,False,False,False,False,annual,True
S-12fb83db,A-961a05,2024-06-11,,Enterprise,69,2239,26868,False,True,False,False,annual,True
S-1de22614,A-df2118,2024-09-07,,Basic,48,632,7584,False,True,False,False,monthly,True
S-b13c197f,A-ef6f7e,2024-11-13,,Enterprise,74,1086,13032,False,False,False,False,monthly,True
S-d3838fe8,A-3841e3,2021-10-08,,Enterprise,134,765,9180,False,False,False,False,monthly,True
S-766ea135,A-91c9c6,2024-08-23,,Basic,175,2997,35964,False,False,False,False,annual,True
S-39b40bdd,A-70da28,2022-01-31,,Basic,40,3116,37392,False,False,False,False,annual,True
S-4735bce9,A-29838a,2021-05-12,,Pro,114,563,6756,True,True,False,False,monthly,True
S-fd60b7aa,A-df2118,2023-12-02,,Enterprise,29,3118,37416,True,True,False,False,monthly,True
S-ad004076,A-8a8f8a,2021-04-11,,Enterprise,69,1593,19116,False,False,False,False,annual,False
S-24665c56,A-449185,2022-02-21,,Pro,55,136,1632,False,False,False,False,annual,True
S-4b8fb40f,A-89fca7,2023-11-10,,Basic,128,4221,50652,False,False,False,False,monthly,True
S-5240108d,A-9175e6,2022-11-19,,Pro,156,1681,20172,False,False,False,False,annual,True
S-0829b81e,A-f1d958,2021-02-19,,Basic,184,711,8532,False,True,False,False,annual,True
S-a9bda87c,A-abbbd0,2023-01-27,,Pro,145,3364,40368,False,False,False,False,monthly,False
S-8a1b6698,A-68948f,2021-01-02,2022-01-06,Enterprise,136,1774,21288,False,False,False,True,monthly,True
S-c282380c,A-795e78,2021-04-10,,Enterprise,188,2838,34056,False,False,False,False,monthly,True
S-ca96c582,A-fd34f6,2022-06-07,,Enterprise,17,2594,31128,False,False,False,False,monthly,True
S-6f1e18cc,A-4e2188,2022-03-14,,Enterprise,134,2240,26880,False,True,False,False,annual,True
S-b13df5b5,A-2e3f29,2022-09-28,,Basic,160,1654,19848,False,True,False,False,annual,False
S-b78bf792,A-2f36c1,2023-02-21,,Pro,125,2461,29532,False,False,False,False,monthly,True
S-21719522,A-89fca7,2024-05-30,2025-10-15,Enterprise,156,2659,31908,False,False,False,True,monthly,True
S-7bcf01aa,A-f3890c,2021-07-30,,Enterprise,94,549,6588,False,False,False,False,monthly,True
S-a9ea39ef,A-15e7b5,2023-05-16,,Pro,99,157,1884,False,False,False,False,annual,True
S-44d864b7,A-064dcf,2022-02-12,,Pro,122,1150,13800,False,False,False,False,annual,True
S-773d9ff2,A-daa5e1,2024-01-04,,Pro,18,2626,31512,False,False,False,False,monthly,True
S-bd5dfb00,A-e1a8ea,2023-01-27,,Enterprise,62,3569,42828,False,False,False,False,monthly,True
S-b0bacd77,A-3bb1ee,2021-12-01,,Pro,120,13,156,False,False,False,False,monthly,True
S-849ba0e6,A-3ac391,2024-10-27,,Basic,69,3710,44520,False,False,False,False,monthly,False
S-c2c626b6,A-9d9ed2,2021-01-09,,Pro,132,2033,24396,False,True,False,False,monthly,True
S-a2a8e5e7,A-d766b2,2023-02-26,,Enterprise,166,1797,21564,False,False,False,False,monthly,False
S-dccc855f,A-1126a7,2024-12-25,2025-12-17,Enterprise,77,3529,42348,False,False,True,True,monthly,True
S-e9bf38cc,A-ef6f7e,2022-01-26,,Basic,138,3544,42528,False,False,False,False,monthly,True
S-df4c0489,A-3841e3,2021-01-17,,Enterprise,184,2124,25488,False,False,False,False,annual,True
S-76033250,A-105528,2021-08-26,,Pro,129,724,8688,False,False,False,False,annual,True
S-d63f3e32,A-77d382,2023-10-30,,Pro,3,2997,35964,False,True,True,False,monthly,False
S-ab1cc4bd,A-ab9ba5,2022-07-25,,Pro,173,4970,59640,False,False,False,False,monthly,True
S-0461247a,A-b32d86,2024-09-10,,Basic,25,3153,37836,False,False,False,False,monthly,False
S-3d89ee5d,A-9f63c6,2021-09-04,,Basic,162,387,4644,False,False,False,False,annual,True
S-d184aaa8,A-ad2f33,2023-03-28,,Pro,157,551,6612,False,False,False,False,annual,True
S-190c8c89,A-ef8d69,2022-06-29,2024-04-18,Pro,94,2418,29016,False,False,False,True,annual,False
S-5b4fc789,A-99203a,2024-10-13,,Basic,160,1723,20676,False,False,False,False,annual,True
S-9c1bf274,A-5d149a,2021-06-05,,Pro,160,842,10104,False,False,False,False,monthly,True
S-40043ce1,A-babd7f,2024-10-07,,Basic,164,2842,34104,False,True,False,False,annual,True
S-85e90a87,A-f10061,2024-12-08,2025-03-18,Basic,182,2274,27288,False,True,True,True,annual,True
S-bd660a3a,A-3e6efe,2021-10-03,,Basic,67,658,7896,False,False,False,False,annual,False
S-960179f0,A-2312e2,2022-02-21,,Pro,130,937,11244,False,False,False,False,annual,True
S-b8645ada,A-f4d2c5,2022-01-18,,Basic,65,161,1932,False,False,False,False,annual,False
S-54891bf4,A-f2b464,2024-07-21,,Enterprise,174,1128,13536,False,False,True,False,monthly,True
S-e82b7307,A-bd844f,2023-10-11,,Enterprise,38,2755,33060,False,True,False,False,monthly,True
S-2bd7740a,A-aeac12,2024-04-27,,Enterprise,128,320,3840,False,False,True,False,monthly,True
S-67c11487,A-85a76f,2024-10-15,,Pro,23,3777,45324,False,False,False,False,monthly,True
S-96c0614a,A-b36d98,2024-04-21,2025-05-02,Pro,54,2233,26796,False,False,False,True,annual,False
S-f426f3a4,A-715861,2022-02-20,,Basic,61,4014,48168,False,False,False,False,annual,True
S-0937f365,A-adf3b0,2024-05-10,,Pro,52,86,1032,False,True,True,False,monthly,True
S-16bdde2b,A-ed72be,2024-04-21,2026-01-20,Basic,134,1435,17220,False,True,False,True,monthly,False
S-601c0fe0,A-7b3b51,2023-12-25,,Enterprise,135,1648,19776,False,False,False,False,annual,False
S-2a64f7a4,A-e1406a,2021-05-13,,Enterprise,160,3784,45408,False,False,False,False,annual,False
S-4e0acf85,A-ed72be,2024-12-17,,Pro,107,340,4080,False,False,False,False,annual,True
S-303bd049,A-467260,2024-08-09,2024-12-01,Basic,110,2621,31452,False,False,False,True,monthly,True
S-ac0b5a12,A-b8b83c,2022-09-13,,Basic,179,2754,33048,False,False,False,False,monthly,False
S-d95a74bf,A-309d6a,2022-03-28,2022-07-26,Enterprise,55,3624,43488,False,False,True,True,annual,True
S-a8195b44,A-6e3d08,2023-10-16,,Enterprise,115,2377,28524,False,False,False,False,annual,True
S-ad81a6c5,A-c4599d,2021-09-13,,Enterprise,122,3202,38424,False,False,False,False,annual,True
S-734603f0,A-1bf244,2021-08-01,,Enterprise,110,3452,41424,False,False,False,False,monthly,True
S-44a60bba,A-ba42fc,2021-09-14,,Enterprise,61,2373,28476,False,False,False,False,monthly,True
S-a82b348a,A-f10061,2021-06-29,,Basic,164,797,9564,False,False,False,False,annual,True
S-11b2da14,A-8d94af,2023-05-21,,Basic,3,1184,14208,False,False,False,False,annual,True
S-ef1e72f5,A-87ec94,2023-03-21,,Pro,44,3172,38064,False,False,False,False,monthly,False
S-5adadaa9,A-9f63c6,2024-01-07,,Enterprise,62,3494,41928,False,False,False,False,annual,True
S-ccc5c827,A-186adc,2024-06-28,,Enterprise,39,2006,24072,False,False,False,False,annual,True
S-77e43561,A-ece32d,2021-02-21,,Enterprise,137,2872,34464,True,True,True,False,annual,True
S-4e5fb11c,A-c0260e,2022-08-19,,Enterprise,28,4124,49488,False,False,False,False,monthly,True
S-b67dbeb4,A-2c3420,2022-01-21,,Basic,91,2943,35316,False,False,True,False,annual,True
S-f85d2623,A-a63269,2021-06-14,,Pro,79,1715,20580,False,True,False,False,annual,True
S-b1571e81,A-d3803e,2021-03-31,2023-01-07,Pro,164,2578,30936,False,False,False,True,monthly,False
S-60afefca,A-85a76f,2022-12-17,,Basic,161,3305,39660,False,True,False,False,annual,True
S-242232af,A-8ae5b4,2021-09-10,,Pro,17,3175,38100,False,False,False,False,monthly,True
S-3050dfc2,A-3f9994,2021-12-17,,Basic,6,855,10260,False,False,False,False,monthly,False
S-6588ea00,A-21c2da,2021-11-28,,Pro,31,2916,34992,False,True,False,False,monthly,True
S-5a95c6b2,A-891867,2023-10-18,,Enterprise,35,4274,51288,False,False,False,False,annual,True
S-98c2da8a,A-bd844f,2023-05-18,,Basic,62,1297,15564,False,False,False,False,monthly,False
S-c9de227a,A-68ffd0,2024-11-29,,Enterprise,177,244,2928,True,False,False,False,monthly,True
S-de894627,A-125cb3,2024-09-20,,Enterprise,127,759,9108,False,False,False,False,monthly,True
S-5508dcd1,A-ce9869,2022-03-03,,Enterprise,65,3363,40356,False,False,False,False,annual,True
S-c39ef596,A-8f8cfc,2023-02-19,,Enterprise,108,5891,70692,False,False,False,False,annual,True
S-81174128,A-1f5600,2022-07-03,,Basic,76,967,11604,False,False,False,False,annual,False
S-74d10b2b,A-4f020e,2024-09-03,,Basic,127,1041,12492,False,False,False,False,monthly,True
S-c45f7dec,A-e20152,2022-05-08,,Enterprise,170,2458,29496,False,False,False,False,monthly,True
S-139591b6,A-99995c,2023-11-07,,Basic,167,1731,20772,False,False,False,False,monthly,True
S-25c1a9cc,A-5d149a,2024-08-21,,Enterprise,187,3025,36300,False,False,False,False,annual,True
S-a7e7c1a4,A-e08e7c,2022-12-31,2023-12-08,Basic,9,1734,20808,False,False,False,True,monthly,True
S-6135e831,A-b36d98,2021-01-17,2021-09-05,Enterprise,45,2572,30864,False,False,False,True,annual,True
S-08449e83,A-fd5d1c,2024-11-28,,Pro,37,2419,29028,False,False,False,False,monthly,True
S-7f1be8d1,A-3f9994,2022-12-09,,Basic,176,4917,59004,True,False,True,False,monthly,True
S-d3d2b500,A-ff97ce,2022-11-18,,Basic,34,1000,12000,False,False,False,False,monthly,True
S-0068d67c,A-e71149,2024-09-09,,Basic,25,3354,40248,False,False,False,False,annual,True
S-a8ff3c38,A-c0e2d5,2023-08-09,,Basic,60,2374,28488,False,False,False,False,annual,False
S-cb849029,A-410148,2022-11-09,,Basic,185,716,8592,False,True,False,False,monthly,True
S-59f6fd92,A-3ea8a3,2024-03-25,2024-10-11,Enterprise,68,1064,12768,False,False,False,True,monthly,False
S-a70ae994,A-5e8a5d,2024-09-29,,Basic,14,2669,32028,False,False,False,False,annual,True
S-32700652,A-2b9974,2024-10-18,,Basic,162,817,9804,False,False,False,False,monthly,False
S-a0d5d693,A-09bda1,2024-07-05,2025-03-29,Enterprise,25,6316,75792,True,False,False,True,monthly,True
S-66e515a1,A-7e69c7,2023-01-03,,Enterprise,9,896,10752,False,False,False,False,monthly,True
S-4f3b0b6e,A-2feda1,2021-08-09,,Enterprise,64,518,6216,False,False,False,False,annual,True
S-c8838150,A-661aa8,2021-06-27,,Pro,185,2844,34128,False,False,False,False,annual,True
S-9edda63c,A-1f7327,2021-07-27,,Basic,8,474,5688,False,False,False,False,annual,True
S-b8b2f186,A-87d27b,2023-06-25,,Basic,109,4499,53988,False,True,False,False,annual,True
S-0bfa8ead,A-9201a1,2022-04-27,,Enterprise,87,2222,26664,False,False,False,False,annual,True
S-d1ff2e70,A-daa5e1,2022-11-19,2023-11-21,Pro,37,1396,16752,False,True,False,True,annual,True
S-99e54fc3,A-e23d29,2023-06-22,,Enterprise,26,1286,15432,False,False,False,False,annual,True
S-42147547,A-8a8f8a,2023-12-24,,Pro,89,1505,18060,False,True,False,False,annual,True
S-c3545bce,A-819eaf,2021-10-25,,Basic,63,1903,22836,False,False,False,False,annual,True
S-51ffd0f7,A-d5772f,2021-12-26,,Pro,121,2105,25260,False,False,False,False,annual,True
S-3fc58465,A-8e171c,2024-06-02,2025-06-06,Pro,152,3349,40188,True,False,False,True,annual,False
S-e22a1daf,A-641031,2023-12-04,,Basic,158,2440,29280,False,False,True,False,annual,True
S-68a85a2f,A-46d001,2024-08-30,,Basic,150,3452,41424,False,True,False,False,annual,True
S-6c08daa5,A-e99e90,2023-04-16,,Basic,120,1782,21384,False,False,False,False,monthly,True
S-dd74ea14,A-999860,2021-05-12,,Basic,42,222,2664,False,False,False,False,annual,True
S-b73b1894,A-4f8805,2021-04-20,,Enterprise,41,1326,15912,True,False,False,False,monthly,False
S-d0a5aaa5,A-377924,2022-10-22,,Enterprise,118,2226,26712,False,False,False,False,annual,True
S-30117ea2,A-0263d2,2024-03-02,,Enterprise,75,1924,23088,False,False,False,False,annual,True
S-766f005c,A-3a19f8,2023-02-04,,Enterprise,66,2024,24288,False,True,False,False,annual,True
S-d55b9a9b,A-5d149a,2021-09-26,,Basic,144,341,4092,False,False,False,False,monthly,True
S-add27556,A-36c0b3,2022-09-27,,Enterprise,15,4275,51300,False,False,False,False,annual,True
S-bb3886b1,A-6e3d08,2021-04-07,,Enterprise,185,2260,27120,False,False,False,False,annual,True
S-c46ec379,A-29b014,2022-12-14,,Enterprise,138,589,7068,False,True,False,False,monthly,True
S-de698e8c,A-127d60,2021-07-17,2022-04-22,Pro,45,3284,39408,True,False,False,True,monthly,True
S-3575ae1f,A-0bcb7a,2022-07-30,,Basic,140,332,3984,False,True,True,False,monthly,True
S-62b0f36c,A-a2a361,2024-01-26,,Basic,141,2317,27804,False,False,True,False,annual,True
S-afef1800,A-040921,2023-03-04,,Basic,164,934,11208,False,False,True,False,annual,True
S-2f87eb25,A-9b417b,2024-10-17,,Enterprise,63,5645,67740,False,False,False,False,annual,True
S-b58061f2,A-1bf244,2024-12-17,,Pro,110,4185,50220,False,True,True,False,monthly,True
S-131067de,A-c32b0a,2022-06-11,,Enterprise,3,2468,29616,False,False,False,False,monthly,True
S-98b4c384,A-d3154c,2021-02-26,,Pro,137,2339,28068,False,False,False,False,annual,True
S-c46df6b5,A-14e75c,2023-12-20,,Basic,21,2344,28128,False,False,False,False,monthly,True
S-513bd50a,A-b040a0,2023-01-15,,Pro,37,1706,20472,False,False,False,False,monthly,True
S-6dca2ab4,A-127d60,2022-01-17,,Enterprise,188,678,8136,False,True,False,False,annual,True
S-92599dbe,A-0562c3,2023-05-01,,Enterprise,109,2012,24144,False,False,False,False,monthly,True
S-ad7e69b1,A-dec46e,2023-02-21,,Enterprise,96,822,9864,False,False,True,False,monthly,True
S-f983bee8,A-8eb0b9,2023-12-11,,Enterprise,12,2461,29532,False,True,False,False,monthly,False
S-bce9557f,A-9d9ed2,2022-08-15,,Enterprise,101,3481,41772,False,True,False,False,monthly,True
S-fd8e2466,A-f43965,2021-01-02,,Enterprise,29,1633,19596,True,False,False,False,annual,True
S-36974869,A-001d08,2021-12-23,,Pro,59,2923,35076,False,False,False,False,monthly,True
S-fbe501cf,A-1b90d5,2023-05-02,,Pro,65,2691,32292,False,False,False,False,annual,True
S-a01fa719,A-bf83ac,2023-11-12,,Enterprise,144,3127,37524,False,False,True,False,monthly,True
S-9ed47780,A-3d75c1,2023-09-24,,Basic,165,1443,17316,False,False,False,False,annual,True
S-22d8355d,A-0d7286,2022-12-07,,Basic,181,3860,46320,False,False,False,False,monthly,True
S-53412a3d,A-9201a1,2021-04-29,,Pro,58,6028,72336,False,True,False,False,annual,True
S-337a63eb,A-59672e,2024-11-05,,Pro,33,3870,46440,False,False,False,False,annual,True
S-ee10063f,A-127d60,2021-06-29,,Basic,179,3257,39084,False,False,False,False,monthly,True
S-e1bcd7d6,A-e85f12,2023-09-11,,Enterprise,187,349,4188,False,False,False,False,annual,False
S-53fe5d01,A-273a83,2024-04-06,,Pro,154,2792,33504,True,True,False,False,monthly,True
S-dd92b8ae,A-205093,2021-09-12,,Enterprise,107,230,2760,False,False,False,False,monthly,True
S-2a855ca5,A-9e6b3e,2021-07-28,,Basic,3,1470,17640,False,False,False,False,annual,True
S-ef397dcc,A-7aee9c,2024-12-18,,Pro,52,2517,30204,False,True,False,False,annual,False
S-56d8134e,A-9a8bb2,2022-12-23,,Pro,107,1386,16632,False,False,False,False,annual,True
S-71b7f94b,A-293305,2024-02-23,,Enterprise,135,4920,59040,False,False,False,False,monthly,False
S-50055275,A-559b49,2021-04-20,,Basic,43,3819,45828,False,True,False,False,monthly,False
S-0fe3faaa,A-720f79,2023-10-21,2025-04-08,Enterprise,44,147,1764,False,False,False,True,monthly,True
S-1d4ae160,A-fd34f6,2021-09-04,,Enterprise,20,4616,55392,False,False,False,False,monthly,True
S-50a96064,A-aad5c7,2021-04-03,,Enterprise,173,1509,18108,False,False,False,False,monthly,True
S-f2697446,A-50e35d,2022-11-13,,Pro,178,1633,19596,False,False,False,False,monthly,True
S-1eda5f24,A-3a3477,2024-04-15,,Enterprise,72,2504,30048,False,False,False,False,monthly,True
S-e94e44fe,A-9e6b3e,2022-10-22,,Enterprise,88,1093,13116,False,False,True,False,annual,True
S-07b39e30,A-32812a,2022-01-13,,Enterprise,66,2489,29868,False,False,False,False,annual,False
S-8cbb94e5,A-e5e60e,2021-08-06,,Enterprise,181,1543,18516,False,False,False,False,annual,True
S-f1ca66b4,A-f4fe1f,2022-04-23,,Basic,54,1902,22824,False,False,False,False,monthly,True
S-1d3327c7,A-60fec0,2023-03-09,,Enterprise,155,3387,40644,False,False,False,False,monthly,True
S-2ca5d047,A-7e8d26,2023-12-04,,Basic,167,371,4452,False,False,False,False,annual,False
S-1bec5498,A-d07cf7,2024-04-01,,Basic,162,5860,70320,False,False,False,False,annual,True
S-ad9c26d4,A-467260,2024-05-24,,Basic,49,1413,16956,False,False,False,False,annual,True
S-71c01746,A-2109a3,2023-11-07,2024-07-05,Pro,160,87,1044,False,False,False,True,monthly,True
S-541bef58,A-d3763d,2021-10-06,,Basic,3,442,5304,False,True,False,False,monthly,True
S-b68ea6e8,A-1126a7,2021-12-16,,Enterprise,70,349,4188,True,False,False,False,annual,False
S-51b1605e,A-dee10f,2022-04-16,,Basic,48,4496,53952,False,False,False,False,annual,True
S-c31c0562,A-3cccbc,2024-01-20,2025-01-01,Enterprise,69,3012,36144,False,False,False,True,annual,False
S-b937d66a,A-b36d98,2021-11-15,,Enterprise,63,1481,17772,False,False,True,False,annual,True
S-cc7e11ca,A-0e38f6,2023-06-19,,Pro,24,1082,12984,False,False,False,False,annual,True
S-c45e0fd3,A-a771e3,2022-11-20,,Basic,73,1628,19536,False,False,False,False,monthly,True
S-2d26f980,A-3f39a3,2024-12-18,2025-08-02,Pro,10,4451,53412,False,False,False,True,monthly,False
S-88eed633,A-f4fe1f,2021-07-11,,Pro,46,469,5628,False,True,False,False,annual,True
S-b803649d,A-9e2b64,2021-02-25,,Pro,99,496,5952,False,False,False,False,annual,True
S-e7000025,A-37b909,2021-12-26,2022-07-22,Pro,111,2090,25080,False,False,False,True,monthly,True
S-50bd865c,A-c4599d,2021-12-10,,Enterprise,60,3764,45168,False,True,False,False,monthly,False
S-f423bd3f,A-ff97ce,2024-07-04,,Basic,5,2237,26844,False,False,False,False,annual,True
S-9789cf99,A-4aaf62,2022-07-29,,Pro,39,849,10188,False,False,False,False,monthly,True
S-e1b98d26,A-299f66,2022-01-20,,Pro,133,3174,38088,False,False,False,False,monthly,True
S-ae47b44f,A-2c3420,2023-01-30,,Enterprise,189,5040,60480,False,False,False,False,annual,True
S-afebf0c2,A-9a2c4f,2023-11-06,,Basic,73,3180,38160,False,False,False,False,monthly,True
S-464eefbe,A-95248b,2021-10-01,,Pro,6,1071,12852,False,False,False,False,monthly,True
S-550978fc,A-9d4ff6,2022-12-13,,Enterprise,134,2131,25572,False,False,False,False,monthly,False
S-4ace9d2a,A-2c1987,2023-09-10,,Pro,3,300,3600,False,False,False,False,monthly,False
S-a2b374f3,A-3f9dfa,2023-05-15,,Pro,121,2613,31356,False,True,False,False,monthly,False
S-ee573e56,A-7af86f,2023-12-08,,Pro,152,4361,52332,False,False,False,False,monthly,True
S-0973a407,A-29838a,2023-07-22,,Pro,157,1771,21252,False,False,False,False,monthly,True
S-50893d2c,A-c8e48c,2023-07-11,,Basic,149,3455,41460,False,True,False,False,annual,True
S-7b9c331e,A-3dc038,2024-08-08,2025-11-24,Enterprise,160,1345,16140,False,True,True,True,monthly,True
S-0289eb4a,A-e1a8ea,2023-12-09,,Enterprise,184,1616,19392,False,False,False,False,monthly,True
S-14bf6bad,A-274168,2023-01-05,,Basic,20,1997,23964,False,False,False,False,annual,True
S-38a2e37b,A-8e171c,2023-02-27,,Basic,67,1981,23772,False,False,False,False,annual,True
S-dcf24d72,A-275a5e,2022-03-01,,Basic,148,540,6480,False,True,False,False,monthly,False
S-8400cebb,A-b00145,2022-10-26,,Enterprise,166,4776,57312,False,False,False,False,annual,True
S-c8f20283,A-17fe97,2022-04-15,,Pro,68,1637,19644,False,False,False,False,monthly,True
S-4401a6a2,A-11cce9,2024-12-10,,Enterprise,85,2901,34812,False,True,False,False,monthly,False
S-68556c55,A-09489d,2022-11-08,2024-11-05,Basic,181,3419,41028,False,False,False,True,monthly,True
S-57a1febc,A-e85f12,2022-09-09,,Enterprise,19,267,3204,False,False,False,False,annual,True
S-8a17782a,A-8a2dcf,2024-03-19,,Pro,14,1969,23628,False,True,False,False,annual,True
S-10a3abb8,A-3a3477,2021-06-23,2021-10-12,Basic,37,1565,18780,False,False,False,True,monthly,True
S-df753f2d,A-3d75c1,2024-06-04,,Enterprise,129,3501,42012,False,True,False,False,annual,True
S-93e91232,A-522b54,2023-07-31,,Basic,122,2014,24168,True,False,False,False,annual,True
S-305dfef6,A-ba7802,2022-02-02,,Enterprise,55,2328,27936,False,False,False,False,monthly,True
S-00bab16b,A-16905a,2022-05-16,,Basic,19,3496,41952,False,True,False,False,monthly,True
S-65222a37,A-63c268,2023-05-14,2023-07-31,Pro,115,797,9564,False,False,False,True,monthly,False
S-319bdf32,A-448821,2021-12-21,,Enterprise,35,2403,28836,False,False,False,False,annual,True
S-d6876492,A-9f9cca,2021-03-26,,Pro,155,3865,46380,False,False,False,False,annual,False
S-e2b97216,A-c0e2d5,2023-02-06,,Enterprise,74,675,8100,False,False,False,False,annual,True
S-ae89a0d8,A-3ea8a3,2021-10-11,,Pro,65,3134,37608,False,False,False,False,monthly,True
S-bd63674d,A-e1796c,2023-09-03,,Basic,143,405,4860,False,True,False,False,monthly,True
S-7fa8de13,A-ed72be,2023-09-11,,Enterprise,90,1055,12660,False,True,False,False,monthly,True
S-eda4389b,A-01c648,2022-03-02,,Pro,16,3222,38664,False,True,True,False,annual,True
S-67ccbacc,A-4acad6,2024-03-15,,Enterprise,102,1767,21204,False,False,False,False,monthly,True
S-6ace5114,A-795e78,2022-06-24,,Pro,86,1202,14424,False,False,False,False,monthly,False
S-23edcbf3,A-83f776,2022-02-15,,Basic,162,3267,39204,False,False,False,False,monthly,False
S-b8780b61,A-39e2df,2021-03-17,,Enterprise,147,3352,40224,False,True,False,False,monthly,False
S-13e9e058,A-a91287,2024-04-12,,Pro,21,303,3636,False,False,False,False,monthly,True
S-3de9115c,A-85322a,2023-03-29,,Enterprise,23,897,10764,False,False,False,False,monthly,True
S-6fadae67,A-77cb78,2023-07-07,,Enterprise,187,1683,20196,False,False,False,False,monthly,True
S-cd71734b,A-d16ef7,2024-08-19,,Basic,172,3871,46452,True,False,False,False,annual,True
S-ab58c438,A-9f9cca,2024-10-06,,Enterprise,38,2353,28236,False,True,False,False,monthly,True
S-8e9314bf,A-6f8408,2023-04-08,,Basic,151,265,3180,False,False,False,False,annual,True
S-beb8665b,A-e1406a,2021-12-03,,Enterprise,148,1945,23340,False,False,False,False,monthly,False
S-9c58ff7c,A-d98759,2022-10-09,,Enterprise,175,1857,22284,False,False,False,False,annual,True
S-e9d04616,A-7f7de2,2022-06-03,2022-09-09,Enterprise,97,2162,25944,True,False,False,True,annual,True
S-c126c4f9,A-f4d2c5,2024-02-05,,Enterprise,65,2756,33072,False,False,False,False,annual,True
S-0b7be872,A-9dfcee,2022-09-05,,Pro,156,2061,24732,False,True,False,False,monthly,True
S-c998907e,A-e08e7c,2024-10-08,,Pro,58,1883,22596,False,False,False,False,monthly,True
S-b1cda3c3,A-e20152,2021-06-18,,Pro,105,1959,23508,False,False,False,False,monthly,True
S-98482c8b,A-3f9994,2021-07-15,,Basic,53,791,9492,False,True,False,False,annual,True
S-cf6f1d3e,A-3f9994,2022-12-29,,Pro,108,3296,39552,False,False,True,False,monthly,True
S-85e6c615,A-125cb3,2024-06-27,,Enterprise,138,5644,67728,False,True,False,False,annual,True
S-5b6f00f5,A-b94147,2022-11-03,,Enterprise,148,203,2436,False,False,False,False,annual,False
S-8914d4cd,A-6fdb5c,2021-12-16,,Enterprise,97,256,3072,False,False,False,False,annual,False
S-ec417002,A-2109a3,2021-08-15,,Pro,138,588,7056,False,False,False,False,monthly,True
S-75ad388b,A-70da28,2024-03-17,2024-05-28,Enterprise,15,4071,48852,False,False,True,True,annual,True
S-46e037dd,A-c812ae,2023-02-28,,Basic,45,3715,44580,False,True,False,False,annual,False
S-039a1c7d,A-a63269,2024-03-22,,Basic,62,3761,45132,False,False,False,False,monthly,True
S-bfe112f5,A-04b853,2021-07-28,,Basic,50,960,11520,False,False,False,False,monthly,True
S-075d06b4,A-396e8b,2022-02-07,,Pro,165,1901,22812,False,True,True,False,annual,True
S-113729a2,A-825eb0,2022-04-03,2022-07-02,Basic,113,2542,30504,False,False,True,True,monthly,True
S-f780d526,A-ca5e0e,2023-04-15,,Basic,78,590,7080,False,False,False,False,monthly,True
S-5c649c41,A-9f9cca,2024-12-20,,Basic,78,1993,23916,False,False,False,False,monthly,True
S-10770dc6,A-961183,2021-07-21,,Basic,158,463,5556,False,False,False,False,monthly,True
S-639aa77b,A-e23d29,2022-09-21,,Enterprise,27,5688,68256,True,False,False,False,annual,True
S-043d90cd,A-cc4e00,2024-08-05,,Basic,24,402,4824,True,False,False,False,annual,False
S-15bed842,A-5a8f35,2023-12-15,,Enterprise,32,2731,32772,False,True,False,False,monthly,False
S-0f7ffdf0,A-280f2a,2021-11-08,,Enterprise,128,3153,37836,False,False,False,False,monthly,True
S-2d1cc820,A-253b47,2024-06-20,,Enterprise,50,1256,15072,False,False,False,False,monthly,True
S-ebfc4120,A-d22b13,2021-01-08,2022-09-12,Basic,36,2685,32220,False,False,False,True,monthly,False
S-6c4d031c,A-31d091,2022-12-22,,Pro,13,2143,25716,False,True,True,False,monthly,False
S-d98d341a,A-66d8db,2024-09-15,,Enterprise,69,274,3288,False,False,False,False,annual,True
S-84c7c458,A-b46328,2022-01-27,,Basic,23,2934,35208,False,True,False,False,monthly,True
S-97fb8362,A-99995c,2024-10-18,,Enterprise,165,1625,19500,True,False,False,False,annual,False
S-f9ca1e7d,A-7b3b51,2023-03-30,2024-05-22,Pro,47,4196,50352,False,False,False,True,annual,True
S-c39e5c00,A-bc60c8,2023-09-05,,Basic,103,2621,31452,False,False,False,False,annual,True
S-fd1a657b,A-29838a,2021-02-17,,Basic,150,3841,46092,False,False,False,False,annual,True
S-6e27b9e4,A-2151c8,2021-03-14,2022-05-16,Pro,161,3064,36768,False,False,False,True,annual,True
S-ec5e1910,A-36c0b3,2023-10-05,,Enterprise,98,3744,44928,False,False,False,False,monthly,True
S-c99da244,A-e1fa7f,2022-05-02,2023-07-04,Pro,14,1135,13620,False,True,False,True,monthly,False
S-c8f718e3,A-8a2dcf,2021-02-17,,Pro,50,5222,62664,False,True,False,False,monthly,False
S-37305fe3,A-127d60,2022-07-22,,Pro,21,1843,22116,False,False,False,False,monthly,True
S-c9c55baf,A-626bb3,2022-11-06,,Enterprise,151,1749,20988,False,False,False,False,annual,True
S-b191c528,A-e6fa42,2024-03-12,,Enterprise,151,637,7644,False,True,False,False,monthly,True
S-0ecbf11e,A-e71149,2021-04-08,,Enterprise,62,2202,26424,False,False,False,False,annual,True
S-feeafb7a,A-2b45e5,2022-03-17,,Basic,145,3929,47148,False,False,False,False,monthly,True
S-62967728,A-9a9689,2021-01-17,,Basic,104,1920,23040,False,False,False,False,annual,False
S-9e71402a,A-2c850e,2022-11-11,,Basic,39,4150,49800,False,True,False,False,monthly,False
S-3105119a,A-04b853,2024-01-01,,Enterprise,43,2737,32844,False,False,False,False,annual,True
S-61b0d028,A-275801,2022-03-24,,Pro,54,1240,14880,True,False,False,False,monthly,True
S-af9886b4,A-ba42fc,2022-09-03,,Basic,164,3019,36228,False,True,False,False,annual,True
S-f2050e75,A-4f71e8,2024-02-04,,Basic,69,194,2328,False,False,False,False,annual,True
S-523394dc,A-2bf8bb,2021-10-28,2022-11-27,Basic,83,1514,18168,False,False,False,True,monthly,True
S-355d154b,A-2cf08b,2021-11-21,,Basic,160,1440,17280,False,False,False,False,annual,True
S-20e8103a,A-c0e2d5,2024-11-05,2026-09-17,Pro,41,1437,17244,False,False,False,True,monthly,True
S-46f5cf12,A-bb8a0a,2021-08-30,,Pro,127,4128,49536,False,False,False,False,annual,True
S-db023364,A-48a544,2022-10-14,2023-11-14,Enterprise,29,2344,28128,False,False,False,True,annual,True
S-c010b09b,A-85a76f,2021-01-17,,Pro,145,105,1260,False,False,False,False,monthly,True
S-bc45aa53,A-e21fc9,2021-08-14,,Basic,189,2178,26136,False,False,False,False,annual,True
S-762bcded,A-795e78,2022-07-30,,Enterprise,72,2465,29580,False,False,False,False,annual,True
S-dec985c6,A-f1d958,2024-05-14,,Enterprise,161,318,3816,False,False,False,False,monthly,True
S-e591a576,A-a2e460,2021-06-19,,Enterprise,130,3547,42564,False,False,False,False,annual,True
S-2e2657a2,A-66ee96,2022-09-07,,Pro,57,5177,62124,False,False,False,False,monthly,True
S-4f7ecea3,A-1bf244,2023-03-31,,Pro,27,3544,42528,False,False,False,False,monthly,False
S-1246d56e,A-6487b2,2022-12-08,,Basic,112,3017,36204,False,False,False,False,monthly,False
S-b873f49c,A-68ffd0,2024-07-20,,Enterprise,35,3482,41784,True,False,False,False,monthly,False
S-b60aada5,A-ab8f61,2022-09-05,,Enterprise,182,4246,50952,False,False,False,False,monthly,True
S-1f1178c8,A-71c2db,2024-10-30,,Enterprise,94,2938,35256,False,True,True,False,monthly,False
S-a32e298a,A-9e9f30,2023-01-02,,Enterprise,169,1400,16800,False,False,True,False,annual,True
S-d73dd32e,A-ca5e0e,2022-11-28,,Enterprise,36,1453,17436,True,True,False,False,monthly,True
S-640e9912,A-2312e2,2024-05-28,,Enterprise,102,135,1620,True,False,False,False,annual,True
S-0326183a,A-f5777d,2023-09-12,,Basic,171,2301,27612,False,False,False,False,annual,True
S-24c1e090,A-b67e99,2023-10-31,2025-04-07,Pro,174,1521,18252,False,False,False,True,annual,True
S-8caaeb7b,A-90b550,2021-12-05,,Basic,26,2480,29760,False,False,False,False,monthly,True
S-a3dc8678,A-8f8cfc,2024-10-10,,Pro,147,571,6852,False,False,False,False,annual,True
S-759a0fa6,A-f3aa45,2022-10-16,,Pro,124,1718,20616,True,False,False,False,monthly,True
S-11b9c54a,A-b2adb9,2024-12-21,,Basic,111,2652,31824,False,False,False,False,annual,False
S-0aaff02a,A-7231b2,2024-02-29,,Enterprise,186,901,10812,True,False,False,False,annual,False
S-77312455,A-a4bc9c,2021-04-21,,Pro,29,4615,55380,False,False,False,False,monthly,True
S-56f5b921,A-2f36c1,2021-04-15,,Pro,32,1088,13056,False,False,False,False,monthly,False
S-2a48a420,A-2b45e5,2022-08-13,,Pro,169,1786,21432,False,False,False,False,monthly,True
S-7a549573,A-71c2db,2023-01-19,,Pro,87,4646,55752,False,True,False,False,monthly,True
S-050b865c,A-cdee75,2024-07-22,,Basic,167,3837,46044,False,False,False,False,annual,True
S-cb78b064,A-8b3a95,2021-10-24,,Pro,96,3252,39024,False,True,False,False,monthly,True
S-6f366826,A-8f00d8,2022-12-06,,Basic,129,781,9372,True,False,True,False,monthly,True
S-e2d640a2,A-dbf513,2023-12-24,,Enterprise,161,36,432,False,False,False,False,monthly,True
S-f9ca6681,A-40fc24,2024-09-03,,Enterprise,5,738,8856,False,False,False,False,annual,False
S-ccd7aa6f,A-51eed3,2023-06-30,,Basic,66,512,6144,False,False,False,False,monthly,True
S-f0a280f5,A-ef8d69,2024-11-21,,Enterprise,82,1417,17004,False,False,False,False,annual,True
S-56775071,A-b2adb9,2022-08-04,,Pro,104,4218,50616,True,False,False,False,monthly,False
S-71669427,A-e1fa7f,2021-07-26,2022-12-09,Basic,11,436,5232,False,False,True,True,annual,True
S-57e15d72,A-4ef13f,2024-03-19,,Basic,148,4212,50544,True,False,False,False,monthly,True
S-23fc8312,A-d3803e,2023-12-20,,Enterprise,40,1227,14724,False,False,False,False,monthly,True
S-d0c249da,A-816156,2024-09-23,,Basic,150,359,4308,False,False,False,False,annual,False
S-f9f16c13,A-0e303f,2023-05-28,,Enterprise,92,2228,26736,False,False,True,False,monthly,True
S-322238c6,A-16905a,2021-09-20,,Basic,55,5693,68316,False,True,False,False,annual,False
S-255aa337,A-4e2188,2021-08-07,,Enterprise,13,1460,17520,False,False,False,False,monthly,True
S-e2f5ab53,A-188cb6,2022-09-27,,Basic,111,1541,18492,False,False,False,False,annual,True
S-0100b5f9,A-d3d2c6,2024-03-08,,Enterprise,178,2436,29232,False,False,False,False,annual,True
S-658c51f7,A-c402fb,2024-09-29,2024-12-20,Basic,117,1713,20556,False,False,False,True,annual,True
S-510f548a,A-b913b0,2023-01-18,,Enterprise,45,3915,46980,False,False,False,False,monthly,True
S-d7d7e21f,A-b040a0,2022-05-01,,Pro,152,4757,57084,False,False,False,False,annual,True
S-f6d1e4f8,A-9f63c6,2023-11-04,,Enterprise,27,113,1356,True,True,False,False,annual,True
S-870e22af,A-176774,2021-12-07,2023-10-09,Enterprise,43,1724,20688,False,True,False,True,monthly,False
S-afab5f93,A-518980,2024-04-14,,Basic,86,535,6420,False,False,False,False,annual,True
S-02f94b3d,A-0edc7e,2022-10-15,,Enterprise,162,186,2232,False,False,False,False,monthly,True
S-b6419197,A-a91287,2023-02-07,,Basic,29,1395,16740,False,False,False,False,monthly,True
S-f60e4cec,A-999860,2024-11-26,,Enterprise,98,3349,40188,False,True,False,False,annual,True
S-662f58ef,A-0bcb7a,2021-10-23,2023-06-10,Enterprise,177,3181,38172,False,False,False,True,monthly,True
S-61b9d56b,A-4064bb,2022-09-09,,Pro,72,299,3588,False,False,False,False,annual,True
S-d79de882,A-715861,2021-12-06,2022-03-22,Basic,63,1848,22176,False,False,False,True,annual,True
S-92ab71ea,A-01c648,2023-06-27,,Enterprise,100,4182,50184,True,True,False,False,monthly,True
S-641dd5e6,A-a98afd,2022-08-20,,Pro,108,905,10860,False,False,False,False,monthly,True
S-1bf2326b,A-4b4931,2023-08-11,,Enterprise,155,2313,27756,False,False,False,False,annual,True
S-51fd1ed1,A-518980,2021-05-15,,Pro,11,2314,27768,False,False,False,False,annual,True
S-c76a2146,A-71c2db,2024-09-07,,Enterprise,100,2734,32808,False,False,False,False,monthly,False
S-536b6788,A-9aab82,2021-11-28,,Pro,66,1528,18336,False,False,False,False,annual,True
S-3bbe9937,A-993774,2023-04-02,2023-12-24,Pro,175,3535,42420,True,False,False,True,annual,True
S-bad3022e,A-fb30f4,2021-03-09,,Basic,4,1425,17100,False,True,False,False,monthly,False
S-5d53995e,A-825eb0,2024-12-15,,Pro,175,944,11328,True,False,False,False,annual,True
S-6acbe650,A-a721c1,2024-03-21,2025-05-31,Enterprise,119,2996,35952,False,False,False,True,monthly,False
S-aa65ade1,A-d0403b,2022-05-21,2023-03-01,Basic,102,1959,23508,False,False,False,True,annual,True
S-4b692253,A-fd8d1b,2021-01-08,,Enterprise,7,3776,45312,False,False,False,False,annual,True
S-5b42ff81,A-e09af2,2021-01-22,,Pro,155,3528,42336,False,False,False,False,monthly,True
S-9d40c4f3,A-a1f6aa,2023-10-29,,Enterprise,22,3224,38688,True,False,False,False,monthly,False
S-c3b6a55f,A-274168,2021-06-22,,Pro,65,5216,62592,False,False,False,False,annual,True
S-9c9c48d2,A-fd5d1c,2021-02-23,,Pro,23,1850,22200,False,False,False,False,annual,True
S-ccd3edc9,A-467260,2023-01-23,,Pro,150,474,5688,False,False,True,False,monthly,True
S-558e0670,A-5c19da,2024-05-19,,Enterprise,125,95,1140,False,True,False,False,annual,True
S-08e3376b,A-ce9869,2021-04-27,,Basic,19,2095,25140,False,False,False,False,monthly,True
S-bd136093,A-105528,2021-07-10,,Pro,163,1930,23160,False,False,False,False,monthly,True
S-0148d138,A-4c2fc6,2024-02-19,,Basic,143,5275,63300,False,False,False,False,monthly,False
S-05acabed,A-04a246,2023-06-12,,Pro,84,3455,41460,False,False,False,False,annual,True
S-82bbbb4b,A-3e6efe,2023-07-21,,Pro,60,2085,25020,False,False,False,False,annual,True
S-b4925534,A-e6e3cd,2022-04-12,,Pro,185,1716,20592,False,False,False,False,annual,True
S-464eab44,A-50e35d,2022-06-25,,Enterprise,30,5173,62076,False,False,False,False,annual,True
S-dd953600,A-dd2024,2021-03-30,,Pro,56,437,5244,False,False,False,False,monthly,True
S-eb37e078,A-3c413d,2022-11-30,,Pro,124,2903,34836,True,False,False,False,annual,False
S-74a5ade8,A-2bf8bb,2023-01-08,,Pro,106,1698,20376,False,True,True,False,annual,False
S-217a297a,A-af8daf,2024-03-25,,Enterprise,116,513,6156,False,False,False,False,monthly,True
S-d4e7cada,A-7f7de2,2021-11-03,,Enterprise,175,2258,27096,False,False,False,False,monthly,False
S-fa186078,A-e979f8,2024-10-25,2025-06-20,Basic,3,1000,12000,False,False,False,True,monthly,True
S-7f06da41,A-040921,2022-12-16,,Enterprise,152,3915,46980,False,True,False,False,monthly,True
S-096b76ab,A-d5772f,2023-04-16,2024-10-28,Basic,105,2137,25644,False,False,False,True,annual,False
S-0f20c72d,A-adedd2,2023-06-22,,Pro,168,382,4584,False,False,False,False,annual,True
S-c174a2f6,A-f60e4b,2022-04-02,,Enterprise,48,2651,31812,False,False,False,False,monthly,True
S-f235453e,A-63c268,2021-06-24,2022-10-15,Pro,34,2313,27756,False,False,False,True,monthly,True
S-7c881f13,A-cc6cd9,2023-04-14,,Basic,168,3362,40344,False,False,False,False,monthly,True
S-a806c927,A-d22b13,2022-05-11,2022-11-03,Enterprise,65,2513,30156,False,True,False,True,annual,True
S-23696333,A-e1a8ea,2021-02-26,,Enterprise,97,4346,52152,False,False,False,False,annual,True
S-6d498332,A-50e35d,2021-01-05,,Enterprise,113,1470,17640,False,False,False,False,monthly,True
S-589c78a2,A-95248b,2021-07-05,,Basic,63,2791,33492,False,False,True,False,annual,True
S-b86007f0,A-2312e2,2022-06-27,,Pro,137,3727,44724,False,False,False,False,annual,True
S-22281b96,A-6f29f7,2024-03-31,,Basic,134,492,5904,False,False,False,False,annual,False
S-8e94628a,A-ed72be,2021-10-21,,Enterprise,106,3356,40272,False,False,False,False,annual,True
S-14780418,A-e20152,2021-03-03,,Pro,109,2055,24660,False,False,False,False,monthly,True
S-e59f7e3e,A-3f7dbc,2024-10-22,,Enterprise,44,2320,27840,False,False,False,False,annual,True
S-8df28485,A-47ce41,2021-07-10,,Enterprise,84,4382,52584,False,False,False,False,monthly,False
S-274ceeab,A-795e78,2024-03-27,,Enterprise,124,29,348,False,False,False,False,annual,False
S-b538690e,A-9b151e,2024-12-03,2025-06-12,Pro,80,1494,17928,False,False,False,True,monthly,False
S-371650d8,A-d9e9fc,2023-08-29,,Pro,110,630,7560,True,True,False,False,annual,True
S-76b4beb4,A-a81600,2021-01-14,,Enterprise,83,1275,15300,True,True,False,False,annual,True
S-84c54ac1,A-d3803e,2024-11-03,2024-12-24,Pro,168,2638,31656,False,True,False,True,annual,True
S-551572be,A-410bfd,2023-01-21,,Enterprise,102,2846,34152,False,False,False,False,monthly,False
S-94a2cfdc,A-186adc,2021-05-20,2022-03-21,Enterprise,82,1206,14472,False,True,True,True,annual,True
S-736b3835,A-144089,2024-10-26,,Basic,65,2533,30396,False,False,False,False,annual,True
S-00f734d8,A-c0f13b,2021-04-24,,Pro,139,3381,40572,False,False,False,False,annual,True
S-74d835c9,A-babd7f,2023-02-02,,Basic,37,1105,13260,False,False,False,False,annual,True
S-3a9c75bb,A-205093,2024-08-12,2024-10-31,Enterprise,115,3017,36204,False,True,False,True,monthly,True
S-68bbfa2b,A-21c968,2022-07-03,,Enterprise,88,1451,17412,False,True,False,False,annual,True
S-e612007b,A-0562c3,2023-01-18,2023-06-06,Pro,124,67,804,False,True,False,True,monthly,True
S-37b65966,A-4f8805,2021-09-25,2023-05-23,Enterprise,141,1156,13872,False,False,False,True,monthly,True
S-a106bfaf,A-c48f44,2024-03-03,,Basic,51,3423,41076,False,False,False,False,annual,True
S-ead908e7,A-93381a,2021-07-31,,Pro,162,2033,24396,False,False,False,False,monthly,True
S-48f9f0aa,A-6f8408,2022-03-09,,Enterprise,43,1543,18516,False,False,False,False,annual,False
S-b4dbc9a6,A-4aaf62,2023-07-31,,Basic,29,1404,16848,False,False,False,False,monthly,True
S-e1cfdec7,A-3f7dbc,2023-08-16,,Basic,89,1082,12984,False,False,False,False,annual,True
S-e0b02a31,A-a771e3,2021-12-31,,Pro,121,1474,17688,False,False,False,False,monthly,True
S-75fba175,A-4e2188,2023-08-03,,Pro,163,3024,36288,False,False,False,False,monthly,True
S-eecd0008,A-eca077,2023-08-06,,Basic,155,1060,12720,False,False,False,False,monthly,True
S-2807d0c5,A-572cc7,2023-04-12,,Basic,174,2760,33120,False,False,False,False,annual,True
S-efb3bd3a,A-64ddde,2022-04-09,,Basic,166,972,11664,True,False,False,False,monthly,True
S-e9a3ea6e,A-f1d958,2023-05-08,,Pro,74,14,168,True,True,False,False,monthly,True
S-3570bb19,A-2312e2,2023-09-06,,Pro,43,52,624,False,False,False,False,monthly,False
S-c5ea8a54,A-579d6a,2021-09-15,,Enterprise,106,1385,16620,False,False,False,False,monthly,True
S-3ba2dd38,A-85a324,2022-07-04,,Enterprise,16,266,3192,False,False,False,False,monthly,True
S-58cb9db0,A-3a41b2,2024-12-26,,Basic,80,1227,14724,False,False,False,False,monthly,True
S-96219229,A-8ae5b4,2024-03-16,,Enterprise,3,2826,33912,False,False,False,False,annual,True
S-8afd861d,A-6751ab,2022-04-02,,Pro,70,938,11256,False,False,False,False,monthly,True
S-29a8b06c,A-7ccb2e,2022-05-12,,Enterprise,166,3931,47172,False,False,False,False,monthly,False
S-f10e67c8,A-393763,2023-09-13,,Pro,64,2218,26616,False,True,False,False,monthly,True
S-52616424,A-186adc,2021-12-01,,Enterprise,187,1286,15432,False,False,True,False,annual,True
S-39958c53,A-964882,2021-10-21,,Pro,163,2498,29976,True,False,False,False,monthly,True
S-de78ff1f,A-780b56,2024-08-13,,Pro,116,2049,24588,False,False,False,False,annual,True
S-341ed861,A-6df3cb,2022-06-17,,Enterprise,165,5837,70044,False,False,False,False,annual,True
S-387ca5dd,A-c0f13b,2024-12-15,,Enterprise,111,3313,39756,False,False,False,False,monthly,False
S-9ed7da72,A-a771e3,2022-04-06,,Pro,103,1551,18612,False,False,False,False,annual,True
S-c59f333f,A-e5e60e,2024-10-07,,Pro,177,3225,38700,False,False,False,False,monthly,True
S-75524089,A-f11b19,2023-07-25,,Pro,57,3570,42840,False,False,False,False,annual,True
S-6377d389,A-377924,2024-07-12,,Enterprise,54,977,11724,True,False,False,False,monthly,True
S-d7d6d5e0,A-800523,2022-01-02,,Enterprise,163,2214,26568,False,False,False,False,monthly,True
S-57249f01,A-f56c83,2021-04-23,,Basic,12,2184,26208,False,True,True,False,annual,True
S-67186d75,A-2bcd7c,2021-09-28,,Enterprise,94,2872,34464,False,False,False,False,monthly,True
S-050ff951,A-2b8e44,2024-04-18,,Basic,163,110,1320,False,True,False,False,monthly,False
S-20235448,A-fa82d4,2024-11-08,,Basic,21,3697,44364,False,True,False,False,annual,False
S-2c22adf1,A-001d08,2021-09-27,,Pro,10,1404,16848,False,False,True,False,monthly,True
S-4f38cc19,A-9d4ff6,2022-05-26,,Pro,6,1594,19128,False,False,False,False,monthly,True
S-75bdbeec,A-4f71e8,2022-06-05,,Pro,18,1728,20736,False,False,False,False,monthly,True
S-a6167ee5,A-a721c1,2022-10-06,,Enterprise,111,5623,67476,False,True,False,False,annual,True
S-6e735d3e,A-b00145,2022-07-23,,Enterprise,111,807,9684,False,False,False,False,annual,True
S-00795d89,A-df92d4,2024-10-03,,Pro,111,91,1092,False,True,False,False,monthly,True
S-4ffdfbb5,A-4f498a,2023-06-12,,Basic,11,1167,14004,False,True,False,False,annual,True
S-ff6f1981,A-127d60,2023-10-23,,Pro,118,1070,12840,False,False,False,False,monthly,True
S-b1fd2852,A-2e3f29,2023-05-16,2024-11-13,Pro,152,367,4404,True,True,False,True,annual,True
S-095b9836,A-6f8408,2023-05-06,,Pro,39,3712,44544,False,False,False,False,monthly,True
S-3867bcc2,A-b36d98,2024-05-01,,Enterprise,101,370,4440,False,False,False,False,monthly,True
S-c2c6f602,A-393763,2023-04-15,,Pro,23,197,2364,False,False,False,False,monthly,False
S-29887181,A-e9662a,2021-04-04,,Pro,10,2374,28488,False,False,False,False,annual,True
S-c677171f,A-a0ed92,2024-01-04,,Basic,4,1182,14184,False,True,False,False,monthly,False
S-ef195feb,A-0c9ef2,2024-07-31,,Pro,173,2765,33180,False,False,False,False,monthly,True
S-eb3746f1,A-9a9689,2023-07-28,,Enterprise,58,1701,20412,False,False,True,False,monthly,True
S-6a386f8e,A-6e3d08,2021-04-12,,Basic,114,2164,25968,False,False,False,False,monthly,True
S-1c3f7f4d,A-f2b464,2024-03-12,,Pro,156,953,11436,False,False,False,False,monthly,True
S-51dadd52,A-f3aa45,2023-09-12,,Enterprise,112,710,8520,False,False,False,False,monthly,True
S-aa7ed5ea,A-1f7327,2024-02-24,,Pro,78,1170,14040,False,True,False,False,monthly,True
S-7f14972f,A-ce9869,2023-04-04,,Enterprise,64,2044,24528,False,True,True,False,annual,True
S-a835e819,A-83f776,2023-06-18,,Pro,35,2296,27552,False,False,False,False,monthly,True
S-f59b9ccd,A-b32d86,2022-03-15,,Basic,181,1864,22368,False,False,True,False,monthly,True
S-47d74698,A-f7395b,2023-02-15,,Basic,42,1193,14316,False,True,False,False,annual,True
S-e8f193b8,A-2be2ac,2021-11-11,2022-03-26,Enterprise,68,1696,20352,False,True,False,True,monthly,False
S-0f91be38,A-ab9ba5,2022-11-22,,Basic,152,1326,15912,False,False,False,False,annual,True
S-29650286,A-ca5e0e,2024-02-29,,Enterprise,54,3112,37344,False,False,False,False,monthly,True
S-a8a9ce7f,A-999860,2023-11-11,,Pro,4,1700,20400,False,False,False,False,annual,True
S-1df43cc1,A-e6343a,2024-10-06,2024-12-05,Enterprise,21,2757,33084,False,False,False,True,monthly,True
S-9fe2ca82,A-faad0f,2022-04-08,,Enterprise,28,2847,34164,False,False,False,False,monthly,True
S-a05cb263,A-7f7de2,2022-07-10,,Basic,40,2252,27024,False,False,False,False,monthly,True
S-f504b89e,A-b4365e,2024-05-25,,Enterprise,84,2901,34812,False,True,False,False,annual,True
S-71183a79,A-bc60c8,2021-09-23,,Basic,74,3359,40308,True,False,False,False,monthly,False
S-8b19469b,A-31dcb8,2021-07-29,,Enterprise,189,3519,42228,True,False,False,False,annual,False
S-3899a1b6,A-cf45d3,2021-12-06,,Basic,4,2820,33840,False,False,False,False,monthly,True
S-ede44693,A-e3bd6e,2021-08-24,,Basic,142,2190,26280,False,False,False,False,monthly,True
S-8bc6bfc1,A-dc726d,2024-02-15,,Basic,107,2919,35028,True,True,False,False,annual,True
S-e952674e,A-ce9869,2024-02-04,,Enterprise,40,2901,34812,True,True,False,False,annual,True
S-5dbe5834,A-bc727c,2021-11-02,,Pro,101,845,10140,False,True,False,False,annual,True
S-f25dfbff,A-301976,2021-06-07,,Pro,29,6162,73944,False,True,False,False,monthly,True
S-8eef7af7,A-02fad5,2024-07-16,,Enterprise,68,3112,37344,False,False,False,False,monthly,True
S-c64630c6,A-f7395b,2021-01-14,,Pro,24,3957,47484,False,False,False,False,monthly,False
S-3deb244f,A-cc4e00,2024-04-03,,Basic,33,2303,27636,False,False,False,False,monthly,True
S-9288ae07,A-d766b2,2024-05-12,,Enterprise,142,1311,15732,False,False,True,False,annual,True
S-0b9e28fa,A-715861,2022-06-21,2022-10-24,Pro,18,3959,47508,False,True,False,True,annual,False
S-f6262c52,A-3d75c1,2024-07-21,,Basic,22,7139,85668,False,False,False,False,annual,True
S-7f5f2125,A-04a246,2024-04-17,,Basic,80,2313,27756,False,False,False,False,monthly,True
S-89c9d3c6,A-dccde9,2022-07-17,,Enterprise,26,3354,40248,False,False,False,False,monthly,True
S-12a0a118,A-dbf513,2021-02-14,,Pro,91,1642,19704,False,False,False,False,monthly,True
S-39dde7ec,A-8d201d,2021-11-09,,Enterprise,14,924,11088,False,False,False,False,annual,False
S-b22a1413,A-bb8a0a,2023-07-11,,Enterprise,161,271,3252,False,False,False,False,monthly,True
S-ac0e8c7d,A-58a963,2022-04-16,,Pro,158,3017,36204,False,True,False,False,monthly,False
S-ad024d74,A-b00145,2021-05-26,2022-07-24,Pro,58,2805,33660,False,False,False,True,monthly,True
S-c3ac749a,A-057df9,2021-05-14,,Enterprise,102,439,5268,False,False,True,False,monthly,True
S-d6e65aa0,A-0263d2,2023-12-30,,Basic,86,1421,17052,False,False,False,False,annual,True
S-90345d87,A-c0260e,2021-03-18,,Pro,75,1845,22140,False,False,False,False,annual,False
S-70ea4973,A-467260,2023-02-15,,Pro,150,2622,31464,False,False,False,False,annual,True
S-2b2374c6,A-dec46e,2023-08-16,2025-07-11,Pro,14,2072,24864,False,False,False,True,annual,True
S-1c83d884,A-24f862,2023-06-30,,Pro,57,5269,63228,False,False,False,False,monthly,True
S-cefb02c0,A-674f3d,2022-02-18,,Basic,29,3786,45432,False,True,False,False,annual,True
S-88a01713,A-f3aa45,2023-05-17,,Basic,72,1216,14592,False,True,True,False,monthly,True
S-0159c428,A-0268ce,2021-06-26,,Enterprise,109,2599,31188,False,False,False,False,annual,True
S-e8ecfdb8,A-29838a,2022-09-13,,Pro,105,491,5892,False,False,False,False,monthly,True
S-a80848b5,A-2b45e5,2024-03-08,,Pro,55,694,8328,False,False,False,False,monthly,False
S-a60009df,A-314379,2021-04-24,,Basic,150,2339,28068,False,False,False,False,annual,True
S-b1cd9eff,A-c48f44,2023-03-02,,Basic,117,4392,52704,False,False,False,False,annual,True
S-5458d916,A-314379,2022-09-14,,Basic,40,1341,16092,False,False,False,False,annual,False
S-f0b8d5cf,A-0562c3,2022-02-06,,Pro,135,3267,39204,False,False,False,False,monthly,False
S-c001e704,A-e1fa7f,2021-11-11,,Basic,100,1098,13176,False,False,False,False,monthly,True
S-098f819b,A-6f29f7,2022-05-10,,Basic,124,2282,27384,False,False,False,False,annual,True
S-5777357f,A-94b0ff,2023-01-19,,Basic,26,2883,34596,False,False,False,False,annual,True
S-1f41a05c,A-dec46e,2021-08-31,,Enterprise,101,2704,32448,False,False,False,False,annual,False
S-6efaa3fe,A-7b1bc8,2023-01-30,,Basic,78,2673,32076,False,False,False,False,monthly,True
S-ca810a88,A-fb30f4,2021-02-01,,Enterprise,84,590,7080,False,True,False,False,monthly,True
S-adfeec84,A-d5772f,2022-05-02,,Basic,122,6744,80928,False,False,False,False,annual,False
S-8cc78258,A-6cb2ce,2023-03-26,,Basic,33,1107,13284,False,False,True,False,monthly,True
S-c63a1186,A-38094a,2021-12-22,,Pro,2,1485,17820,True,True,False,False,monthly,False
S-d3bf4e64,A-1f7327,2024-09-28,,Pro,19,5123,61476,False,False,False,False,monthly,True
S-83cd8aa2,A-58a963,2022-06-01,,Enterprise,160,3132,37584,False,True,False,False,monthly,False
S-40ea08a5,A-3633b2,2021-01-03,2022-08-25,Basic,136,619,7428,False,False,False,True,monthly,True
S-3eee66cf,A-daa5e3,2021-04-15,,Enterprise,182,1802,21624,False,False,False,False,monthly,True
S-4d6b2d79,A-babd7f,2022-03-23,2023-01-17,Enterprise,174,878,10536,False,False,False,True,annual,True
S-5cebe644,A-961183,2023-04-26,,Enterprise,93,96,1152,False,False,True,False,monthly,True
S-3734b0d2,A-0c8a26,2021-05-28,,Basic,6,1043,12516,False,False,False,False,monthly,False
S-ef91596c,A-121302,2022-08-12,,Pro,17,1815,21780,False,False,False,False,annual,False
S-9889d850,A-e9662a,2021-11-15,,Pro,112,1933,23196,False,False,False,False,monthly,False
S-8918efbb,A-49535d,2024-06-02,,Basic,119,2892,34704,False,True,False,False,monthly,True
S-9f70488f,A-e1fa7f,2024-03-28,,Enterprise,46,1325,15900,False,True,False,False,monthly,True
S-a2ab277f,A-9b151e,2024-07-24,,Pro,117,851,10212,False,True,False,False,annual,True
S-af184f65,A-66d8db,2024-04-09,,Pro,43,3318,39816,False,False,False,False,monthly,True
S-c66e43e4,A-c0e2d5,2022-06-11,,Pro,134,77,924,False,False,False,False,annual,True
S-8a2ba12f,A-0c9ef2,2023-05-30,,Basic,30,1754,21048,True,False,False,False,annual,True
S-551aebe8,A-dec46e,2022-06-12,2023-12-26,Basic,83,92,1104,False,False,False,True,annual,True
S-2d5e46e9,A-a2a361,2022-12-14,,Enterprise,164,514,6168,False,False,False,False,monthly,True
S-1c977a66,A-60fec0,2023-09-08,,Basic,44,338,4056,False,False,False,False,monthly,True
S-2fdaaff5,A-5a868a,2022-06-30,,Pro,106,3937,47244,False,False,False,False,monthly,True
S-ddcd6bf1,A-09bda1,2022-03-20,,Pro,131,1420,17040,False,False,True,False,monthly,True
S-bf511713,A-3f39a3,2022-12-07,,Basic,59,1745,20940,False,False,False,False,monthly,True
S-dc9760d2,A-388c96,2023-01-06,,Basic,149,358,4296,False,False,False,False,monthly,True
S-58e2b164,A-e6fa42,2021-10-27,,Enterprise,17,599,7188,False,False,False,False,monthly,False
S-013c7e6e,A-253b47,2021-01-25,,Enterprise,109,2818,33816,False,False,False,False,monthly,True
S-3ec22be5,A-8e171c,2023-06-02,,Basic,187,4338,52056,False,False,True,False,annual,True
S-5d1aa58f,A-24f862,2021-03-29,,Enterprise,64,5701,68412,True,False,False,False,monthly,True
S-0c319960,A-001d08,2021-12-07,,Basic,120,4300,51600,False,False,False,False,monthly,True
S-e8d33fda,A-2e2e55,2021-03-22,,Enterprise,184,1916,22992,False,False,False,False,monthly,True
S-4a7bd55c,A-27e0e9,2023-05-25,,Basic,39,2116,25392,False,False,True,False,annual,True
S-c9139fd6,A-76a68f,2021-02-16,,Enterprise,140,512,6144,False,False,True,False,monthly,True
S-bcde4e13,A-4a3e3a,2021-11-25,,Pro,162,1024,12288,False,True,False,False,annual,True
S-ae596750,A-c0e2d5,2022-12-25,,Basic,182,889,10668,True,False,False,False,annual,True
S-4d030010,A-2810a5,2021-08-24,,Enterprise,33,841,10092,False,False,False,False,monthly,True
S-72cd4c1e,A-b4365e,2022-03-06,,Enterprise,35,853,10236,False,False,False,False,monthly,True
S-7599b457,A-961a05,2022-04-18,2022-11-28,Basic,164,680,8160,False,False,False,True,annual,True
S-c38a515b,A-b2adb9,2021-08-23,,Enterprise,147,387,4644,False,False,True,False,annual,True
S-a183434f,A-d78e97,2023-05-02,,Basic,110,2340,28080,False,False,False,False,monthly,True
S-ec6b3846,A-4aaf62,2021-01-19,,Enterprise,1,3853,46236,False,False,False,False,monthly,False
S-5dd0cd2c,A-275502,2023-03-09,2024-05-12,Enterprise,176,1824,21888,False,False,False,True,monthly,True
S-fe4d4612,A-b95064,2021-07-24,,Pro,25,4003,48036,False,False,False,False,annual,True
S-6ddb0593,A-51eed3,2024-11-20,,Basic,31,2948,35376,False,False,True,False,annual,True
S-97182c1a,A-52d296,2023-04-16,,Enterprise,107,2021,24252,True,False,False,False,monthly,True
S-1cef0590,A-720f79,2021-11-29,,Enterprise,42,61,732,False,False,False,False,annual,True
S-98f8c987,A-3633b2,2023-10-28,,Enterprise,117,4000,48000,False,False,False,False,monthly,False
S-a4785dde,A-89fca7,2021-04-28,,Enterprise,45,2910,34920,False,False,False,False,annual,True
S-c11fcb9d,A-0249c4,2021-04-06,,Basic,30,759,9108,False,False,False,False,annual,True
S-66669eeb,A-bc727c,2024-11-05,,Pro,142,2814,33768,False,False,False,False,annual,False
S-0021a2dc,A-a81600,2022-07-20,,Enterprise,61,3776,45312,True,False,False,False,monthly,False
S-7196448f,A-e6ef8b,2023-11-06,2025-08-04,Enterprise,18,1370,16440,False,False,False,True,annual,False
S-dfb3384a,A-b8b83c,2021-12-31,,Enterprise,57,2623,31476,False,False,False,False,annual,True
S-912b5195,A-87ec94,2024-09-15,,Basic,189,1064,12768,False,False,False,False,annual,True
S-3f2356e6,A-388c96,2024-05-12,,Enterprise,23,1353,16236,False,True,False,False,annual,True
S-179018d0,A-3f39a3,2024-01-28,,Enterprise,106,1220,14640,False,False,False,False,monthly,True
S-204f4d1f,A-0c36d9,2024-10-30,,Enterprise,1,932,11184,False,False,False,False,monthly,False
S-73f4fbdf,A-b1f3cb,2024-03-14,,Pro,90,5052,60624,False,False,False,False,monthly,True
S-8b0029b3,A-ed6bb8,2022-02-17,,Enterprise,153,978,11736,False,True,False,False,monthly,True
S-6f75397c,A-cf45d3,2023-07-29,,Basic,163,1990,23880,False,False,False,False,annual,True
S-2d1e039c,A-68ffd0,2024-11-07,,Pro,72,1050,12600,False,True,False,False,annual,True
S-ca3cb391,A-e20152,2024-03-17,,Pro,153,483,5796,False,True,False,False,monthly,True
S-251650a3,A-d8771a,2023-03-18,,Basic,57,188,2256,False,False,False,False,annual,False
S-b7468866,A-58d05f,2024-10-17,,Basic,165,3025,36300,False,False,False,False,annual,True
S-5c850a83,A-321421,2024-08-28,,Basic,67,98,1176,False,False,False,False,annual,True
S-19c697cb,A-df2118,2021-04-15,,Enterprise,121,2187,26244,False,False,False,False,monthly,False
S-dfc5c255,A-f7395b,2024-08-31,,Pro,71,1857,22284,False,False,False,False,monthly,True
S-178f4b74,A-b56ab1,2022-09-27,,Basic,149,2314,27768,False,True,False,False,annual,True
S-3e567215,A-45a1c6,2022-12-05,,Pro,77,1567,18804,False,False,False,False,monthly,True
S-e9b39736,A-8b5194,2023-03-12,2024-01-01,Enterprise,132,2007,24084,False,False,False,True,monthly,True
S-25d32339,A-4b4931,2024-12-26,,Enterprise,14,4370,52440,False,False,False,False,monthly,False
S-e99ebc5e,A-0e6fb8,2023-01-16,,Pro,173,1158,13896,False,False,False,False,monthly,True
S-09db0b30,A-04a246,2023-02-14,,Enterprise,56,3969,47628,False,False,False,False,annual,False
S-090aad37,A-daa5e3,2022-03-08,2023-07-04,Basic,120,1528,18336,False,False,False,True,annual,True
S-7e82c629,A-1b90d5,2022-01-31,,Pro,165,1332,15984,False,False,False,False,annual,True
S-325f2275,A-6cb2ce,2021-11-17,,Enterprise,73,2921,35052,True,False,False,False,annual,True
S-f460a225,A-6fdb5c,2022-11-28,,Basic,86,4684,56208,False,True,False,False,annual,True
S-29ea563f,A-51e832,2021-10-11,,Enterprise,41,1269,15228,False,False,False,False,annual,True
S-e4290c61,A-825eb0,2021-09-01,,Pro,40,357,4284,False,False,False,False,monthly,False
S-8beabcd9,A-816156,2022-05-19,,Pro,157,508,6096,False,True,False,False,monthly,True
S-75de97ed,A-b4365e,2023-01-24,,Pro,11,2119,25428,False,True,True,False,monthly,True
S-9701dacf,A-741acd,2022-05-31,2023-09-01,Basic,93,3395,40740,False,False,False,True,annual,True
S-7f49af95,A-31dcb8,2021-11-24,,Pro,64,1773,21276,False,False,False,False,monthly,True
S-be01b59d,A-87ec94,2024-10-18,,Enterprise,8,2770,33240,False,False,False,False,monthly,True
S-47f7b42b,A-9e5b2d,2021-11-03,,Pro,167,1375,16500,False,False,True,False,monthly,True
S-cace0b86,A-df2118,2022-08-04,,Basic,66,1539,18468,False,False,False,False,monthly,True
S-dc55b763,A-7aee9c,2021-04-15,,Basic,55,720,8640,False,False,False,False,monthly,True
S-cfdfb114,A-2109a3,2024-01-09,,Basic,60,85,1020,False,False,False,False,monthly,True
S-34ffbc56,A-4fc69b,2024-05-15,2026-05-09,Pro,106,1597,19164,True,False,False,True,annual,False
S-b8abd636,A-8e16f1,2023-03-31,,Basic,37,1064,12768,False,False,False,False,annual,True
S-c0c32cac,A-77d382,2024-11-05,,Pro,145,3054,36648,False,False,False,False,annual,True
S-9e7e245c,A-c402fb,2023-07-27,,Enterprise,119,4514,54168,True,False,False,False,monthly,True
S-32eec765,A-14e75c,2021-12-20,2022-08-19,Pro,54,2597,31164,False,False,False,True,monthly,True
S-c733c052,A-bf83ac,2021-12-02,,Basic,167,147,1764,False,False,False,False,monthly,True
S-effc6a71,A-e6fa42,2024-07-24,,Enterprise,153,3956,47472,False,False,False,False,monthly,True
S-80433ec5,A-d87876,2021-08-19,2022-08-29,Pro,45,2330,27960,False,True,True,True,monthly,True
S-9b16253b,A-a722ec,2021-10-25,,Pro,119,4032,48384,False,False,False,False,annual,True
S-7904bb97,A-4064bb,2022-08-09,,Basic,114,681,8172,False,False,False,False,annual,True
S-c7fb7b8b,A-5e8a5d,2022-02-01,,Pro,170,4622,55464,False,False,False,False,annual,False
S-c8bea03e,A-8e171c,2021-12-09,,Pro,67,1473,17676,False,False,False,False,annual,True
S-2025ea17,A-8ae5b4,2022-07-09,,Pro,146,1723,20676,False,False,True,False,annual,True
S-659daff3,A-c812ae,2022-06-28,,Pro,88,1528,18336,False,False,False,False,annual,True
S-ae6e4f9d,A-309d6a,2022-05-29,,Pro,138,695,8340,False,False,False,False,monthly,True
S-17b9f22c,A-8a2dcf,2022-07-13,,Pro,14,25,300,False,True,False,False,monthly,True
S-121fb8b2,A-3d75c1,2024-05-27,,Basic,40,2267,27204,False,True,False,False,monthly,True
S-e453cc0d,A-daa5e3,2021-10-07,,Pro,185,5800,69600,True,False,False,False,annual,True
S-0d301e71,A-2c1987,2021-02-24,2021-10-12,Enterprise,127,1734,20808,True,False,False,True,monthly,True
S-b4d729d2,A-dfaa0d,2023-03-26,,Pro,165,3204,38448,False,False,False,False,annual,False
S-426bde0a,A-2be2ac,2023-01-24,,Pro,120,2080,24960,False,True,False,False,monthly,True
S-0e394755,A-275801,2022-06-22,,Pro,173,1470,17640,False,True,False,False,monthly,True
S-ce6ba3a0,A-cc4e00,2024-03-27,,Enterprise,143,782,9384,False,False,False,False,annual,True
S-7e181100,A-040921,2024-12-09,,Enterprise,176,4163,49956,False,False,False,False,monthly,True
S-ef316889,A-674f3d,2023-09-10,,Pro,186,2015,24180,False,False,False,False,monthly,True
S-f77687d9,A-2b89d4,2022-04-06,,Enterprise,153,339,4068,False,False,False,False,annual,True
S-f101dccf,A-9dfcee,2021-06-20,,Basic,18,1483,17796,True,False,False,False,monthly,True
S-261f7dfa,A-6751ab,2024-10-17,,Basic,93,2840,34080,True,True,False,False,monthly,True
S-49a2087f,A-c32b0a,2024-09-24,,Enterprise,42,66,792,False,False,False,False,annual,True
S-980378ac,A-cc6cd9,2021-12-26,2022-02-06,Pro,121,3104,37248,False,False,False,True,monthly,True
S-93b15fe8,A-a722ec,2023-08-02,,Enterprise,170,1928,23136,False,False,False,False,monthly,True
S-6f77b519,A-04a246,2022-10-21,,Pro,66,1981,23772,False,True,False,False,monthly,True
S-64b192fd,A-4b4931,2024-10-25,,Enterprise,67,27,324,False,True,False,False,annual,True
S-650f994b,A-adedd2,2021-08-20,,Basic,175,1621,19452,False,True,False,False,annual,True
S-892fcf6b,A-3204d3,2023-07-29,,Basic,59,96,1152,False,False,False,False,monthly,True
S-a79b3f78,A-64ddde,2024-03-20,,Pro,30,1241,14892,False,False,False,False,annual,True
S-0815cfd3,A-671cbf,2023-12-22,,Enterprise,23,192,2304,False,False,False,False,annual,True
S-e14192d7,A-54f16c,2023-01-14,,Enterprise,21,658,7896,False,False,True,False,annual,True
S-ac72bb95,A-59672e,2022-11-23,,Pro,73,811,9732,False,False,False,False,monthly,True
S-c0bf57a2,A-e5e60e,2021-02-24,,Basic,67,295,3540,False,False,False,False,annual,True
S-80b46b8e,A-cc6cd9,2024-04-25,,Basic,30,1096,13152,True,False,False,False,monthly,True
S-4f63734b,A-ff97ce,2024-11-20,,Basic,109,3327,39924,False,False,False,False,monthly,True
S-b5f40ab6,A-eca077,2024-05-06,,Enterprise,20,1678,20136,False,False,False,False,annual,True
S-475bf7eb,A-3d5546,2022-03-06,2024-02-08,Pro,71,656,7872,False,False,True,True,annual,True
S-558608b7,A-4aaf62,2021-11-16,,Pro,108,2790,33480,False,False,False,False,monthly,True
S-cff6e16e,A-4fc69b,2021-10-02,2022-10-06,Enterprise,148,1029,12348,False,False,False,True,monthly,True
S-f9a931e3,A-7231b2,2021-07-28,,Pro,17,5224,62688,False,False,False,False,monthly,True
S-534b4668,A-df2118,2024-05-31,,Basic,76,1711,20532,False,False,False,False,monthly,True
S-782c51fd,A-2e2e55,2024-01-27,,Enterprise,122,3508,42096,False,False,True,False,monthly,True
S-8fbb9e83,A-4ef13f,2023-07-28,,Pro,89,1711,20532,False,False,False,False,monthly,True
S-e02277a6,A-8a8f8a,2023-05-27,,Enterprise,133,2481,29772,False,False,False,False,annual,True
S-d0fa2097,A-99995c,2023-08-22,,Pro,116,1611,19332,False,False,False,False,monthly,True
S-208c486f,A-d07cf7,2024-06-04,,Enterprise,185,4123,49476,False,False,False,False,monthly,True
S-af165473,A-720f79,2021-01-07,,Basic,117,3870,46440,False,False,False,False,annual,True
S-c162e222,A-12a8c7,2022-05-30,,Enterprise,133,1551,18612,False,True,False,False,monthly,False
S-55e5cf7f,A-661aa8,2023-12-18,,Basic,185,1322,15864,False,False,False,False,monthly,False
S-b8799606,A-e23d29,2023-01-08,,Enterprise,103,4354,52248,False,True,False,False,monthly,False
S-78d0c144,A-e1796c,2021-05-08,,Basic,86,2162,25944,False,False,False,False,annual,False
S-1204bc91,A-d5772f,2021-07-29,,Basic,181,1600,19200,False,False,False,False,annual,True
S-98ebb3dd,A-9f9cca,2022-03-13,,Enterprise,167,3086,37032,False,False,True,False,monthly,True
S-504e9438,A-a4bc9c,2024-08-21,,Basic,117,1722,20664,False,False,False,False,annual,True
S-c24e807f,A-9ccef5,2021-08-04,,Basic,126,3999,47988,False,True,False,False,annual,True
S-45be7b9c,A-4f020e,2021-04-08,,Basic,20,3042,36504,False,False,False,False,monthly,False
S-d8c83f06,A-87ec94,2022-11-10,,Basic,182,798,9576,False,True,False,False,monthly,True
S-47c1a93c,A-6df3cb,2024-02-03,,Basic,87,3176,38112,False,False,False,False,monthly,True
S-b3f67100,A-b515e1,2024-01-12,,Enterprise,158,1423,17076,False,False,False,False,annual,True
S-42962e01,A-71c2db,2022-09-28,,Enterprise,41,4,48,False,False,False,False,annual,True
S-951df58c,A-61408e,2021-03-15,,Pro,173,2703,32436,False,False,False,False,monthly,False
S-644a7240,A-98ae9b,2021-07-06,,Enterprise,43,2201,26412,False,True,True,False,monthly,False
S-022d7b44,A-2b89d4,2023-02-21,,Basic,124,2929,35148,False,True,False,False,monthly,True
S-0d03cdbe,A-2be2ac,2022-11-24,,Pro,136,1883,22596,False,False,True,False,annual,True
S-a482b374,A-efbe71,2021-01-13,,Pro,69,3676,44112,False,True,False,False,monthly,True
S-c11ecdc9,A-4fc69b,2024-09-25,,Pro,57,976,11712,False,False,False,False,annual,True
S-58427f7b,A-1f7327,2024-07-27,,Basic,45,365,4380,False,False,False,False,monthly,False
S-b0459892,A-ef8d69,2023-07-17,,Basic,10,2202,26424,True,False,False,False,monthly,True
S-70ddb9e4,A-7c6a4f,2024-04-11,,Enterprise,57,2865,34380,False,False,False,False,annual,True
S-a7d0a6af,A-800523,2023-07-07,,Basic,80,2348,28176,False,False,True,False,annual,True
S-0d43bbca,A-626bb3,2021-11-09,,Basic,155,60,720,False,False,False,False,monthly,True
S-446eb3fc,A-99203a,2023-07-11,,Enterprise,167,5351,64212,True,True,False,False,annual,False
S-6e5ea06a,A-0ff5dc,2024-01-06,,Basic,164,4878,58536,False,False,False,False,monthly,True
S-b6672110,A-1f5600,2023-12-17,,Enterprise,88,3336,40032,False,True,False,False,monthly,True
S-4bdf9005,A-0b1c34,2024-10-06,,Pro,59,1754,21048,False,False,False,False,monthly,True
S-4a367df3,A-bc727c,2024-11-13,,Basic,155,4673,56076,False,False,False,False,monthly,True
S-7aa5a015,A-ff97ce,2021-01-22,,Enterprise,158,1052,12624,False,False,False,False,annual,True
S-6a236f25,A-0ff5dc,2022-07-26,,Enterprise,71,2495,29940,True,False,False,False,monthly,True
S-2424b6b4,A-e20152,2022-02-27,2022-08-07,Pro,63,2525,30300,False,True,False,True,monthly,True
S-30732eec,A-2c1987,2023-10-31,,Basic,97,1807,21684,False,False,False,False,monthly,True
S-9af088db,A-57e924,2021-04-20,,Pro,10,4365,52380,False,True,False,False,monthly,False
S-8723feb2,A-301976,2022-02-28,,Enterprise,51,17,204,False,False,False,False,monthly,True
S-a40475af,A-a3efac,2023-10-03,,Basic,98,2073,24876,False,False,False,False,monthly,True
S-29ce73dd,A-ab9ba5,2024-04-05,,Basic,91,1313,15756,False,False,False,False,annual,True
S-ef868cd8,A-4aefb3,2023-01-24,2024-02-08,Pro,162,829,9948,False,False,False,True,annual,True
S-d833abd3,A-cdee75,2022-09-08,,Pro,74,4325,51900,False,False,False,False,monthly,False
S-b50caac8,A-9f521d,2024-11-13,,Basic,37,1817,21804,False,True,False,False,annual,True
S-8fa992cd,A-71c2db,2023-12-21,,Pro,42,647,7764,False,True,False,False,monthly,True
S-52db6429,A-adf3b0,2021-05-18,,Pro,96,1801,21612,False,False,False,False,annual,True
S-b008af1c,A-d07cf7,2022-02-23,2024-02-03,Pro,122,1232,14784,False,False,False,True,annual,True
S-dabc7442,A-d3d2c6,2021-02-22,,Pro,15,2153,25836,False,False,False,False,annual,True
S-6f8169e1,A-6751ab,2021-07-07,,Enterprise,73,1017,12204,False,False,False,False,monthly,True
S-bb6690bc,A-8e16f1,2022-02-15,,Basic,6,628,7536,False,True,False,False,annual,True
S-1ce32a81,A-8f00d8,2024-02-04,,Pro,184,2578,30936,False,True,False,False,monthly,True
S-53902776,A-993774,2024-03-09,2024-05-05,Enterprise,65,1330,15960,True,False,False,True,annual,False
S-2d2f0312,A-e0e84b,2022-10-28,,Enterprise,23,5250,63000,False,False,False,False,monthly,True
S-3156c06d,A-c4599d,2022-02-22,,Pro,68,1835,22020,False,False,False,False,monthly,True
S-9765fe65,A-273a83,2024-05-15,,Enterprise,111,907,10884,False,False,False,False,annual,True
S-089142ba,A-ba7ab9,2022-01-16,,Basic,30,1763,21156,False,False,False,False,monthly,False
S-35200b7d,A-f5777d,2024-12-20,,Enterprise,58,2913,34956,True,False,False,False,annual,True
S-9f7a7d35,A-00d9f1,2021-11-30,,Basic,166,2553,30636,False,True,False,False,monthly,True
S-f43a494f,A-5a868a,2023-01-09,,Enterprise,147,1823,21876,False,False,False,False,monthly,True
S-162e4c40,A-e71149,2021-05-24,,Basic,187,2638,31656,False,False,False,False,monthly,True
S-27608c00,A-8efb70,2023-06-02,,Pro,103,3680,44160,False,False,False,False,monthly,True
S-fdc745e7,A-4aaf62,2024-11-25,,Basic,168,2644,31728,False,False,False,False,annual,True
S-ad4ff654,A-9b417b,2023-11-03,,Pro,75,1598,19176,True,False,True,False,annual,True
S-7da4d784,A-12a8c7,2022-02-26,,Pro,70,5722,68664,False,False,False,False,monthly,True
S-7bc5f329,A-aad5c7,2023-10-07,2025-04-20,Enterprise,101,2539,30468,False,False,False,True,monthly,True
S-1e1dfd02,A-4fc1cc,2024-12-11,,Pro,58,1308,15696,True,False,False,False,annual,True
S-7cf7c8e9,A-8f8cfc,2021-02-23,,Pro,128,526,6312,False,False,True,False,annual,True
S-9bbf4b00,A-448821,2024-10-07,,Basic,177,2188,26256,False,False,False,False,annual,False
S-dfb83074,A-e20152,2024-03-20,,Pro,53,444,5328,True,False,False,False,monthly,True
S-2901181f,A-301976,2024-05-01,,Enterprise,102,13,156,False,False,False,False,annual,True
S-08d61095,A-7c6a4f,2022-05-23,,Basic,16,3394,40728,True,True,False,False,annual,True
S-b5472088,A-064dcf,2021-01-19,,Pro,71,1166,13992,False,False,False,False,annual,True
S-4b1f0917,A-275502,2022-09-03,,Enterprise,104,259,3108,False,False,False,False,annual,True
S-19667ba0,A-cdee75,2024-11-26,,Enterprise,167,838,10056,False,False,False,False,annual,True
S-5c235ac2,A-7231b2,2024-03-29,,Enterprise,135,1807,21684,False,False,False,False,annual,True
S-06e198fe,A-503d27,2024-11-05,,Pro,81,4794,57528,False,True,False,False,annual,True
S-0a86e027,A-f7395b,2024-03-25,,Basic,7,1004,12048,False,False,False,False,monthly,True
S-ca41fc10,A-309d6a,2022-04-27,,Pro,182,1799,21588,False,False,False,False,annual,True
S-74154198,A-21c968,2021-10-25,,Basic,5,956,11472,True,False,False,False,annual,True
S-d0efef5f,A-9a9689,2023-11-29,,Pro,111,838,10056,False,False,False,False,annual,True
S-f2a13ffc,A-3f7dbc,2023-10-03,,Pro,10,3535,42420,False,True,False,False,monthly,False
S-00c7c1c6,A-7b6eee,2024-03-23,,Enterprise,132,1258,15096,False,False,False,False,annual,True
S-1c1d770f,A-cb96b6,2022-06-03,,Enterprise,113,2540,30480,False,True,False,False,annual,True
S-6da4296f,A-cddcac,2023-02-16,,Basic,27,4010,48120,False,False,False,False,monthly,False
S-d14674e2,A-11cce9,2021-06-05,2023-03-19,Pro,103,2987,35844,False,True,False,True,annual,True
S-74f7aabf,A-9a2c4f,2024-07-15,,Pro,102,5884,70608,False,False,False,False,annual,True
S-c029079d,A-2bcd7c,2022-04-20,,Pro,69,1293,15516,False,True,False,False,monthly,True
S-98611078,A-f1d958,2024-07-18,,Enterprise,91,1685,20220,False,False,True,False,annual,True
S-61e5c0af,A-abbbd0,2021-01-15,,Pro,154,3604,43248,False,False,False,False,monthly,True
S-407087bd,A-bda37c,2021-11-03,,Enterprise,121,3715,44580,False,False,False,False,annual,True
S-cad810b5,A-e23d29,2023-07-01,,Basic,54,1657,19884,False,False,False,False,monthly,True
S-1e894407,A-825eb0,2021-04-24,,Enterprise,6,770,9240,False,False,False,False,annual,True
S-059ea71b,A-7aee9c,2024-05-23,,Enterprise,175,4419,53028,False,False,False,False,monthly,True
S-2948accb,A-449185,2023-04-24,,Basic,5,2897,34764,False,False,False,False,annual,True
S-158eee0d,A-7ccb2e,2022-01-22,,Pro,122,1429,17148,False,True,False,False,annual,True
S-975cb889,A-205093,2023-09-25,,Pro,182,714,8568,False,False,False,False,annual,True
S-b240134e,A-7f7de2,2022-08-07,,Basic,110,4313,51756,False,False,False,False,monthly,False
S-091a6bef,A-66d8db,2024-11-27,,Pro,112,400,4800,False,False,False,False,annual,False
S-39a05129,A-a481e9,2021-08-18,,Basic,184,2471,29652,False,False,False,False,monthly,True
S-22381b25,A-a3efac,2023-08-03,,Basic,150,2575,30900,False,False,False,False,monthly,True
S-43b11622,A-4fc69b,2022-03-12,,Basic,42,721,8652,False,False,False,False,monthly,True
S-9fa07e84,A-f4d2c5,2021-07-06,,Basic,114,1775,21300,True,False,False,False,annual,True
S-a5110983,A-467260,2024-12-29,,Basic,168,1494,17928,False,False,True,False,annual,True
S-27cd5501,A-1ce57d,2021-03-25,,Pro,145,4194,50328,False,False,False,False,monthly,False
S-72105598,A-9e6b3e,2021-12-22,,Basic,164,223,2676,False,False,False,False,annual,True
S-db8e5034,A-3a65d6,2021-11-03,,Pro,164,4879,58548,False,True,False,False,monthly,True
S-a2657b74,A-e1fa7f,2023-01-06,,Pro,126,475,5700,False,False,False,False,monthly,True
S-d0b9a9da,A-31d091,2021-10-11,,Enterprise,183,1340,16080,False,False,False,False,monthly,True
S-da290a60,A-2c1987,2021-05-13,,Basic,120,3280,39360,False,False,False,False,monthly,True
S-64cbd941,A-702e67,2021-05-30,,Pro,31,3915,46980,False,False,True,False,monthly,False
S-51183b4c,A-17fe97,2022-06-12,,Basic,167,1185,14220,True,True,False,False,annual,True
S-a96bfa41,A-7b3b51,2021-05-04,,Enterprise,188,1116,13392,False,False,False,False,annual,False
S-dae2315e,A-00d9f1,2024-10-05,,Enterprise,167,2852,34224,False,False,False,False,annual,True
S-b5149610,A-964882,2024-10-02,,Pro,187,1289,15468,False,True,False,False,monthly,True
S-fdee3f47,A-50e35d,2021-09-05,,Enterprise,63,4602,55224,False,False,False,False,annual,True
S-ef95e3d9,A-eca077,2024-02-11,,Basic,104,978,11736,False,False,True,False,monthly,True
S-9f85d08b,A-a81600,2023-04-12,,Enterprise,38,1663,19956,False,False,False,False,annual,True
S-2c1d1629,A-c166a2,2022-03-17,,Enterprise,105,969,11628,False,False,False,False,annual,True
S-56341d39,A-1788ce,2021-08-11,,Basic,4,643,7716,False,False,False,False,annual,False
S-f7ddf815,A-dee10f,2024-04-30,,Pro,125,2551,30612,False,True,False,False,annual,True
S-6a16ca13,A-d3803e,2023-05-04,,Enterprise,112,2073,24876,False,False,False,False,annual,True
S-7319d103,A-9d992c,2024-12-17,2026-06-27,Enterprise,40,2206,26472,False,False,False,True,monthly,True
S-91a068b3,A-59d242,2023-06-21,,Basic,176,4123,49476,False,False,True,False,monthly,True
S-a48060f9,A-9e2b64,2022-08-10,,Pro,114,1804,21648,False,False,False,False,monthly,True
S-13226204,A-8a8f8a,2024-05-09,,Basic,27,3630,43560,False,False,False,False,annual,True
S-e7ab676b,A-396e8b,2021-01-08,,Enterprise,34,2410,28920,False,True,False,False,annual,True
S-7b813cd6,A-efbe71,2024-06-06,,Enterprise,15,891,10692,False,False,False,False,monthly,False
S-e3041b17,A-2b89d4,2022-06-08,,Enterprise,58,3658,43896,False,False,False,False,monthly,True
S-de076ef1,A-2b45e5,2023-08-04,,Enterprise,67,1495,17940,False,True,False,False,monthly,True
S-1d4affc9,A-186adc,2023-06-06,,Pro,103,2617,31404,False,False,False,False,annual,True
S-c0e65d34,A-280f2a,2022-02-14,,Pro,148,2812,33744,False,True,False,False,monthly,True
S-0044c493,A-a481e9,2022-03-06,,Enterprise,54,3638,43656,False,False,False,False,annual,False
S-12872707,A-1126a7,2021-09-23,,Enterprise,91,1154,13848,False,True,False,False,annual,True
S-dbe8369b,A-61408e,2023-08-12,,Enterprise,128,2804,33648,False,True,False,False,annual,True
S-e9d9af06,A-d22b13,2021-03-14,,Basic,184,1443,17316,False,False,False,False,annual,False
S-f24e4f5a,A-01c648,2021-01-15,,Pro,65,1137,13644,False,True,False,False,annual,True
S-38ea7263,A-48a544,2022-02-09,,Enterprise,51,1496,17952,False,False,False,False,annual,False
S-08b81503,A-4cf7f7,2022-03-08,,Pro,22,285,3420,False,False,False,False,monthly,True
S-65faa77e,A-61408e,2021-01-26,,Pro,113,3893,46716,False,False,False,False,annual,True
S-9c963909,A-e1fa7f,2024-11-08,,Enterprise,99,137,1644,False,False,False,False,monthly,True
S-6367aec6,A-503d27,2023-01-27,,Pro,79,2264,27168,False,False,False,False,monthly,True
S-e6228a49,A-3e6efe,2024-09-25,,Pro,41,2518,30216,False,True,False,False,monthly,True
S-0c90fedb,A-3f9994,2023-07-12,,Basic,155,59,708,False,False,False,False,monthly,True
S-afd9dbf2,A-c6ab7a,2021-09-29,,Enterprise,10,400,4800,False,False,False,False,annual,True
S-d083e193,A-168fe2,2024-10-18,,Enterprise,56,1117,13404,False,True,False,False,annual,True
S-c5a0bf6c,A-299f66,2021-07-13,,Pro,108,328,3936,False,False,False,False,annual,True
S-1179a47f,A-a98afd,2021-03-03,,Basic,102,3689,44268,False,False,False,False,monthly,True
S-141a7849,A-0e6fb8,2024-07-30,,Enterprise,77,4525,54300,False,False,False,False,annual,False
S-8144812d,A-fbe78b,2024-03-27,,Pro,64,2595,31140,False,False,False,False,annual,True
S-d81d59eb,A-5c19da,2021-01-02,,Pro,121,1210,14520,False,True,False,False,annual,True
S-3e14f39c,A-ff97ce,2023-04-01,,Basic,114,3336,40032,False,False,False,False,monthly,True
S-c7c32edb,A-ef6f7e,2024-05-21,,Pro,52,741,8892,False,False,False,False,annual,True
S-74564b39,A-8f8cfc,2023-01-12,,Basic,168,4073,48876,False,True,True,False,monthly,True
S-737fb5ec,A-2411d9,2021-03-06,2021-07-07,Basic,120,3008,36096,False,False,False,True,annual,True
S-5c71bcc0,A-0c36d9,2021-12-10,,Basic,169,2099,25188,False,False,False,False,annual,True
S-7fe9bec3,A-999860,2022-02-23,,Enterprise,154,579,6948,False,False,False,False,monthly,True
S-2257321f,A-430daf,2024-04-03,,Enterprise,3,1955,23460,False,False,False,False,annual,False
S-89a0fbed,A-ab8f61,2021-02-16,,Basic,106,2931,35172,False,False,False,False,monthly,True
S-d17f4e50,A-715861,2024-03-15,,Basic,171,5437,65244,False,False,False,False,annual,False
S-0373acb7,A-819eaf,2021-07-07,,Pro,158,1434,17208,False,False,False,False,annual,False
S-a94db692,A-a2a361,2022-08-23,,Enterprise,182,2262,27144,False,False,False,False,annual,True
S-f1123515,A-f4c25c,2022-08-08,,Pro,108,646,7752,False,False,False,False,annual,False
S-da17cefc,A-4cf7f7,2022-03-14,,Basic,60,2077,24924,False,False,False,False,annual,True
S-4435816b,A-e1fa7f,2024-12-28,,Enterprise,85,346,4152,False,False,False,False,annual,True
S-a5b00c04,A-b8b83c,2023-06-26,,Enterprise,78,1982,23784,False,False,False,False,monthly,False
S-3492a1e5,A-819eaf,2024-01-11,,Pro,68,3423,41076,False,False,False,False,annual,True
S-e563cb9a,A-3a41b2,2022-03-15,,Pro,41,1789,21468,False,True,False,False,annual,True
S-ea22b007,A-7b1bc8,2024-03-14,,Enterprise,156,2849,34188,False,True,False,False,monthly,True
S-36d2ddab,A-253b47,2022-04-21,,Enterprise,104,424,5088,False,True,False,False,monthly,False
S-f484d9e6,A-b4365e,2024-11-05,,Enterprise,17,3291,39492,True,False,False,False,monthly,False
S-74ad13c6,A-37b909,2023-05-10,,Enterprise,110,2264,27168,True,False,False,False,monthly,True
S-f508222d,A-d8771a,2023-04-05,,Enterprise,150,1687,20244,False,False,True,False,annual,True
S-e2a6ab65,A-274168,2021-12-30,,Basic,12,3883,46596,False,False,False,False,annual,True
S-1e61a0cf,A-2810a5,2024-12-02,,Pro,129,116,1392,False,False,False,False,monthly,False
S-3f0d12b2,A-02fad5,2021-04-01,2022-03-06,Pro,81,4553,54636,False,False,False,True,monthly,True
S-233ac995,A-0bcb7a,2024-01-19,,Enterprise,58,1603,19236,False,False,True,False,annual,False
S-03ed5129,A-1f5600,2021-12-09,,Basic,124,220,2640,False,False,False,False,monthly,False
S-7d7d6b73,A-3bb1ee,2021-03-05,2022-01-30,Enterprise,139,3318,39816,True,False,True,True,monthly,True
S-51d717eb,A-9201a1,2024-09-01,,Basic,76,1290,15480,False,False,False,False,monthly,False
S-09b47e58,A-4f4bc8,2024-07-04,,Enterprise,31,584,7008,False,False,False,False,annual,True
S-4416a26b,A-c1d6f0,2024-03-26,,Enterprise,21,4627,55524,False,False,False,False,monthly,True
S-9cf85f07,A-3a3477,2024-01-04,2024-12-17,Enterprise,53,1217,14604,False,False,False,True,monthly,False
S-546955d8,A-6f8408,2023-01-19,2023-06-01,Enterprise,109,1349,16188,True,False,False,True,monthly,False
S-5e377781,A-7ccb2e,2021-06-02,,Basic,35,1690,20280,True,False,False,False,monthly,False
S-1de4125c,A-1126a7,2021-03-26,,Basic,55,3651,43812,False,False,False,False,annual,True
S-966e7e4e,A-144089,2023-01-14,,Enterprise,66,1393,16716,False,False,False,False,annual,True
S-86a06f24,A-9d9ed2,2022-01-07,,Enterprise,34,2848,34176,False,False,False,False,monthly,False
S-df4ca970,A-9e2b64,2024-04-27,,Pro,126,1516,18192,False,True,False,False,annual,True
S-a81b2ddb,A-d78e97,2024-08-10,2024-12-01,Pro,32,2510,30120,False,True,False,True,monthly,True
S-cac3118d,A-579d6a,2022-04-17,,Pro,51,146,1752,True,False,False,False,annual,True
S-1932da30,A-c402fb,2023-10-12,,Pro,35,374,4488,True,False,False,False,monthly,True
S-39f0cb30,A-bc1b91,2024-09-19,,Basic,180,389,4668,False,False,False,False,annual,True
S-c6afd0c0,A-280f2a,2024-04-08,,Pro,28,3115,37380,False,False,False,False,monthly,False
S-c8d2eddb,A-85a76f,2023-01-06,2023-07-22,Enterprise,56,2841,34092,False,True,False,True,monthly,True
S-dcaf6814,A-448821,2021-07-31,,Pro,143,2526,30312,False,False,False,False,monthly,False
S-99dac9a3,A-0b1c34,2021-03-29,,Pro,27,1170,14040,False,False,False,False,annual,True
S-e48d07c5,A-dbf513,2023-05-21,,Enterprise,72,634,7608,False,False,False,False,annual,True
S-6614466f,A-246226,2024-10-24,,Enterprise,129,1792,21504,True,False,False,False,monthly,True
S-db2006b2,A-9d992c,2022-11-29,,Basic,143,1374,16488,False,False,False,False,annual,False
S-430c3017,A-0dd367,2024-03-16,,Pro,21,1008,12096,False,False,False,False,annual,True
S-82eba87c,A-e20152,2023-01-06,,Pro,167,2080,24960,False,False,False,False,monthly,True
S-7ab34f31,A-6e3d08,2024-07-08,,Basic,22,885,10620,False,False,False,False,annual,True
S-6b3c3483,A-795e78,2022-08-09,,Enterprise,162,2855,34260,False,False,False,False,annual,True
S-ff8ec6bc,A-f7395b,2023-11-29,,Pro,176,2806,33672,False,False,False,False,annual,True
S-cb5507eb,A-7f7de2,2021-09-05,,Pro,36,1463,17556,False,False,False,False,monthly,True
S-93f60e20,A-5ba322,2022-09-24,,Enterprise,141,4275,51300,False,False,False,False,monthly,True
S-9053a157,A-cb96b6,2024-08-25,2025-11-03,Pro,97,4347,52164,False,False,False,True,annual,True
S-8238f8af,A-671cbf,2021-04-02,,Basic,34,4665,55980,False,False,False,False,annual,True
S-ff43bf18,A-50e35d,2022-01-03,,Pro,39,18,216,False,False,False,False,annual,True
S-0db561d2,A-6f8408,2022-10-20,,Enterprise,100,476,5712,False,False,False,False,annual,False
S-678f67c7,A-08a972,2021-04-26,,Basic,3,1647,19764,False,False,False,False,annual,True
S-85cf32f3,A-8b5194,2021-06-29,,Enterprise,106,3051,36612,True,False,False,False,annual,True
S-fc207100,A-08a972,2024-09-21,,Enterprise,33,2975,35700,False,False,True,False,monthly,True
S-aab03612,A-448821,2021-10-28,,Enterprise,58,1530,18360,False,False,False,False,monthly,True
S-8acf197c,A-275502,2021-06-03,,Pro,138,97,1164,False,False,False,False,annual,True
S-03adfc04,A-d98759,2022-02-08,,Enterprise,152,428,5136,False,True,False,False,monthly,True
S-a65f351e,A-d8fe58,2021-11-01,2022-03-28,Enterprise,136,761,9132,False,True,False,True,annual,False
S-3ad916b6,A-a722ec,2024-10-27,,Basic,4,114,1368,False,False,False,False,annual,True
S-71534a3b,A-ba42fc,2022-09-29,,Enterprise,89,1772,21264,False,False,False,False,monthly,False
S-865f2343,A-964882,2022-03-21,,Pro,73,684,8208,False,False,False,False,monthly,True
S-d4051e2c,A-ed6bb8,2024-12-09,,Basic,137,3557,42684,False,False,False,False,monthly,False
S-96ae4020,A-a1f6aa,2021-11-02,,Enterprise,83,1675,20100,False,True,False,False,monthly,False
S-5c58c439,A-f26363,2024-10-23,,Enterprise,142,3107,37284,True,True,False,False,annual,True
S-f9e436c4,A-b040a0,2022-04-17,,Enterprise,41,120,1440,True,False,False,False,annual,True
S-b2222226,A-21c968,2023-02-15,,Enterprise,33,1633,19596,False,False,False,False,annual,True
S-81bed289,A-8efb70,2023-10-23,,Enterprise,121,1839,22068,False,True,False,False,annual,True
S-a493c98d,A-6e3d08,2023-03-10,,Basic,49,1066,12792,False,False,False,False,annual,True
S-1de1d703,A-17fe97,2021-07-15,,Basic,22,5373,64476,False,False,False,False,annual,True
S-5afca19d,A-85322a,2021-09-07,2022-11-07,Pro,72,2742,32904,False,False,False,True,annual,False
S-ac295462,A-4ef13f,2023-02-22,,Pro,53,797,9564,False,False,False,False,monthly,True
S-d6c2ecd7,A-8f00d8,2021-09-08,,Pro,59,3601,43212,False,False,False,False,monthly,True
S-31d7e923,A-39e2df,2023-07-13,,Basic,24,265,3180,True,True,False,False,annual,True
S-1c7be2d2,A-6f8408,2022-04-09,,Basic,154,3028,36336,False,False,False,False,annual,True
S-fbd864e9,A-795e78,2024-02-04,,Pro,130,45,540,True,False,False,False,annual,True
S-11668186,A-b94147,2024-12-26,,Pro,34,94,1128,False,False,False,False,monthly,True
S-5e037354,A-26bbfd,2022-03-22,,Enterprise,126,3255,39060,False,False,True,False,monthly,False
S-3f1d5cb6,A-11cce9,2022-03-16,,Basic,48,1822,21864,False,False,False,False,annual,True
S-a963139b,A-77cb78,2023-06-19,2024-10-22,Pro,188,2241,26892,False,False,False,True,annual,True
S-508b07b2,A-04a246,2023-03-23,,Pro,118,2867,34404,False,False,False,False,annual,True
S-ed74fa35,A-45687e,2022-03-29,,Pro,91,3385,40620,False,True,False,False,annual,True
S-4841e3cb,A-ca5e0e,2021-10-13,,Pro,40,5364,64368,False,False,False,False,annual,True
S-45e6063e,A-5c19da,2021-09-18,,Pro,129,2592,31104,False,False,False,False,monthly,True
S-d1120892,A-4182b6,2022-06-20,,Basic,110,905,10860,False,False,False,False,annual,True
S-92844af3,A-bda37c,2021-01-23,,Basic,111,1701,20412,False,False,True,False,monthly,True
S-8e42d2bf,A-83f776,2024-09-13,,Basic,70,325,3900,False,False,True,False,monthly,True
S-0680e8ea,A-f6b94c,2024-08-31,,Enterprise,187,2452,29424,False,False,False,False,annual,True
S-36c510f4,A-e20152,2023-12-03,,Basic,111,3577,42924,False,True,False,False,annual,True
S-6378c0cd,A-c32b0a,2023-03-08,,Pro,182,669,8028,True,False,False,False,annual,True
S-f410778e,A-d3d2c6,2023-02-10,,Pro,136,2549,30588,True,False,False,False,annual,True
S-2d0bf623,A-2810a5,2023-01-11,,Basic,96,3394,40728,False,False,True,False,monthly,True
S-4c6974c3,A-3d75c1,2024-03-21,,Enterprise,27,949,11388,False,False,False,False,monthly,True
S-98c1906a,A-d8fe58,2022-11-21,,Enterprise,134,2802,33624,False,False,False,False,annual,True
S-5ac83ca5,A-01c648,2024-02-19,,Enterprise,80,3632,43584,True,False,False,False,monthly,True
S-779e8117,A-309d6a,2022-03-27,,Enterprise,168,2392,28704,False,False,False,False,annual,True
S-db49b671,A-993774,2021-09-24,,Basic,156,1989,23868,True,False,False,False,monthly,True
S-55fd0f52,A-205093,2021-02-26,2021-06-12,Enterprise,79,4148,49776,False,True,False,True,monthly,True
S-b86da83d,A-0b1c34,2023-04-26,,Enterprise,159,3216,38592,False,True,False,False,annual,True
S-672b41ae,A-59d242,2021-06-28,2023-01-16,Enterprise,99,2775,33300,False,False,False,True,monthly,True
S-764fcd84,A-5a8f35,2024-05-25,2026-03-29,Enterprise,169,1752,21024,False,False,False,True,monthly,False
S-b5f02bb7,A-3204d3,2022-04-05,,Enterprise,147,3557,42684,False,False,False,False,annual,True
S-e44e6352,A-7b1bc8,2021-03-16,,Enterprise,31,1170,14040,True,True,False,False,annual,True
S-604d3073,A-410148,2022-09-18,,Pro,100,2792,33504,False,False,False,False,annual,True
S-97e1a8a7,A-b32d86,2023-01-14,,Pro,27,3517,42204,False,False,False,False,monthly,False
S-b0729be4,A-3f39a3,2023-06-29,,Enterprise,2,4031,48372,False,False,False,False,annual,True
S-a62fa8a6,A-703310,2023-08-14,,Enterprise,161,5069,60828,False,False,False,False,annual,True
S-ae3527dd,A-4aefb3,2024-04-15,,Pro,138,846,10152,False,False,False,False,monthly,True
S-59b5414d,A-6e3d08,2023-12-09,,Enterprise,122,3808,45696,False,False,False,False,annual,False
S-0669db49,A-dc726d,2024-04-25,,Enterprise,106,2648,31776,False,False,True,False,monthly,True
S-e6117a3b,A-3f9dfa,2021-11-04,,Enterprise,127,4704,56448,False,False,False,False,monthly,True
S-1dbdf6df,A-572cc7,2023-03-18,,Pro,114,2880,34560,False,False,False,False,monthly,False
S-ff67724b,A-2b89d4,2024-07-20,,Basic,21,799,9588,False,False,False,False,monthly,True
S-38a04384,A-47ce41,2023-06-27,,Basic,164,3701,44412,False,True,False,False,monthly,True
S-e9d6492b,A-df2118,2021-12-14,,Basic,144,33,396,False,False,False,False,annual,True
S-6b9ed8f0,A-961a05,2022-10-07,,Enterprise,7,1123,13476,False,False,False,False,annual,True
S-656fc856,A-d98759,2021-03-08,,Enterprise,135,917,11004,True,False,False,False,monthly,True
S-85418e10,A-ad2f33,2023-02-01,,Pro,31,987,11844,False,False,False,False,annual,True
S-23dd1850,A-dabc1b,2021-03-29,,Enterprise,8,1440,17280,False,False,True,False,annual,False
S-f20ec587,A-6df3cb,2022-07-17,2022-08-17,Pro,181,1685,20220,False,True,False,True,monthly,False
S-77cdd7b8,A-9a9689,2021-10-17,,Basic,59,249,2988,False,False,False,False,annual,True
S-21fa75e2,A-2b8e44,2022-08-20,,Enterprise,178,545,6540,False,False,False,False,monthly,False
S-415a5bb5,A-3a3477,2021-03-18,,Basic,35,2530,30360,False,True,False,False,annual,True
S-53e1e4f2,A-90aaae,2022-06-26,,Enterprise,148,604,7248,False,False,True,False,annual,True
S-4ea4517d,A-641031,2022-01-02,,Pro,12,238,2856,False,False,False,False,annual,True
S-cfa26565,A-78d2ec,2021-08-24,,Enterprise,119,3389,40668,False,False,False,False,annual,True
S-ec285091,A-800523,2022-04-29,,Enterprise,110,1795,21540,True,False,False,False,annual,True
S-d3f66ec7,A-d5aaf6,2024-09-04,,Enterprise,54,1441,17292,False,True,False,False,monthly,True
S-21844fc7,A-ba42fc,2024-08-06,,Pro,9,40,480,False,False,False,False,monthly,False
S-afb09214,A-4c64d5,2023-08-22,,Basic,163,2024,24288,False,False,False,False,monthly,True
S-a4164790,A-df55b3,2021-11-24,,Pro,185,1364,16368,False,True,False,False,monthly,True
S-be6b6658,A-f60e4b,2022-01-20,,Basic,134,1945,23340,False,False,False,False,monthly,True
S-63a58c07,A-12a8c7,2022-03-01,,Basic,128,4430,53160,False,False,True,False,monthly,False
S-69cad9de,A-e21fc9,2023-11-01,,Pro,12,4360,52320,False,False,False,False,monthly,True
S-0bcad605,A-2b8e44,2021-03-03,,Basic,11,2173,26076,False,False,False,False,annual,True
S-5604dc4f,A-b913b0,2024-10-26,,Pro,51,720,8640,False,False,False,False,monthly,True
S-e2c88dfd,A-a481e9,2023-08-06,,Pro,85,3050,36600,False,False,True,False,monthly,True
S-a0b8d192,A-6487b2,2022-06-22,,Basic,3,144,1728,False,False,False,False,monthly,False
S-ec161b1a,A-1f5600,2022-05-17,,Enterprise,100,2281,27372,False,False,False,False,monthly,True
S-c6be334f,A-46f183,2023-10-06,,Pro,69,847,10164,False,False,False,False,annual,True
S-33ae6ad8,A-b515e1,2024-09-11,,Pro,151,4239,50868,False,True,False,False,annual,True
S-1a77c3c5,A-ef8d69,2023-08-03,,Basic,88,1874,22488,False,False,False,False,monthly,True
S-61c3df16,A-adf3b0,2023-01-11,,Enterprise,167,2131,25572,True,True,False,False,monthly,True
S-57abf1f2,A-4fc69b,2023-04-04,,Pro,43,2883,34596,False,False,False,False,annual,True
S-35e1c1c8,A-275502,2021-01-07,,Pro,113,6469,77628,False,False,False,False,annual,True
S-13db246c,A-3c413d,2021-05-04,,Basic,7,1494,17928,False,False,False,False,annual,True
S-f2c41336,A-3d75c1,2021-07-11,,Pro,84,877,10524,True,False,False,False,monthly,True
S-643561f2,A-d9ad81,2023-12-25,,Basic,99,7904,94848,False,True,False,False,monthly,True
S-a0936297,A-83f776,2021-09-12,,Pro,146,3475,41700,False,False,False,False,monthly,True
S-f0161337,A-7b6eee,2023-12-23,,Basic,114,1789,21468,False,False,False,False,monthly,True
S-937fe4bd,A-08a972,2023-12-13,,Basic,70,3276,39312,False,False,False,False,annual,True
S-8d9b22d2,A-780b56,2021-08-03,,Basic,174,2906,34872,False,False,False,False,annual,False
S-eb152db1,A-8a2dcf,2021-09-27,,Basic,26,2533,30396,False,True,False,False,annual,True
S-7e4549b5,A-040921,2024-11-05,,Pro,21,165,1980,False,False,True,False,annual,True
S-1d7a53d6,A-661aa8,2023-11-18,,Pro,187,1616,19392,False,False,False,False,annual,True
S-a929bdd9,A-9ccef5,2023-10-25,,Basic,182,4569,54828,False,False,False,False,monthly,True
S-9e3b0e5b,A-6751ab,2024-12-31,,Pro,8,3949,47388,False,True,False,False,annual,True
S-c28e6dbc,A-49535d,2022-08-18,2023-08-23,Pro,153,6123,73476,False,False,False,True,monthly,True
S-0f3618a6,A-396e8b,2022-03-07,,Pro,131,2700,32400,False,False,False,False,annual,True
S-8c7bde88,A-127d60,2024-09-21,,Pro,116,508,6096,False,False,False,False,annual,True
S-4f648b63,A-36c0b3,2022-01-04,,Enterprise,182,2605,31260,False,False,False,False,monthly,False
S-d7ef1c96,A-cc4e00,2024-04-16,,Pro,10,2025,24300,True,True,False,False,annual,True
S-e1fb9ee6,A-f2b464,2023-01-16,,Pro,141,4423,53076,False,False,False,False,monthly,True
S-6b70ab53,A-d8fe58,2022-06-28,,Pro,34,2479,29748,False,False,False,False,monthly,True
S-d174efe6,A-2151c8,2023-09-28,,Basic,94,1298,15576,False,False,True,False,monthly,True
S-ceafa8b6,A-891867,2023-07-12,,Enterprise,97,1751,21012,False,False,False,False,monthly,False
S-04e3d499,A-cea72b,2023-10-03,,Pro,102,4919,59028,False,False,False,False,monthly,False
S-1d8741b1,A-fd5d1c,2021-08-20,,Pro,164,2249,26988,False,True,False,False,monthly,True
S-69b3f57b,A-3cccbc,2024-02-13,,Pro,91,2802,33624,False,False,False,False,monthly,True
S-e5425bc0,A-1aa01f,2023-06-11,,Basic,170,3825,45900,False,False,False,False,annual,True
S-d917be87,A-6f29f7,2024-12-03,,Enterprise,107,1509,18108,False,True,False,False,annual,True
S-b53aecc4,A-275502,2021-01-16,,Enterprise,129,2783,33396,False,False,False,False,monthly,True
S-a0b1660a,A-2151c8,2021-07-01,,Basic,175,239,2868,False,False,False,False,monthly,True
S-a307961b,A-121302,2024-03-31,,Enterprise,12,2207,26484,False,False,False,False,monthly,False
S-bfb45079,A-f3aa45,2024-09-30,,Basic,135,3780,45360,False,False,False,False,annual,True
S-154fbc0f,A-0bf6e3,2022-12-19,,Pro,96,2763,33156,False,False,False,False,annual,True
S-f46d2b2a,A-7b3b51,2023-01-27,,Pro,12,2118,25416,False,False,True,False,monthly,True
S-38c9e33b,A-c6ab7a,2024-11-05,,Basic,111,2099,25188,False,False,False,False,annual,True
S-8e0bc221,A-bc727c,2024-10-02,,Enterprise,144,3255,39060,False,False,False,False,annual,False
S-0d1b80ce,A-f2b464,2021-05-09,,Basic,116,344,4128,False,False,False,False,monthly,True
S-31398114,A-78d2ec,2023-04-08,,Pro,70,541,6492,False,False,False,False,monthly,True
S-d52e630a,A-a54ab8,2022-09-05,,Pro,104,3254,39048,False,False,False,False,annual,False
S-2c360adc,A-275502,2022-09-21,,Pro,66,2826,33912,False,False,False,False,annual,True
S-1350e375,A-9d992c,2023-10-11,,Enterprise,167,780,9360,False,True,False,False,annual,True
S-693ad18e,A-f1d958,2022-09-12,,Enterprise,44,2536,30432,False,False,False,False,monthly,True
S-3775d9c7,A-388d16,2022-06-11,,Enterprise,158,1955,23460,False,False,False,False,annual,True
S-2bad4c9f,A-a722ec,2023-06-15,,Enterprise,37,1266,15192,False,False,False,False,monthly,True
S-cdfc2036,A-9b151e,2024-04-09,,Enterprise,97,4432,53184,False,False,False,False,monthly,True
S-cad7a582,A-2c850e,2023-11-30,2024-05-02,Pro,138,1489,17868,False,True,False,True,annual,True
S-b8866581,A-d07cf7,2024-09-23,,Basic,69,540,6480,False,False,False,False,annual,True
S-d9290434,A-1bf244,2023-08-16,,Basic,181,709,8508,False,False,False,False,annual,True
S-2df32ef7,A-52d296,2021-05-12,,Enterprise,134,1464,17568,False,False,False,False,annual,False
S-779e981d,A-147497,2022-11-07,,Pro,176,4087,49044,False,False,False,False,monthly,True
S-694444b1,A-4acad6,2023-03-29,,Pro,118,397,4764,False,False,True,False,annual,False
S-7a3d4030,A-f2e197,2022-11-22,2023-05-05,Basic,102,751,9012,False,False,False,True,annual,True
S-23f61591,A-eca077,2024-05-17,,Basic,120,5921,71052,True,False,False,False,monthly,True
S-35c12a5e,A-5a8f35,2022-01-31,,Enterprise,65,1203,14436,False,True,False,False,annual,False
S-efd6c401,A-2c1987,2023-11-11,,Enterprise,95,1998,23976,False,False,True,False,annual,True
S-8d372f24,A-f56c83,2024-03-16,,Enterprise,172,4853,58236,False,True,False,False,annual,True
S-42b68f19,A-a3efac,2021-07-27,,Enterprise,13,569,6828,False,False,False,False,annual,False
S-04390c7e,A-71c2db,2022-01-16,,Enterprise,122,5216,62592,False,False,False,False,monthly,True
S-b5da639a,A-faad0f,2023-10-01,,Enterprise,33,1799,21588,False,False,True,False,monthly,True
S-4e6677e6,A-a91287,2023-11-02,,Enterprise,189,1474,17688,False,True,False,False,annual,True
S-e02c53b7,A-b95064,2021-06-16,,Basic,76,262,3144,False,False,False,False,monthly,True
S-9351846f,A-c32b0a,2022-11-15,,Basic,5,5132,61584,False,False,False,False,annual,True
S-b858cb4c,A-8a8f8a,2021-08-20,,Pro,50,2835,34020,True,False,True,False,annual,True
S-14dfbdc4,A-adedd2,2023-01-21,,Enterprise,110,5802,69624,True,False,False,False,monthly,False
S-52f43f1f,A-274168,2021-10-14,,Basic,52,110,1320,False,True,False,False,monthly,True
S-511cc6d9,A-f5777d,2021-11-14,2022-08-22,Enterprise,157,1389,16668,False,False,False,True,monthly,True
S-dc15a90a,A-579d6a,2023-05-21,,Pro,52,1570,18840,False,False,False,False,monthly,True
S-09c01de5,A-780b56,2021-02-15,,Basic,65,2319,27828,False,False,False,False,annual,True
S-439b2cf6,A-9e6b3e,2021-10-12,,Pro,122,1161,13932,False,True,False,False,annual,True
S-091d34ce,A-503d27,2021-01-16,,Pro,176,368,4416,False,False,True,False,annual,True
S-d6ee9f30,A-9a8bb2,2022-10-16,,Basic,22,2613,31356,False,True,False,False,annual,False
S-743dea69,A-e1406a,2024-05-11,,Enterprise,62,2317,27804,False,False,False,False,monthly,True
S-df65e9d3,A-f4c25c,2024-11-26,,Basic,136,5582,66984,False,False,False,False,annual,True
S-71c4d1b3,A-c812ae,2023-05-08,,Pro,15,2377,28524,False,False,False,False,monthly,False
S-1a6521b7,A-3a41b2,2024-12-17,,Pro,175,3403,40836,False,False,False,False,annual,True
S-a4e86b82,A-2f36c1,2024-11-02,,Enterprise,147,2286,27432,True,False,False,False,monthly,False
S-204fe465,A-bc1b91,2024-08-29,,Enterprise,9,1320,15840,False,True,False,False,monthly,True
S-e1048d8c,A-040921,2023-03-13,,Basic,64,3376,40512,False,False,False,False,annual,True
S-865ae5e7,A-186adc,2023-09-15,,Basic,180,965,11580,False,True,False,False,monthly,False
S-f6a5bbcb,A-dbf513,2021-09-02,,Enterprise,60,3125,37500,False,False,False,False,monthly,True
S-db361224,A-36181a,2023-08-06,2024-06-07,Pro,88,1185,14220,False,False,False,True,annual,False
S-75977f29,A-3d75c1,2022-04-04,,Basic,161,2317,27804,False,False,True,False,annual,True
S-fbadfd0f,A-6e3d08,2024-01-10,,Basic,114,52,624,False,False,True,False,monthly,False
S-d127d1e5,A-fbe044,2022-04-30,,Pro,145,1638,19656,False,False,True,False,annual,True
S-de384ec2,A-fbe044,2022-12-12,,Enterprise,97,3874,46488,False,False,False,False,monthly,True
S-3bd11634,A-448821,2023-09-27,,Enterprise,97,497,5964,False,False,False,False,annual,True
S-040dd68f,A-47ce41,2022-06-12,,Basic,162,3610,43320,False,False,False,False,annual,True
S-f1140696,A-a481e9,2022-11-16,,Enterprise,95,2447,29364,False,False,False,False,annual,False
S-9605ab26,A-b32d86,2023-01-26,2023-11-19,Pro,138,826,9912,False,False,False,True,monthly,False
S-835a79d7,A-e6343a,2022-01-09,,Pro,170,4280,51360,False,False,False,False,annual,False
S-67e9bcee,A-064dcf,2024-07-17,,Enterprise,32,2779,33348,False,False,False,False,annual,True
S-8543fbf8,A-9f9cca,2021-02-24,,Basic,57,1235,14820,False,True,False,False,annual,True
S-b8552b42,A-85a76f,2024-03-16,2025-11-05,Basic,51,3842,46104,False,False,False,True,monthly,True
S-7a565a9f,A-66d8db,2021-02-19,,Enterprise,172,2828,33936,False,False,False,False,monthly,True
S-4e7a549d,A-7c73b8,2023-10-13,,Pro,35,4313,51756,False,False,False,False,annual,True
S-c15d03f9,A-c48f44,2024-02-28,,Basic,168,3360,40320,False,False,False,False,annual,True
S-86cae8a8,A-8f00d8,2023-10-03,,Basic,100,1025,12300,False,False,False,False,monthly,True
S-fb13098a,A-66b64e,2021-12-09,,Enterprise,31,1463,17556,False,False,False,False,annual,False
S-a5f07c58,A-70da28,2024-03-11,,Enterprise,136,327,3924,False,False,False,False,annual,True
S-d06e7bd1,A-3f39a3,2023-01-01,,Pro,69,745,8940,False,False,False,False,monthly,True
S-dc111f5e,A-79589c,2023-01-14,,Enterprise,187,767,9204,False,False,False,False,monthly,True
S-01772157,A-275801,2023-07-13,,Enterprise,158,1081,12972,False,False,False,False,monthly,True
S-0fafca88,A-e979f8,2022-09-21,,Basic,152,2165,25980,False,True,False,False,monthly,True
S-c4edacc5,A-77d382,2021-06-14,,Basic,179,3772,45264,False,False,False,False,annual,True
S-2d792be7,A-0ff5dc,2023-02-21,,Enterprise,150,2592,31104,False,False,False,False,annual,True
S-e063bdf0,A-2bf8bb,2024-07-08,2026-02-26,Enterprise,143,2502,30024,False,False,False,True,annual,True
S-f74b1b58,A-9a8bb2,2023-09-05,,Pro,109,2316,27792,False,True,False,False,annual,True
S-be6b8e24,A-9175e6,2024-01-30,,Pro,123,5449,65388,False,True,False,False,monthly,True
S-3e635690,A-b4365e,2024-09-22,,Pro,60,1566,18792,False,True,False,False,monthly,True
S-bf78204e,A-3ea8a3,2021-06-19,,Enterprise,131,3670,44040,False,False,True,False,monthly,True
S-7361b496,A-275801,2024-08-26,,Enterprise,165,1376,16512,False,False,False,False,annual,True
S-f7edcaf5,A-0d7286,2023-10-11,,Basic,145,1413,16956,True,False,True,False,annual,True
S-21878b56,A-216da3,2022-09-09,,Basic,129,1224,14688,False,True,False,False,monthly,True
S-16770a56,A-7231b2,2021-03-06,,Enterprise,118,1053,12636,False,False,False,False,monthly,True
S-f763a8eb,A-0263d2,2022-01-21,,Pro,91,1481,17772,False,True,False,False,annual,True
S-9066ce84,A-4064bb,2024-03-26,,Enterprise,97,339,4068,False,False,False,False,monthly,False
S-d095f3f3,A-f4c25c,2024-01-05,,Enterprise,59,4334,52008,False,False,False,False,annual,True
S-c07069e4,A-b00145,2021-08-06,2021-11-13,Pro,77,2243,26916,False,False,False,True,monthly,True
S-8d08f254,A-d9e9fc,2024-06-28,,Pro,1,1576,18912,False,False,True,False,monthly,True
S-2a3d5c72,A-c8e48c,2024-08-04,,Enterprise,160,4347,52164,False,False,False,False,monthly,False
S-6e94a4a2,A-6cb2ce,2024-07-09,,Basic,54,1274,15288,False,False,False,False,annual,True
S-7112a924,A-0b1c34,2021-07-02,,Enterprise,10,5499,65988,False,False,False,False,monthly,True
S-37dd8b5a,A-741acd,2021-07-09,,Basic,176,2769,33228,False,True,False,False,annual,True
S-32d2c397,A-3c413d,2022-10-25,,Basic,1,737,8844,False,False,False,False,monthly,True
S-19fc7a41,A-2be2ac,2022-05-29,,Enterprise,170,11,132,False,False,False,False,monthly,False
S-545d53f8,A-ab9ba5,2023-06-30,,Pro,59,61,732,False,False,True,False,annual,False
S-67491614,A-c0e2d5,2024-07-02,,Basic,13,2696,32352,False,True,True,False,monthly,True
S-693b3cdc,A-a91287,2024-03-14,,Basic,14,791,9492,False,False,False,False,annual,True
S-db425605,A-4c64d5,2022-11-22,,Pro,46,1812,21744,True,True,False,False,annual,True
S-5f6dc643,A-121302,2022-11-24,,Pro,132,5046,60552,True,False,False,False,annual,True
S-d9dd0fc1,A-02fad5,2021-06-25,,Pro,50,3561,42732,False,True,False,False,monthly,True
S-1628277d,A-50e35d,2021-01-26,,Basic,153,1538,18456,False,True,False,False,monthly,True
S-0d9dd85a,A-757186,2022-10-17,,Enterprise,96,300,3600,False,False,False,False,monthly,True
S-32711e30,A-ce9869,2021-12-30,,Basic,152,2923,35076,False,True,False,False,monthly,True
S-708c2ada,A-246226,2024-11-05,,Pro,156,1516,18192,False,True,False,False,monthly,True
S-cf892cad,A-b913b0,2021-06-22,,Basic,93,4289,51468,False,False,False,False,annual,True
S-6bc894cd,A-df2118,2021-09-05,,Enterprise,31,2777,33324,False,False,True,False,annual,True
S-ce0571d7,A-a2e816,2021-03-29,,Enterprise,130,3381,40572,False,False,False,False,annual,False
S-b056d346,A-a4bc9c,2023-11-18,,Pro,140,673,8076,True,False,False,False,annual,False
S-0fe239b8,A-2c850e,2024-05-13,,Basic,99,3083,36996,False,False,False,False,annual,False
S-8e6fd76b,A-63c268,2023-05-03,,Basic,81,1628,19536,False,True,False,False,annual,True
S-17dba0e5,A-9a9689,2021-07-14,2021-10-15,Basic,81,4543,54516,False,False,False,True,monthly,False
S-a9a4c387,A-e5e60e,2023-12-29,,Basic,140,3002,36024,False,False,True,False,annual,True
S-8762afba,A-18470a,2022-05-31,,Enterprise,101,1140,13680,False,True,False,False,monthly,True
S-0fa498d5,A-4cf7f7,2021-01-21,,Pro,65,363,4356,False,False,False,False,annual,True
S-1b1d9fae,A-275502,2023-07-07,,Pro,80,5907,70884,False,False,False,False,annual,True
S-16a0686d,A-babd7f,2024-07-23,,Basic,164,401,4812,False,False,False,False,monthly,False
S-959e5697,A-2cf08b,2022-09-12,2024-04-16,Enterprise,128,542,6504,False,True,True,True,annual,True
S-837f876c,A-fd34f6,2022-01-01,,Basic,56,2323,27876,False,False,False,False,annual,True
S-71a6a38b,A-e23d29,2024-11-09,,Basic,154,1510,18120,False,False,False,False,annual,True
S-6cf3d974,A-e6ef8b,2023-08-05,,Basic,89,2940,35280,False,True,False,False,monthly,True
S-55c75e1f,A-01c648,2023-12-26,,Basic,152,3101,37212,False,False,False,False,monthly,True
S-6197721d,A-36181a,2024-12-24,,Basic,57,621,7452,False,True,False,False,annual,True
S-27f0a2bc,A-fd5d1c,2023-11-14,,Enterprise,98,1231,14772,False,False,False,False,annual,True
S-f5578daa,A-99995c,2023-07-30,,Pro,189,1665,19980,False,False,False,False,monthly,True
S-b3fc5754,A-45a1c6,2023-07-25,,Basic,21,2166,25992,False,False,False,False,annual,True
S-6053e8e5,A-299f66,2021-06-15,,Enterprise,21,995,11940,False,False,False,False,annual,True
S-64e72f2e,A-819eaf,2021-04-27,,Basic,121,195,2340,False,False,True,False,annual,True
S-ec3d85a8,A-a4bc9c,2021-01-13,,Pro,145,944,11328,False,False,False,False,annual,False
S-9089062e,A-31d091,2022-02-10,,Enterprise,97,1010,12120,False,False,False,False,monthly,True
S-0792e7a6,A-e979f8,2022-05-02,,Pro,92,3592,43104,True,False,False,False,monthly,True
S-f35e70a5,A-59672e,2023-01-06,,Pro,42,2115,25380,False,False,False,False,annual,True
S-bd2ba644,A-b46328,2022-01-22,,Basic,76,1883,22596,True,False,False,False,monthly,True
S-db69c233,A-f11b19,2024-12-12,,Pro,7,475,5700,False,False,False,False,annual,True
S-7a98d5e7,A-a98afd,2023-05-29,,Enterprise,86,2116,25392,False,False,False,False,monthly,True
S-3aff98af,A-3dc038,2021-10-19,,Pro,35,927,11124,False,False,False,False,annual,True
S-51346fb6,A-715861,2023-08-13,,Enterprise,174,7475,89700,False,False,False,False,monthly,True
S-c7b8246d,A-48a544,2021-06-14,,Enterprise,135,512,6144,False,False,False,False,monthly,True
S-41d1bc36,A-a3efac,2022-09-22,,Pro,36,1817,21804,False,True,False,False,annual,True
S-249d8be7,A-661aa8,2022-10-12,,Pro,63,1511,18132,False,False,False,False,annual,True
S-fd4243f4,A-bbe512,2022-09-19,,Enterprise,5,3273,39276,False,False,False,False,monthly,True
S-829dd35d,A-205093,2023-06-04,,Basic,149,1620,19440,False,False,True,False,monthly,True
S-7e386b94,A-309d6a,2023-12-27,2024-02-14,Basic,96,2076,24912,False,False,False,True,annual,True
S-feadd4b2,A-57e924,2023-10-23,,Pro,181,3869,46428,False,False,False,False,monthly,True
S-b95d28bb,A-b32d86,2022-06-21,,Basic,137,4358,52296,False,False,False,False,monthly,True
S-88b0f55d,A-b67e99,2022-07-31,,Basic,123,2979,35748,False,False,False,False,monthly,True
S-182e5121,A-ba0f8c,2021-02-12,,Enterprise,55,359,4308,False,False,False,False,annual,True
S-bfa9a114,A-9b151e,2023-01-10,2023-03-27,Pro,6,93,1116,False,False,True,True,monthly,True
S-5ab5967a,A-ece32d,2021-08-15,,Pro,117,2168,26016,False,True,False,False,monthly,True
S-fad94ac6,A-26bbfd,2021-10-28,,Pro,174,3711,44532,False,False,False,False,annual,False
S-65d651ad,A-e1b1a4,2024-11-19,,Pro,20,848,10176,False,False,False,False,monthly,True
S-2b227a24,A-df92d4,2024-04-07,,Basic,142,260,3120,False,False,False,False,annual,True
S-4c5c3438,A-9b417b,2023-06-16,,Basic,119,2832,33984,False,True,False,False,annual,True
S-df421888,A-0e6fb8,2023-12-28,,Enterprise,158,1052,12624,False,False,False,False,annual,True
S-fdfda772,A-9175e6,2023-09-03,,Enterprise,82,1860,22320,False,False,False,False,annual,False
S-b88818ce,A-e85f12,2021-06-23,,Enterprise,117,2886,34632,False,False,False,False,monthly,True
S-8bed47b2,A-cfdab5,2024-11-05,2026-07-20,Pro,174,280,3360,True,False,False,True,monthly,True
S-244ade75,A-001d08,2023-09-20,,Enterprise,85,611,7332,False,False,False,False,annual,False
S-fbd6c636,A-83f776,2024-07-29,,Enterprise,93,486,5832,False,False,False,False,monthly,True
S-ab11ed05,A-85322a,2024-04-10,,Pro,173,442,5304,False,False,False,False,annual,True
S-8ed75d10,A-38094a,2022-10-06,,Enterprise,120,2186,26232,False,True,False,False,monthly,True
S-7071a2aa,A-3a19f8,2024-09-06,,Pro,176,1858,22296,False,False,False,False,monthly,True
S-cd3dbbe3,A-655235,2022-03-25,,Enterprise,10,1549,18588,False,False,False,False,monthly,True
S-4f52ceb0,A-7e69c7,2023-04-27,,Basic,129,6208,74496,False,False,False,False,annual,False
S-6c84d15f,A-4f71e8,2021-12-04,,Pro,28,2776,33312,False,True,True,False,monthly,True
S-ce569b02,A-057df9,2024-10-22,,Pro,71,1416,16992,True,False,False,False,monthly,True
S-fe390640,A-f3890c,2021-05-20,,Basic,177,2303,27636,False,False,False,False,annual,True
S-71cf166b,A-e1a8ea,2022-07-27,2022-09-18,Enterprise,178,525,6300,False,False,False,True,annual,True
S-20cbfd1b,A-b0fdf8,2023-05-07,,Enterprise,75,1330,15960,False,False,False,False,annual,True
S-27687463,A-b32d86,2024-02-27,,Basic,22,6516,78192,False,True,False,False,monthly,True
S-3ecec36d,A-fdeda5,2021-01-29,,Enterprise,178,3107,37284,False,False,False,False,annual,True
S-9984f5a9,A-a63269,2022-05-16,,Basic,97,3675,44100,False,False,False,False,monthly,True
S-ec5c3d0c,A-377924,2023-09-16,,Basic,16,1868,22416,False,False,True,False,monthly,True
S-384320bd,A-0bcb7a,2022-04-12,,Pro,119,5284,63408,False,False,False,False,annual,False
S-24839771,A-f2b464,2024-03-20,,Enterprise,120,64,768,True,False,False,False,annual,False
S-fc3bb9a0,A-abbbd0,2024-10-24,,Enterprise,131,3333,39996,False,False,False,False,monthly,True
S-8e643305,A-51eed3,2022-06-26,,Basic,131,768,9216,False,True,False,False,monthly,True
S-e132fa45,A-4ef13f,2023-08-31,2024-06-07,Basic,62,1072,12864,False,False,False,True,monthly,False
S-8a762c56,A-39e2df,2022-12-27,,Enterprise,177,2698,32376,False,False,False,False,monthly,False
S-708f6b4f,A-63c268,2024-10-07,,Basic,19,99,1188,False,False,False,False,monthly,True
S-ad11d193,A-674f3d,2021-02-25,,Pro,64,2270,27240,False,False,False,False,monthly,True
S-6ff14b9e,A-6df3cb,2023-01-09,,Pro,20,2047,24564,False,False,False,False,monthly,False
S-d2ca5d03,A-9f521d,2023-06-16,,Basic,52,4820,57840,False,False,False,False,annual,True
S-61273fed,A-b1f3cb,2021-09-11,,Basic,176,1009,12108,False,False,False,False,monthly,True
S-9cdb6e4b,A-64ddde,2022-07-08,,Basic,71,392,4704,False,False,False,False,annual,True
S-44369689,A-ab8f61,2022-10-11,,Pro,103,3454,41448,False,False,False,False,annual,True
S-ec39c2e2,A-176774,2021-08-07,,Pro,80,528,6336,False,True,False,False,monthly,True
S-bb8dcc55,A-d22b13,2024-02-11,,Pro,90,147,1764,False,False,False,False,annual,True
S-0b0545ee,A-275502,2024-07-11,,Pro,87,684,8208,True,False,False,False,monthly,False
S-1b6ad51a,A-14e75c,2024-09-25,,Enterprise,176,307,3684,False,False,False,False,annual,True
S-0225144c,A-7b6eee,2022-06-15,,Pro,47,3744,44928,False,False,False,False,monthly,True
S-6166c906,A-0dd367,2022-08-08,,Enterprise,145,1565,18780,False,False,False,False,annual,True
S-2d320526,A-f1d958,2022-08-02,,Enterprise,137,2226,26712,False,False,False,False,monthly,True
S-263bf09b,A-d3154c,2021-09-15,,Basic,118,2071,24852,False,False,False,False,annual,True
S-06acc033,A-9d4ff6,2022-04-12,,Basic,167,2926,35112,False,False,False,False,monthly,True
S-c5c9686b,A-9f9cca,2021-10-14,,Enterprise,66,120,1440,True,True,False,False,monthly,False
S-02288dd5,A-98ae9b,2022-12-27,,Pro,112,1571,18852,True,False,False,False,annual,False
S-73aad541,A-9c8b42,2022-04-01,,Basic,65,1676,20112,False,False,False,False,annual,False
S-c90afb96,A-2bf8bb,2023-01-09,,Pro,76,2659,31908,False,False,False,False,monthly,True
S-5c028d5f,A-e6e3cd,2023-02-01,2023-10-25,Basic,175,1473,17676,False,False,False,True,monthly,True
S-278ce4d7,A-961183,2024-05-08,,Basic,40,2289,27468,False,False,False,False,annual,False
S-bb979f5f,A-d5aaf6,2023-05-26,2024-11-17,Enterprise,68,1149,13788,False,False,False,True,annual,True
S-e002a4da,A-66b64e,2024-05-23,,Pro,117,4251,51012,False,False,False,False,annual,True
S-637aeb2d,A-a2e460,2021-08-12,,Basic,74,273,3276,False,False,False,False,monthly,True
S-0859cd92,A-2e2e55,2021-08-07,,Basic,72,2677,32124,False,True,False,False,monthly,True
S-508004ac,A-aad5c7,2024-09-25,,Enterprise,100,2746,32952,False,False,False,False,monthly,True
S-e993fc02,A-0c36d9,2024-09-26,,Enterprise,87,4812,57744,False,True,False,False,monthly,True
S-69ebf05f,A-93381a,2023-10-31,2024-04-03,Enterprise,5,2730,32760,False,False,False,True,monthly,False
S-6e0b9c0d,A-9e9f30,2023-12-26,,Basic,75,3076,36912,False,False,False,False,annual,True
S-aee399b2,A-559b49,2023-12-14,,Enterprise,35,3743,44916,False,False,False,False,monthly,True
S-b91b82af,A-0edc7e,2022-07-13,,Enterprise,56,885,10620,False,False,False,False,annual,False
S-623d8898,A-4182b6,2022-02-01,,Basic,184,886,10632,False,False,False,False,monthly,True
S-04cd2de4,A-2e3f29,2024-03-30,,Basic,4,2750,33000,False,True,False,False,monthly,True
S-0976cfd0,A-e9662a,2022-06-12,,Enterprise,161,524,6288,False,False,False,False,annual,False
S-460f3fc0,A-15e7b5,2024-03-11,,Basic,88,354,4248,False,False,False,False,monthly,True
S-972122e6,A-1b90d5,2022-05-25,,Basic,92,4138,49656,False,False,False,False,monthly,True
S-91624b1f,A-8f00d8,2023-07-18,,Basic,14,815,9780,False,False,False,False,annual,True
S-a574de05,A-3f7dbc,2022-04-12,,Basic,157,10,120,False,True,False,False,annual,False
S-223db40c,A-d87876,2022-09-30,,Enterprise,176,6733,80796,False,False,False,False,annual,True
S-f5713f93,A-0d5e78,2024-11-27,2025-05-28,Pro,140,3593,43116,False,True,True,True,monthly,True
S-e6c631c9,A-49256a,2021-02-26,,Enterprise,32,1473,17676,False,False,False,False,annual,True
S-8a8c3b7b,A-0263d2,2022-05-18,,Enterprise,180,1451,17412,False,False,True,False,monthly,True
S-37965ff9,A-b8b83c,2021-06-04,,Pro,160,3459,41508,False,False,False,False,monthly,True
S-872cab5d,A-275502,2023-07-02,,Pro,51,1640,19680,False,True,False,False,monthly,True
S-5d8d6c78,A-ba7802,2021-04-27,,Enterprise,18,4458,53496,False,True,False,False,monthly,True
S-b36ac252,A-741acd,2021-09-07,,Enterprise,7,833,9996,True,False,False,False,monthly,True
S-2d26bc31,A-2e2e55,2022-12-17,,Pro,139,2312,27744,False,False,False,False,monthly,True
S-670a9b4e,A-71e1df,2021-07-18,,Pro,76,436,5232,False,False,False,False,monthly,True
S-75e7b1bf,A-9a8bb2,2023-04-25,,Basic,129,1583,18996,False,False,False,False,annual,True
S-a40d3111,A-af8daf,2024-11-13,,Basic,58,1155,13860,False,False,False,False,annual,False
S-3dd8caac,A-f3890c,2024-10-28,,Pro,125,1894,22728,False,False,False,False,annual,True
S-c1fc7251,A-9d4ff6,2022-02-17,,Pro,74,3820,45840,False,False,False,False,annual,True
S-96c507b9,A-b8b83c,2023-02-13,,Pro,174,3905,46860,False,False,False,False,monthly,True
S-3cac18a7,A-fc24f9,2024-11-27,,Enterprise,93,1619,19428,False,False,False,False,monthly,False
S-6bbd361b,A-94b0ff,2021-06-26,2023-05-18,Basic,39,2721,32652,False,False,True,True,monthly,True
S-44bbc7e3,A-825eb0,2022-04-29,,Enterprise,138,211,2532,False,False,False,False,annual,True
S-3ce928f6,A-bc0a07,2021-11-24,,Pro,69,2803,33636,False,False,False,False,annual,True
S-0a8b8220,A-e99e90,2022-06-14,,Basic,113,5372,64464,False,False,True,False,monthly,True
S-8c3c17f4,A-54f16c,2024-07-10,,Basic,115,1481,17772,False,False,False,False,annual,True
S-965ab2d8,A-0c8a26,2024-11-28,,Enterprise,13,2434,29208,False,False,False,False,monthly,True
S-94c06438,A-671cbf,2021-11-22,,Pro,31,2426,29112,False,False,False,False,annual,True
S-c55de98d,A-12a8c7,2021-05-29,,Basic,2,3591,43092,True,False,False,False,monthly,True
S-4be20e85,A-7231b2,2024-03-25,,Enterprise,181,528,6336,False,False,False,False,monthly,True
S-eb5cc004,A-040921,2024-04-03,,Pro,1,1104,13248,False,False,False,False,annual,True
S-7b86eb85,A-275502,2023-04-15,,Pro,52,6276,75312,False,False,False,False,monthly,False
S-5fe8393a,A-a722ec,2024-07-28,,Enterprise,49,3276,39312,False,False,False,False,annual,False
S-74577238,A-ed72be,2022-07-01,,Basic,185,710,8520,False,False,True,False,monthly,True
S-41a0376d,A-dec46e,2021-03-31,,Enterprise,128,3728,44736,False,False,False,False,annual,True
S-31cd3410,A-faad0f,2022-05-22,,Basic,188,2570,30840,False,False,False,False,annual,False
S-7b6613bc,A-d766b2,2022-08-05,,Enterprise,113,2113,25356,True,False,False,False,annual,False
S-717e56bc,A-a2e460,2022-05-04,,Pro,21,1433,17196,False,False,False,False,annual,True
S-9a93461c,A-ba0f8c,2021-01-13,,Enterprise,96,156,1872,False,False,False,False,annual,True
S-24fefe30,A-79589c,2024-01-10,,Enterprise,130,1489,17868,False,False,True,False,annual,True
S-d9c1864c,A-b32d86,2024-05-22,,Enterprise,45,3347,40164,False,False,False,False,annual,True
S-ec4a28e8,A-66ee96,2024-07-20,,Basic,150,2353,28236,False,False,False,False,annual,False
S-043155d9,A-1f5600,2021-09-09,,Pro,7,3214,38568,True,False,False,False,monthly,False
S-7f87a8a0,A-559b49,2021-10-11,,Basic,131,4862,58344,False,False,False,False,monthly,False
S-7f5367ca,A-2b8e44,2023-09-17,2025-08-29,Pro,29,2120,25440,False,False,False,True,annual,True
S-5516bad4,A-702e67,2022-08-31,,Pro,22,1277,15324,False,False,False,False,annual,True
S-8151b398,A-27cc2c,2023-06-21,,Enterprise,171,979,11748,False,False,False,False,annual,True
S-ca664388,A-d98759,2023-08-29,,Basic,101,681,8172,True,False,True,False,monthly,True
S-96e0338d,A-0c8a26,2022-12-02,,Enterprise,151,4368,52416,False,False,False,False,monthly,True
S-9b74147b,A-572cc7,2023-10-03,,Pro,127,1412,16944,False,False,False,False,annual,False
S-949e3250,A-4b4931,2023-08-17,,Basic,71,4445,53340,False,True,True,False,annual,True
S-963bd29b,A-9d992c,2023-01-11,,Enterprise,138,111,1332,False,False,False,False,monthly,True
S-40812057,A-77d382,2024-11-05,,Enterprise,98,3264,39168,False,True,False,False,monthly,False
S-1c0db9e7,A-0249c4,2022-02-19,,Enterprise,66,2086,25032,False,True,False,False,monthly,True
S-609471d2,A-df55b3,2024-03-06,,Basic,62,5228,62736,False,False,False,False,monthly,True
S-4248e14d,A-71c2db,2023-11-08,,Pro,137,3666,43992,False,False,False,False,monthly,True
S-1160b36c,A-388d16,2022-08-16,,Enterprise,101,2225,26700,False,True,False,False,monthly,True
S-e5e60e4f,A-9e2b64,2022-06-03,,Basic,19,1421,17052,False,False,False,False,annual,True
S-13ed35ac,A-057df9,2023-10-25,,Basic,23,113,1356,False,False,False,False,annual,False
S-98784cf6,A-6e303f,2024-06-18,,Pro,139,3882,46584,False,False,False,False,monthly,True
S-fd98e256,A-410bfd,2023-06-15,,Enterprise,119,158,1896,False,False,False,False,monthly,True
S-de2c22d6,A-2f36c1,2021-04-05,,Enterprise,189,424,5088,False,False,False,False,monthly,True
S-bc6fea21,A-d3803e,2024-07-22,,Basic,44,238,2856,False,False,False,False,monthly,False
S-5c21e4c7,A-5a868a,2022-08-05,,Enterprise,125,315,3780,False,False,False,False,annual,True
S-a857d26f,A-fdeda5,2024-05-26,,Enterprise,24,1730,20760,False,True,False,False,annual,False
S-c602378a,A-1f5600,2023-10-10,,Basic,159,1511,18132,False,False,False,False,monthly,True
S-39cc1e6a,A-24f862,2021-01-19,,Enterprise,170,1612,19344,False,True,False,False,monthly,True
S-5866a83a,A-d78e97,2023-01-19,,Enterprise,91,294,3528,False,False,False,False,monthly,False
S-a486213b,A-e5e60e,2022-07-09,,Pro,39,882,10584,True,False,False,False,annual,True
S-6d7bb685,A-ed6bb8,2022-04-28,,Enterprise,40,3672,44064,False,False,False,False,annual,True
S-184fac3b,A-bc60c8,2024-10-11,,Basic,71,1846,22152,True,True,False,False,monthly,True
S-d9a7355b,A-0dd367,2024-05-04,,Enterprise,41,2348,28176,True,False,False,False,annual,True
S-003aa937,A-0bf6e3,2022-12-11,2023-10-23,Enterprise,4,1436,17232,False,False,False,True,annual,False
S-83267082,A-78d2ec,2022-01-13,,Basic,145,3575,42900,False,False,False,False,monthly,True
S-f386417e,A-3a65d6,2022-09-12,,Basic,23,32,384,True,False,False,False,annual,True
S-3301e1da,A-fd34f6,2024-02-16,,Pro,34,769,9228,False,False,False,False,monthly,True
S-897bf5b5,A-949e9c,2023-06-13,,Pro,113,518,6216,False,False,False,False,annual,True
S-0d7a3e87,A-2312e2,2022-04-07,,Basic,120,485,5820,False,True,False,False,monthly,True
S-cf9e205b,A-216da3,2022-11-27,,Enterprise,149,5826,69912,False,False,False,False,annual,True
S-c5b57fe6,A-7ccb2e,2022-06-30,,Pro,18,1108,13296,False,False,True,False,annual,False
S-17e996fb,A-388d16,2022-04-01,,Basic,13,1282,15384,False,False,False,False,annual,True
S-714024ad,A-2312e2,2024-06-09,,Pro,115,1448,17376,False,False,False,False,monthly,True
S-6ee6b5cf,A-6e3d08,2021-09-27,,Pro,12,2994,35928,False,False,False,False,annual,True
S-1e0eed7c,A-8f00d8,2023-06-24,,Basic,81,2132,25584,False,False,False,False,monthly,False
S-6c4c72d3,A-2bcd7c,2021-06-22,,Basic,108,4777,57324,False,True,False,False,annual,False
S-f3c2d181,A-9201a1,2024-12-17,,Enterprise,23,465,5580,True,False,False,False,monthly,True
S-5c702c68,A-a721c1,2022-05-30,,Pro,69,210,2520,False,False,False,False,annual,True
S-59ca1b77,A-105528,2023-05-07,,Basic,182,1980,23760,True,True,False,False,annual,True
S-6ce5d480,A-71c2db,2023-06-24,,Pro,62,3049,36588,False,False,True,False,annual,True
S-61f5e155,A-3a19f8,2023-07-03,,Basic,155,1125,13500,False,True,False,False,annual,True
S-75710ae6,A-d78e97,2021-01-30,2021-04-14,Enterprise,16,3871,46452,False,False,False,True,monthly,True
S-f146d33f,A-67e8d1,2023-05-19,,Basic,73,66,792,False,False,False,False,monthly,True
S-0be0a55a,A-7c6a4f,2024-09-09,,Enterprise,168,2295,27540,True,False,False,False,annual,True
S-a3e2d6c1,A-9e9f30,2022-03-28,,Pro,172,1595,19140,False,False,False,False,annual,False
S-d1a66fb5,A-e6e3cd,2021-05-14,,Enterprise,106,3708,44496,False,False,False,False,annual,True
S-5e0c4fef,A-8d94af,2022-10-05,,Pro,94,2131,25572,False,False,False,False,monthly,True
S-a608074b,A-d3803e,2024-10-13,,Enterprise,145,1318,15816,False,False,False,False,monthly,True
S-0157e0dd,A-fd8d1b,2021-03-27,,Enterprise,59,43,516,False,False,False,False,monthly,True
S-1bcde250,A-9a9689,2023-03-21,,Enterprise,66,381,4572,False,True,False,False,monthly,True
S-0765ac63,A-9b417b,2021-09-19,,Basic,151,1818,21816,False,False,False,False,monthly,True
S-22b60ca1,A-49535d,2022-04-16,,Pro,12,373,4476,False,False,False,False,annual,True
S-554a0dde,A-a91287,2021-04-28,,Pro,57,2314,27768,False,True,False,False,monthly,True
S-593f4fd9,A-2feda1,2021-02-03,,Pro,93,1544,18528,False,True,False,False,annual,True
S-ec8ce4fc,A-0249c4,2024-05-26,,Pro,184,650,7800,False,False,False,False,monthly,True
S-7e4e5f42,A-1b90d5,2021-09-30,,Pro,118,920,11040,False,False,False,False,annual,False
S-6e42a99c,A-59d242,2022-02-10,,Enterprise,55,3778,45336,False,False,False,False,monthly,True
S-bf7b35f8,A-85a76f,2024-11-08,,Basic,113,1038,12456,False,False,False,False,annual,False
S-b7acc746,A-fd8d1b,2023-02-12,,Pro,176,1514,18168,False,False,False,False,monthly,True
S-142ab902,A-d87876,2023-11-27,,Basic,175,820,9840,False,False,True,False,annual,True
S-21c87953,A-c6ab7a,2024-04-01,,Enterprise,123,2439,29268,False,False,False,False,annual,False
S-9e527bb3,A-805f2e,2022-03-08,,Basic,37,151,1812,False,False,False,False,monthly,True
S-7419eeb1,A-2b45e5,2022-09-15,,Basic,184,4996,59952,False,True,False,False,monthly,True
S-2dc91ba3,A-3633b2,2022-07-08,,Pro,173,745,8940,False,False,False,False,monthly,False
S-ba017b93,A-e99e90,2023-06-01,,Enterprise,77,3325,39900,False,False,True,False,monthly,True
S-bc0ab6db,A-3a41b2,2023-02-15,,Basic,44,3033,36396,False,False,False,False,monthly,True
S-38191ee5,A-4cf7f7,2024-11-25,,Enterprise,44,2945,35340,False,False,False,False,annual,True
S-e3d5a244,A-f43965,2021-02-08,,Basic,167,2915,34980,False,False,True,False,monthly,False
S-954f2186,A-757186,2024-06-27,,Enterprise,77,1335,16020,False,False,False,False,monthly,True
S-d47faefa,A-0bcb7a,2024-09-05,,Enterprise,140,2381,28572,False,True,False,False,annual,True
S-94079539,A-fb30f4,2022-07-03,,Basic,53,792,9504,False,False,False,False,annual,True
S-8cefcbcc,A-f89626,2024-06-03,,Basic,24,333,3996,False,False,False,False,monthly,True
S-7961f01f,A-e1406a,2021-06-07,,Basic,8,4522,54264,True,True,False,False,annual,True
S-1f19a10e,A-5d149a,2022-03-19,2022-11-03,Enterprise,102,3733,44796,False,False,False,True,monthly,True
S-3929a141,A-7e8d26,2021-01-10,,Enterprise,47,2480,29760,False,False,False,False,annual,True
S-09900a31,A-e5e60e,2021-03-13,,Pro,160,2980,35760,False,True,False,False,annual,True
S-30ba6f36,A-9d4ff6,2024-09-20,,Basic,148,424,5088,False,True,False,False,annual,True
S-eb5a4577,A-76eede,2024-09-05,,Pro,21,2139,25668,False,False,False,False,annual,False
S-0186490e,A-04a246,2022-03-12,,Enterprise,136,2688,32256,False,False,False,False,monthly,True
S-2240f161,A-d8771a,2023-09-13,,Pro,19,3334,40008,False,False,False,False,annual,True
S-b2f42d22,A-dfaa0d,2021-08-21,,Pro,142,695,8340,False,True,False,False,monthly,False
S-88bc79c7,A-38094a,2021-03-09,,Pro,12,742,8904,False,False,False,False,monthly,True
S-b846dd17,A-f1d958,2024-01-22,,Enterprise,165,2749,32988,False,False,False,False,annual,True
S-197e22f9,A-e20152,2024-10-27,2025-12-14,Pro,154,4414,52968,False,False,False,True,monthly,True
S-0f02c740,A-17fe97,2022-04-24,,Pro,116,1853,22236,False,False,False,False,monthly,True
S-f7a81d66,A-f11b19,2021-12-02,2022-04-25,Basic,112,334,4008,False,False,False,True,annual,True
S-63a1d22a,A-0bcb7a,2022-03-17,,Enterprise,22,51,612,False,False,False,False,monthly,True
S-d3516744,A-4b4931,2023-08-18,,Basic,138,3779,45348,False,True,False,False,annual,True
S-cb8b9415,A-98ae9b,2021-07-16,,Enterprise,44,1664,19968,False,False,True,False,annual,True
S-b496465c,A-f5777d,2024-06-13,,Enterprise,124,1834,22008,False,False,False,False,annual,True
S-a056aed5,A-715861,2021-02-17,,Enterprise,20,1214,14568,False,False,True,False,monthly,True
S-04082f52,A-0e303f,2021-02-26,,Pro,82,488,5856,True,False,False,False,annual,True
S-01bd5e2e,A-671cbf,2023-04-26,,Pro,130,763,9156,False,False,False,False,annual,True
S-926b6bd3,A-188cb6,2024-02-20,,Enterprise,7,2431,29172,False,False,False,False,annual,False
S-2ebfe856,A-118777,2022-11-27,,Enterprise,2,2178,26136,True,False,False,False,annual,True
S-7d901767,A-5d149a,2024-05-03,,Pro,186,3594,43128,False,True,True,False,monthly,False
S-92dfae3f,A-f4d2c5,2024-01-26,,Enterprise,41,3162,37944,True,True,True,False,monthly,False
S-a6ce2e9a,A-e6fa42,2023-02-25,,Enterprise,159,3245,38940,False,False,False,False,annual,True
S-74e66ce9,A-f4c25c,2022-10-07,2024-09-26,Enterprise,122,791,9492,False,False,False,True,monthly,True
S-48272858,A-961183,2022-07-11,,Enterprise,113,2549,30588,False,False,False,False,annual,False
S-aece8d95,A-e1b1a4,2024-07-15,,Pro,66,4320,51840,False,False,False,False,annual,True
S-b6f5d465,A-c0e2d5,2024-07-23,,Basic,21,5841,70092,False,False,False,False,monthly,True
S-b1534086,A-66d8db,2021-05-08,,Enterprise,71,4437,53244,False,False,False,False,monthly,True
S-1e178321,A-4f020e,2023-04-04,,Pro,19,3766,45192,False,False,False,False,monthly,True
S-ea07600c,A-825eb0,2021-03-01,2021-05-09,Enterprise,109,892,10704,False,True,False,True,annual,False
S-cf1084cf,A-adedd2,2023-08-14,,Basic,34,677,8124,False,False,False,False,annual,True
S-197affe7,A-3c413d,2022-12-18,,Basic,113,1272,15264,False,True,False,False,annual,True
S-dcef12e7,A-393763,2021-05-02,,Basic,163,4006,48072,False,False,False,False,annual,True
S-6b836637,A-0b1c34,2024-02-12,,Basic,45,2253,27036,False,False,False,False,annual,False
S-39ac01f4,A-dd2024,2022-01-25,,Enterprise,87,4815,57780,False,False,False,False,monthly,True
S-2631f623,A-46d001,2022-06-07,2024-03-25,Basic,109,2097,25164,False,False,False,True,monthly,True
S-578eab02,A-2b8e44,2022-08-10,,Pro,35,4126,49512,False,False,False,False,annual,True
S-245dc09a,A-430daf,2023-03-16,,Basic,20,381,4572,False,False,False,False,annual,True
S-31d44ff2,A-396e8b,2021-11-15,,Pro,58,4324,51888,False,False,False,False,annual,False
S-0d3e1111,A-dc726d,2024-07-15,,Pro,63,3108,37296,False,True,False,False,monthly,False
S-7dbbb8e4,A-dfaa0d,2021-07-08,,Pro,51,516,6192,False,False,False,False,annual,False
S-5887a648,A-91c9c6,2023-05-02,,Enterprise,108,3720,44640,False,False,False,False,monthly,True
S-04b363c0,A-8f00d8,2022-07-20,,Enterprise,184,5193,62316,False,False,False,False,annual,True
S-ebc95a15,A-bbe512,2022-07-09,,Pro,120,2690,32280,False,False,False,False,annual,False
S-b8f9756c,A-2312e2,2022-11-12,,Enterprise,43,1696,20352,False,True,False,False,annual,True
S-bcdfa7b1,A-bc1b91,2022-01-03,,Pro,29,2201,26412,False,True,False,False,monthly,True
S-c8c2240c,A-27cc2c,2023-04-16,,Pro,165,255,3060,False,False,False,False,annual,True
S-2910b7cd,A-9175e6,2024-04-16,,Enterprise,113,55,660,False,False,False,False,monthly,True
S-b2f88c81,A-275801,2023-12-18,,Pro,166,1986,23832,False,True,False,False,annual,True
S-f8b14c8f,A-1126a7,2023-08-10,,Basic,167,3263,39156,True,False,False,False,monthly,True
S-7f3a6995,A-daa5e3,2024-03-10,,Enterprise,61,3175,38100,True,False,False,False,annual,True
S-5f921314,A-040921,2022-06-17,,Enterprise,129,2236,26832,True,False,False,False,annual,False
S-6455cc1a,A-64ddde,2022-05-04,,Basic,164,2676,32112,False,False,False,False,annual,True
S-cdeb1277,A-9c8b42,2021-04-08,,Basic,107,668,8016,True,False,False,False,annual,True
S-f10c24aa,A-3841e3,2021-02-24,,Pro,153,1053,12636,False,False,False,False,annual,True
S-1cc2b4e7,A-c166a2,2021-07-29,,Enterprise,133,4144,49728,False,False,False,False,monthly,True
S-db15660d,A-655235,2022-11-24,2023-03-13,Pro,69,4839,58068,False,False,True,True,monthly,True
S-93d784f9,A-85322a,2021-12-04,,Pro,107,5551,66612,True,False,False,False,monthly,True
S-d06ca1bb,A-fd8d1b,2023-09-12,,Basic,159,6227,74724,False,False,False,False,monthly,True
S-8abd3c58,A-6fdb5c,2022-04-10,,Pro,101,2841,34092,False,False,False,False,annual,True
S-af9336b8,A-3a3477,2021-10-16,,Pro,119,2721,32652,False,False,False,False,annual,False
S-f4741e0a,A-77d382,2023-07-17,,Enterprise,166,1967,23604,True,True,False,False,monthly,True
S-a38d4f57,A-0e6fb8,2023-03-15,2024-08-13,Basic,126,2460,29520,False,False,False,True,annual,True
S-eaa7b69a,A-e09af2,2022-12-26,,Enterprise,83,3359,40308,False,False,False,False,annual,True
S-964d6b79,A-7e69c7,2022-10-25,,Basic,112,4460,53520,False,False,False,False,monthly,True
S-388babd7,A-0b1c34,2023-10-29,,Pro,123,2209,26508,False,False,False,False,monthly,True
S-8d8e08f7,A-275a5e,2022-03-04,,Pro,5,3627,43524,False,False,True,False,annual,True
S-835f66ca,A-9e2b64,2022-03-24,,Basic,2,1717,20604,False,False,False,False,monthly,True
S-b4d8bc86,A-2411d9,2022-04-30,,Basic,112,211,2532,False,False,False,False,monthly,True
S-56936163,A-df92d4,2024-07-19,,Pro,4,811,9732,False,False,False,False,monthly,True
S-0aa35851,A-9dfcee,2023-03-16,2024-08-24,Pro,21,689,8268,False,True,True,True,monthly,True
S-ecc27c29,A-b95064,2023-03-09,,Basic,74,3013,36156,False,False,False,False,annual,True
S-9be1e100,A-26efad,2022-07-23,,Pro,16,3176,38112,False,False,False,False,monthly,True
S-290b9df7,A-94b0ff,2023-04-11,,Enterprise,63,329,3948,False,False,False,False,annual,True
S-c1e2dbde,A-040921,2021-03-19,,Basic,107,4770,57240,False,False,False,False,annual,True
S-36f5b9cb,A-e6e3cd,2022-04-03,,Pro,187,3467,41604,False,False,False,False,monthly,True
S-21df0cfd,A-961183,2021-12-16,,Enterprise,142,219,2628,False,False,False,False,monthly,False
S-17894185,A-388c96,2021-04-16,2022-10-01,Basic,41,3057,36684,False,False,False,True,monthly,True
S-f4783d92,A-105528,2022-07-15,,Basic,110,913,10956,False,True,False,False,annual,True
S-554aecc2,A-cc4e00,2022-06-06,,Pro,14,1631,19572,False,False,False,False,monthly,True
S-e5018478,A-87d27b,2021-03-19,,Pro,144,141,1692,False,True,False,False,annual,True
S-0f261a09,A-b32d86,2021-09-21,,Enterprise,82,540,6480,False,False,False,False,monthly,True
S-2386ee47,A-993774,2022-02-18,,Enterprise,124,3505,42060,False,False,False,False,annual,True
S-5ac5c957,A-800523,2021-05-25,,Basic,70,1495,17940,True,False,True,False,monthly,True
S-4d76cd72,A-7aee9c,2022-02-23,,Enterprise,20,945,11340,True,False,False,False,annual,True
S-92e3465e,A-430daf,2021-10-22,,Basic,49,266,3192,False,False,True,False,annual,True
S-b7f48569,A-e23d29,2024-06-09,2024-10-04,Pro,99,1148,13776,True,False,False,True,monthly,True
S-42e5506c,A-ba7802,2024-10-19,,Basic,23,259,3108,False,False,False,False,annual,False
S-ab846f96,A-ff97ce,2023-05-31,2024-01-01,Pro,5,1949,23388,False,False,True,True,annual,True
S-dfdeeca7,A-410bfd,2024-02-08,,Enterprise,9,1677,20124,False,False,False,False,annual,False
S-d22790cf,A-99203a,2023-04-27,,Enterprise,119,713,8556,False,False,False,False,monthly,False
S-bba309f5,A-9f9cca,2023-02-13,,Enterprise,15,1063,12756,False,False,False,False,monthly,True
S-1bfe3cba,A-7b6eee,2024-11-26,,Enterprise,185,3313,39756,False,False,False,False,annual,True
S-c88e888c,A-16905a,2024-03-21,,Enterprise,159,2925,35100,False,True,False,False,annual,True
S-d1c660da,A-377924,2021-06-18,,Basic,18,5217,62604,False,False,False,False,annual,True
S-8d730bac,A-e6ef8b,2021-02-28,,Pro,36,2849,34188,False,False,False,False,annual,True
S-977ab226,A-63c268,2021-08-06,,Basic,77,3070,36840,False,False,False,False,monthly,True
S-fabad0d2,A-ba0f8c,2023-05-11,,Enterprise,170,754,9048,False,False,False,False,monthly,True
S-15bbe01e,A-ba7802,2022-05-26,2024-02-12,Pro,14,1484,17808,False,False,False,True,annual,True
S-f045d1bc,A-fbe044,2021-12-10,,Basic,93,3620,43440,False,False,False,False,monthly,True
S-80ccf875,A-4064bb,2023-02-06,,Pro,68,4473,53676,False,False,False,False,annual,True
S-1c345655,A-40fc24,2024-10-03,,Basic,155,1117,13404,False,True,False,False,annual,True
S-1bc20287,A-dabc1b,2024-04-07,2025-12-25,Basic,81,2374,28488,False,False,False,True,monthly,False
S-4eb44d3e,A-14e75c,2023-06-05,,Basic,2,1423,17076,True,True,False,False,annual,True
S-58620342,A-961a05,2021-11-16,,Basic,189,3196,38352,False,False,False,False,monthly,True
S-7549d04c,A-d16ef7,2021-01-20,,Enterprise,154,27,324,False,False,False,False,annual,True
S-35df2fd7,A-71e1df,2023-02-09,,Enterprise,158,1973,23676,False,False,False,False,annual,True
S-d6a18edf,A-7e69c7,2022-12-05,,Pro,8,1824,21888,True,False,False,False,annual,True
S-e116184e,A-68ffd0,2024-12-27,2026-11-07,Pro,62,1924,23088,False,False,True,True,monthly,True
S-a6343960,A-bda37c,2023-04-28,2025-04-06,Pro,159,1112,13344,False,False,True,True,monthly,False
S-c751ff1d,A-e09af2,2022-12-18,,Enterprise,46,4847,58164,False,False,False,False,annual,True
S-e961f9a7,A-98ae9b,2024-09-27,,Basic,103,4071,48852,False,False,False,False,monthly,True
S-c80c6b2e,A-661aa8,2022-12-29,,Pro,101,228,2736,False,False,False,False,annual,True
S-b78ad299,A-4f020e,2021-08-13,,Basic,21,767,9204,False,False,False,False,monthly,False
S-4116dffd,A-0ff5dc,2021-03-30,,Enterprise,62,3401,40812,False,False,True,False,monthly,True
S-355eddb7,A-fd5d1c,2023-01-29,,Enterprise,19,1699,20388,False,False,False,False,annual,True
S-c43b87dd,A-4acad6,2021-09-27,,Pro,20,1155,13860,False,False,False,False,annual,True
S-2c0fbc45,A-f1d958,2021-09-21,2022-03-18,Basic,116,795,9540,False,False,False,True,annual,True
S-fa01fe99,A-6fdb5c,2023-03-06,,Basic,78,520,6240,False,False,False,False,annual,True
S-ca761826,A-0e6fb8,2023-04-17,,Enterprise,15,3627,43524,False,False,True,False,annual,True
S-cfa208fe,A-15e7b5,2023-03-08,,Basic,47,2966,35592,False,False,False,False,monthly,True
S-1e43028a,A-cea72b,2022-05-28,,Pro,73,2911,34932,False,False,False,False,monthly,True
S-3a661086,A-b1f3cb,2023-03-11,,Basic,156,2024,24288,True,False,False,False,monthly,True
S-49de7b23,A-f56c83,2024-10-29,,Basic,58,2887,34644,False,True,False,False,monthly,True
S-9481bfac,A-27e0e9,2021-01-25,,Pro,107,539,6468,False,False,False,False,annual,True
S-c3e70be3,A-626bb3,2023-03-13,,Basic,80,1249,14988,False,True,False,False,annual,True
S-a2969538,A-b32d86,2024-12-24,2025-07-05,Basic,53,4976,59712,True,False,False,True,monthly,True
S-b4b13a34,A-703310,2024-12-23,,Enterprise,84,5503,66036,False,False,False,False,annual,False
S-5d6e00ea,A-8d94af,2021-06-15,,Pro,177,1980,23760,False,True,False,False,monthly,False
S-47920c3c,A-d3803e,2021-01-07,,Basic,185,1030,12360,False,False,False,False,annual,False
S-78712b26,A-2feda1,2024-09-16,2025-09-23,Enterprise,167,3443,41316,False,False,False,True,annual,True
S-eff06d70,A-430daf,2021-12-02,,Basic,8,3824,45888,False,False,False,False,annual,True
S-2eef9fc6,A-aeac12,2022-04-14,,Basic,158,2982,35784,False,True,True,False,monthly,True
S-9abe758f,A-4f4bc8,2023-04-29,,Pro,3,999,11988,False,False,False,False,annual,True
S-71df373e,A-6f8408,2021-12-21,,Basic,72,3922,47064,False,True,False,False,annual,True
S-a2eb506f,A-e1fa7f,2022-12-08,,Pro,52,2952,35424,False,False,False,False,annual,False
S-d686220c,A-2151c8,2023-07-07,,Enterprise,107,4806,57672,False,True,False,False,annual,True
S-088a4586,A-31d091,2022-05-27,2023-08-12,Basic,18,291,3492,False,False,False,True,annual,True
S-1e2d9c92,A-9e5b2d,2024-06-29,,Pro,155,1980,23760,True,False,False,False,annual,True
S-ab746228,A-df2118,2023-11-01,,Pro,183,904,10848,True,True,False,False,monthly,True
S-a1ca3e0d,A-2bcd7c,2023-04-28,,Enterprise,63,1980,23760,False,True,False,False,monthly,True
S-9b684796,A-4182b6,2022-12-11,,Pro,181,2887,34644,False,False,False,False,monthly,True
S-9fbc5f2c,A-90aaae,2022-11-03,,Pro,145,1373,16476,False,True,False,False,monthly,True
S-c624e80e,A-4e2188,2022-09-17,,Pro,172,1734,20808,False,False,False,False,annual,True
S-6f784b5f,A-ba42fc,2023-09-11,,Pro,102,5114,61368,True,False,False,False,monthly,True
S-bfb3baf6,A-24f862,2023-06-14,,Basic,9,330,3960,False,False,True,False,monthly,True
S-38823357,A-c00b52,2022-12-11,,Basic,114,4633,55596,False,True,False,False,monthly,True
S-c8d15118,A-121302,2023-01-17,,Pro,4,2129,25548,False,False,False,False,annual,True
S-825cafe0,A-f3890c,2023-07-31,2024-09-25,Pro,144,1023,12276,False,False,False,True,monthly,True
S-fb96c551,A-1788ce,2023-10-07,,Enterprise,172,3932,47184,False,False,False,False,annual,False
S-59cbc972,A-1ce57d,2024-12-29,,Pro,141,1942,23304,False,True,True,False,monthly,False
S-78298e2a,A-61408e,2024-06-19,,Enterprise,114,3142,37704,False,True,False,False,monthly,True
S-2f22ab4d,A-118777,2022-05-28,,Pro,97,476,5712,False,False,False,False,monthly,True
S-39f7dc14,A-87ec94,2024-07-12,,Basic,126,480,5760,False,False,False,False,annual,True
S-e4194c61,A-9e2b64,2023-09-29,,Pro,67,4161,49932,False,False,False,False,monthly,True
S-a27b30ba,A-50e35d,2022-05-30,,Basic,70,6350,76200,False,False,False,False,monthly,True
S-daa16d78,A-85a76f,2022-05-09,,Basic,91,2154,25848,False,False,False,False,monthly,True
S-7f5c3121,A-f60e4b,2021-11-26,,Enterprise,46,2968,35616,False,False,False,False,monthly,True
S-4f2c5bcb,A-118777,2023-10-12,,Enterprise,13,1883,22596,False,False,False,False,monthly,True
S-9c761e51,A-993774,2021-07-05,,Basic,120,565,6780,False,True,True,False,annual,False
S-94b5f91d,A-825eb0,2024-10-07,2024-12-11,Pro,54,4230,50760,False,False,False,True,annual,True
S-7d4b644d,A-5d149a,2024-12-23,,Pro,103,1236,14832,False,False,False,False,annual,False
S-6cd916de,A-bbe512,2024-02-10,,Basic,54,3964,47568,False,False,False,False,annual,True
S-582c0eb5,A-8ae5b4,2021-05-19,,Enterprise,90,2748,32976,False,False,False,False,monthly,True
S-25507286,A-85a324,2024-12-24,,Enterprise,18,2945,35340,False,False,False,False,monthly,True
S-02fde524,A-26efad,2022-12-25,,Basic,43,2195,26340,False,False,False,False,monthly,True
S-65d4497e,A-32812a,2023-07-08,,Pro,151,1763,21156,True,False,False,False,monthly,True
S-7178ff6b,A-3f39a3,2024-02-17,,Basic,100,225,2700,False,True,False,False,monthly,False
S-e707f86e,A-a3efac,2023-12-09,,Enterprise,19,2605,31260,False,False,False,False,annual,True
S-c3052287,A-40abca,2022-03-12,,Basic,137,2842,34104,False,False,False,False,annual,True
S-a4fefdf9,A-7aee9c,2023-12-18,2024-08-05,Basic,62,153,1836,False,False,False,True,annual,True
S-e8ac7ff8,A-449185,2024-11-02,,Pro,98,1687,20244,False,True,True,False,monthly,True
S-65666679,A-bf83ac,2022-09-25,,Basic,84,908,10896,False,False,False,False,annual,True
S-fa05d9d0,A-144089,2023-08-21,,Pro,104,3811,45732,False,False,False,False,annual,False
S-61da43db,A-ad2f33,2024-09-23,,Pro,35,2671,32052,False,False,True,False,monthly,True
S-7fc7e634,A-8a8f8a,2023-06-29,,Basic,160,1565,18780,False,True,False,False,monthly,True
S-709760cf,A-79589c,2023-05-06,2024-08-26,Pro,136,2178,26136,False,False,False,True,annual,True
S-7d251360,A-50e35d,2024-05-07,,Enterprise,120,3581,42972,True,False,False,False,annual,False
S-9b114401,A-7e69c7,2023-09-04,,Basic,94,1241,14892,True,False,False,False,annual,True
S-901ea60e,A-a4bc9c,2021-12-30,,Enterprise,174,1070,12840,False,False,False,False,annual,False
S-b38913bc,A-e1796c,2022-10-24,,Basic,168,2736,32832,False,False,False,False,annual,True
S-7c88f35d,A-2b45e5,2023-12-03,,Basic,29,5253,63036,False,False,False,False,monthly,True
S-944db014,A-57e924,2024-01-18,,Enterprise,82,4498,53976,False,False,False,False,annual,False
S-92f9dc88,A-0562c3,2024-08-22,,Enterprise,137,408,4896,True,False,False,False,monthly,True
S-eea10ff4,A-0e6fb8,2021-05-19,,Basic,67,544,6528,False,False,False,False,annual,True
S-014cd4c1,A-40fc24,2023-11-09,,Basic,89,5851,70212,False,False,False,False,monthly,True
S-dbe846da,A-40fc24,2024-03-29,,Enterprise,160,3294,39528,False,False,False,False,monthly,True
S-3cebb358,A-4f4bc8,2021-04-20,,Pro,185,487,5844,False,False,False,False,monthly,True
S-d0a2a8a5,A-ef6f7e,2022-01-29,,Basic,164,5389,64668,False,True,False,False,annual,True
S-e1de963a,A-58a963,2021-10-25,,Enterprise,172,87,1044,False,True,False,False,annual,True
S-751701a2,A-59d242,2024-07-18,,Basic,119,3852,46224,False,False,False,False,annual,False
S-99d7ec97,A-68948f,2022-03-18,,Basic,167,4701,56412,False,False,False,False,monthly,True
S-de14d027,A-e3bd6e,2024-11-24,,Basic,25,2420,29040,False,False,False,False,annual,True
S-78e08e17,A-321421,2021-11-14,,Pro,183,685,8220,False,False,False,False,annual,True
S-aa76c94e,A-36181a,2024-11-28,2026-02-02,Basic,90,1362,16344,False,False,False,True,monthly,True
S-aae5b0a3,A-e09af2,2023-10-25,,Basic,139,1207,14484,False,False,False,False,annual,False
S-4c6a90ba,A-60fec0,2022-05-05,2022-06-07,Enterprise,60,3218,38616,False,False,False,True,annual,False
S-6600a7ac,A-ce9869,2023-11-01,,Basic,157,419,5028,True,False,False,False,annual,True
S-e1ab3b89,A-0bcb7a,2023-02-18,,Basic,110,2251,27012,False,False,False,False,monthly,True
S-6e5af54b,A-87d27b,2021-07-09,,Basic,135,2588,31056,False,False,False,False,annual,True
S-33cdc910,A-8efb70,2023-03-02,,Basic,54,1143,13716,False,False,False,False,annual,True
S-14fb3d7d,A-8f00d8,2024-01-08,,Pro,140,3089,37068,False,False,False,False,monthly,True
S-c95f396b,A-cdee75,2023-03-21,,Basic,171,2139,25668,False,False,False,False,annual,True
S-be4387c2,A-c00b52,2024-02-09,,Enterprise,101,3955,47460,False,True,False,False,annual,True
S-ec4a837f,A-89fca7,2022-03-01,,Pro,80,2526,30312,False,False,False,False,monthly,True
S-52ea1220,A-e6ef8b,2024-09-29,,Enterprise,62,295,3540,False,False,False,False,annual,False
S-dabab240,A-3bb1ee,2021-03-12,,Pro,16,902,10824,False,False,False,False,annual,True
S-b4816f9e,A-795e78,2023-02-08,,Basic,71,6769,81228,False,False,True,False,annual,True
S-b89318fe,A-dccde9,2023-12-29,,Pro,158,1541,18492,False,False,False,False,monthly,True
S-06316970,A-1788ce,2024-03-23,,Basic,131,2073,24876,False,False,True,False,monthly,True
S-0f319b2f,A-32812a,2023-04-30,,Enterprise,169,1159,13908,False,True,False,False,annual,True
S-8396d22e,A-3204d3,2023-05-08,,Pro,169,733,8796,False,False,False,False,monthly,True
S-9f134f85,A-4182b6,2023-02-17,,Pro,80,523,6276,False,False,False,False,annual,True
S-81ba65cf,A-a481e9,2024-01-23,,Enterprise,57,1141,13692,False,True,True,False,annual,True
S-cc11b3b8,A-0dd367,2021-12-30,,Enterprise,40,3839,46068,False,False,False,False,monthly,True
S-62645e51,A-410bfd,2022-06-05,,Basic,165,2714,32568,False,False,False,False,monthly,True
S-cb5884c9,A-2c850e,2023-02-07,2023-11-13,Pro,169,2062,24744,True,False,False,True,monthly,True
S-1d3edfc6,A-c4599d,2023-05-22,,Basic,57,3863,46356,False,False,False,False,annual,True
S-c78c2f3a,A-9e2b64,2023-07-22,,Enterprise,92,3254,39048,False,False,False,False,annual,False
S-2c5c9b91,A-9a8bb2,2024-02-06,,Pro,41,1195,14340,True,False,False,False,monthly,True
S-dda9caf2,A-e1406a,2024-01-30,2025-12-29,Enterprise,13,4925,59100,False,False,False,True,monthly,True
S-a3fda421,A-819eaf,2023-06-22,,Basic,41,1129,13548,False,False,False,False,annual,True
S-bcdd7f0a,A-2bf8bb,2022-11-02,,Enterprise,189,1731,20772,False,False,False,False,annual,False
S-249a4205,A-216da3,2021-05-10,,Pro,177,928,11136,False,False,False,False,monthly,True
S-659561e5,A-3ac391,2022-05-29,,Enterprise,39,1213,14556,False,False,False,False,monthly,False
S-71ad4d88,A-7b1bc8,2022-08-29,2024-08-23,Basic,91,3103,37236,False,False,False,True,monthly,True
S-2950b46e,A-6751ab,2024-02-26,,Enterprise,135,255,3060,True,False,True,False,monthly,True
S-11624c69,A-dee10f,2022-06-06,,Pro,33,1567,18804,False,True,False,False,annual,True
S-8bcd093e,A-f4c25c,2021-04-28,,Basic,172,3802,45624,False,False,False,False,annual,True
S-5266e45b,A-d16ef7,2022-10-08,,Pro,44,2875,34500,False,False,False,False,monthly,True
S-5adc519b,A-45a1c6,2023-08-22,,Pro,146,2878,34536,False,True,False,False,annual,False
S-6bba2545,A-448821,2021-01-21,2021-11-09,Pro,130,631,7572,False,False,False,True,annual,True
S-7ecc66dc,A-9b417b,2023-09-24,,Enterprise,76,3729,44748,False,False,False,False,annual,False
S-685e5150,A-b2adb9,2023-06-26,,Pro,75,286,3432,False,False,False,False,annual,True
S-02d8cb2e,A-1788ce,2024-02-18,,Basic,50,3802,45624,False,False,False,False,monthly,True
S-b849d95b,A-ba7802,2021-09-29,,Pro,2,960,11520,False,False,False,False,annual,True
S-88b4da05,A-993774,2021-02-07,,Enterprise,182,151,1812,False,False,False,False,monthly,True
S-48430adb,A-60fec0,2023-06-01,,Basic,56,1431,17172,False,True,False,False,annual,True
S-8b536c58,A-08a972,2021-05-23,,Enterprise,67,4231,50772,False,False,False,False,annual,True
S-41203f55,A-fc24f9,2023-03-01,,Basic,132,3873,46476,False,False,True,False,annual,False
S-d2d7e306,A-9f521d,2023-01-03,,Pro,35,4822,57864,False,False,False,False,annual,True
S-075bd447,A-d766b2,2024-01-06,,Pro,120,2922,35064,False,False,False,False,annual,True
S-408f0f7c,A-430daf,2022-06-05,,Basic,126,4255,51060,False,False,False,False,monthly,True
S-f064e5b8,A-7c73b8,2023-09-30,,Basic,10,3341,40092,False,False,False,False,monthly,True
S-1112a669,A-410bfd,2023-05-05,,Pro,155,561,6732,False,False,False,False,monthly,False
S-639daf49,A-3bb1ee,2024-03-23,,Basic,9,351,4212,False,False,False,False,annual,True
S-8b44bb39,A-9aab82,2022-02-26,,Basic,139,2752,33024,False,False,True,False,monthly,True
S-131504aa,A-8b3a95,2021-02-11,,Pro,81,4083,48996,False,False,False,False,annual,True
S-c8dc48a6,A-ea1711,2021-11-27,,Enterprise,176,3712,44544,False,False,False,False,monthly,True
S-42057f8b,A-f60e4b,2021-05-20,,Enterprise,26,1625,19500,False,False,False,False,annual,True
S-542759be,A-cddcac,2022-09-24,,Enterprise,9,3866,46392,False,False,False,False,monthly,True
S-be3e1dbf,A-147497,2023-05-10,,Pro,84,5655,67860,False,False,False,False,annual,True
S-a6f6b48b,A-bda37c,2021-10-22,,Enterprise,31,227,2724,False,False,False,False,annual,True
S-f7f1742f,A-702e67,2023-12-30,,Pro,173,2917,35004,False,False,False,False,monthly,True
S-4fa818a6,A-ff97ce,2022-08-22,2023-09-12,Basic,144,1431,17172,False,False,False,True,monthly,True
S-7303af3b,A-4f020e,2021-05-07,,Basic,53,1651,19812,False,False,False,False,annual,False
S-6d2a5462,A-63c268,2021-02-14,,Pro,112,3954,47448,False,False,False,False,annual,True
S-bbc86d65,A-58a963,2021-07-15,,Enterprise,188,1939,23268,False,False,False,False,monthly,True
S-04d840d4,A-02fad5,2022-05-04,,Basic,14,2165,25980,False,False,False,False,annual,True
S-13c267cf,A-fd7c5d,2024-05-28,,Enterprise,46,107,1284,False,False,False,False,annual,True
S-d5c94ffb,A-057df9,2022-09-18,,Enterprise,53,891,10692,False,False,False,False,annual,True
S-4447866e,A-388c96,2024-05-12,,Pro,165,2583,30996,False,False,False,False,annual,True
S-633ccf38,A-6cb2ce,2024-07-16,,Enterprise,71,1328,15936,False,False,False,False,annual,False
S-a5df995b,A-5d149a,2024-02-22,,Basic,171,6381,76572,False,True,True,False,annual,True
S-45d48cf6,A-c00b52,2022-01-20,,Enterprise,179,265,3180,False,False,False,False,annual,True
S-02ed1787,A-dc726d,2024-11-20,,Pro,183,227,2724,False,False,False,False,annual,True
S-adb9d056,A-949e9c,2022-04-05,,Enterprise,16,2577,30924,False,True,False,False,annual,True
S-2096d38b,A-2e2e55,2021-04-06,,Pro,102,2249,26988,False,False,False,False,monthly,True
S-8797497f,A-4f8805,2021-01-02,,Enterprise,115,2785,33420,False,False,False,False,monthly,True
S-22fd0ed2,A-a2e460,2023-05-31,,Enterprise,76,2236,26832,False,False,False,False,annual,True
S-9877f461,A-4a3e3a,2021-02-18,,Pro,132,1935,23220,False,True,False,False,monthly,True
S-c3eb8d8c,A-c1d6f0,2023-03-26,,Pro,9,4304,51648,False,False,False,False,annual,True
S-7e38acbd,A-45a1c6,2024-08-04,,Basic,148,627,7524,True,False,False,False,annual,True
S-84d88621,A-121302,2023-09-16,,Enterprise,120,935,11220,False,False,False,False,monthly,True
S-aa4444ab,A-891867,2022-02-23,,Pro,101,3649,43788,False,True,False,False,annual,True
S-846fcfa9,A-a48e9a,2021-03-09,,Basic,66,3574,42888,True,False,False,False,annual,True
S-3c2a9af1,A-a2a361,2021-10-04,,Basic,173,5625,67500,True,False,False,False,annual,True
S-a817913b,A-c4599d,2023-04-12,,Pro,189,1962,23544,False,False,False,False,annual,True
S-989e6ca9,A-46fc8d,2024-11-17,,Pro,72,2161,25932,False,False,False,False,monthly,False
S-c58aaffe,A-9f521d,2023-06-09,,Enterprise,142,604,7248,False,False,False,False,monthly,True
S-014c9eb9,A-f26363,2022-11-13,,Enterprise,30,2558,30696,False,False,False,False,annual,True
S-48c06106,A-4acad6,2024-08-31,,Enterprise,35,1532,18384,False,False,True,False,annual,True
S-8a2ba4a0,A-671cbf,2022-12-14,,Pro,3,3548,42576,False,False,False,False,monthly,True
S-2519fd26,A-3cccbc,2024-02-26,,Pro,24,1215,14580,False,True,False,False,monthly,True
S-51efd520,A-275a5e,2024-12-01,,Basic,168,2147,25764,False,False,False,False,annual,True
S-e56f0ae8,A-c48f44,2023-03-29,,Enterprise,48,1564,18768,False,False,False,False,monthly,True
S-18c9f682,A-127d60,2024-04-17,,Enterprise,178,2202,26424,False,True,False,False,monthly,True
S-14e1d34c,A-7b3b51,2023-12-03,,Basic,117,1660,19920,False,False,False,False,annual,False
S-2cf9f2df,A-891867,2022-11-16,,Basic,172,2577,30924,True,False,False,False,monthly,True
S-8b2b9ffb,A-dabc1b,2022-02-09,,Basic,175,1325,15900,False,False,False,False,monthly,False
S-778ab39c,A-12a8c7,2023-06-03,,Pro,39,2388,28656,False,True,False,False,annual,True
S-8673b444,A-f89626,2023-07-10,2025-07-01,Basic,28,3032,36384,False,False,False,True,monthly,True
S-e46d4522,A-4064bb,2021-05-29,,Pro,70,1681,20172,True,False,False,False,annual,False
S-f71d60c5,A-6fdb5c,2022-05-30,,Pro,171,2496,29952,False,False,False,False,annual,True
S-126edaa2,A-b8b83c,2021-09-02,,Basic,103,2354,28248,False,False,False,False,monthly,True
S-f9a182a1,A-9b151e,2021-01-30,,Pro,152,4151,49812,False,True,False,False,annual,False
S-cfb54eb4,A-8d201d,2023-11-07,2024-04-08,Pro,5,2245,26940,False,False,False,True,annual,True
S-4f73be8a,A-b8b83c,2021-03-10,,Enterprise,13,1844,22128,False,False,False,False,annual,True
S-594d7307,A-4fc69b,2024-08-06,,Enterprise,169,769,9228,False,False,False,False,annual,True
S-d0836a4d,A-0e38f6,2021-08-05,,Enterprise,107,2814,33768,False,False,False,False,annual,False
S-383d1a5f,A-24f862,2021-06-03,,Pro,75,1998,23976,False,False,False,False,monthly,True
S-07acda24,A-cfdab5,2021-10-23,,Enterprise,89,3622,43464,False,False,False,False,annual,True
S-0f590d01,A-2b8e44,2023-07-26,,Basic,160,4204,50448,False,False,False,False,annual,True
S-021cd4ce,A-0c36d9,2024-11-14,,Enterprise,2,838,10056,False,True,False,False,monthly,True
S-3820a750,A-cb96b6,2022-06-16,,Basic,107,29,348,False,False,False,False,monthly,False
S-e1f66f5f,A-b913b0,2023-05-10,,Enterprise,162,1567,18804,True,True,False,False,annual,True
S-d245580c,A-e2d27a,2021-04-28,,Basic,129,2202,26424,False,False,False,False,annual,True
S-b6907e33,A-040921,2022-07-09,,Enterprise,181,1011,12132,False,False,False,False,monthly,False
S-7ddd5080,A-800523,2021-09-18,,Pro,121,1821,21852,False,False,False,False,monthly,False
S-092585f5,A-f26363,2024-02-06,,Basic,106,1398,16776,True,False,False,False,annual,True
S-0f0125ba,A-6cb2ce,2023-01-14,,Basic,140,2526,30312,False,False,True,False,monthly,True
S-c150c278,A-f3aa45,2023-10-30,,Basic,133,2108,25296,False,False,False,False,monthly,True
S-1b95ccf3,A-c32b0a,2021-10-16,,Basic,132,5738,68856,False,False,False,False,annual,True
S-596057ff,A-51e832,2021-12-19,2023-10-06,Pro,46,692,8304,False,False,False,True,monthly,True
S-4518b517,A-3c413d,2023-07-28,,Enterprise,36,3181,38172,False,False,True,False,annual,True
S-45cdb51b,A-3204d3,2022-11-29,,Enterprise,156,1939,23268,False,False,False,False,monthly,True
S-50e043fd,A-21c2da,2023-08-22,,Enterprise,9,4218,50616,False,False,False,False,annual,False
S-c1b7c83a,A-671cbf,2021-10-02,,Basic,21,5552,66624,False,True,False,False,monthly,True
S-353ffc1c,A-147497,2021-02-06,,Basic,170,2397,28764,False,False,False,False,annual,True
S-ed6c3f18,A-94b0ff,2024-09-27,,Pro,73,5060,60720,False,False,True,False,annual,True
S-5a5b818b,A-63c268,2022-05-04,,Pro,136,4093,49116,False,False,False,False,annual,True
S-a67ee77e,A-d16ef7,2024-03-19,,Pro,66,3440,41280,False,False,False,False,annual,True
S-34be9949,A-ab9ba5,2021-07-19,2021-10-19,Basic,1,784,9408,False,False,False,True,annual,True
S-2e8b1ffc,A-00d9f1,2024-02-17,,Basic,115,2753,33036,False,False,False,False,monthly,True
S-bc03fd0a,A-741acd,2022-03-31,,Pro,73,2084,25008,False,False,False,False,annual,False
S-cf45cfe4,A-babd7f,2021-09-23,,Enterprise,123,4594,55128,False,True,False,False,monthly,True
S-e95f53ad,A-eca077,2024-10-13,,Pro,28,4699,56388,False,False,False,False,annual,True
S-ffef1b8e,A-a0ed92,2021-07-24,,Pro,59,1691,20292,False,True,False,False,annual,False
S-19b24ff0,A-79589c,2024-12-28,,Enterprise,139,3516,42192,False,False,False,False,monthly,True
S-8a3a4a39,A-5e8a5d,2024-09-28,,Pro,151,657,7884,False,False,False,False,monthly,True
S-e03506a8,A-aad5c7,2022-09-30,,Basic,15,4397,52764,False,False,False,False,monthly,False
S-77a9bfac,A-fb30f4,2024-10-29,,Enterprise,164,680,8160,True,False,False,False,monthly,True
S-d49be50b,A-17fe97,2021-06-16,,Pro,171,1780,21360,False,False,False,False,annual,True
S-c5322f7d,A-626bb3,2023-07-01,,Basic,146,1154,13848,False,False,False,False,annual,True
S-596bf24f,A-66ee96,2021-06-10,,Enterprise,147,1493,17916,False,False,False,False,monthly,True
S-14b0e966,A-d766b2,2024-04-14,,Pro,86,2875,34500,False,True,False,False,monthly,True
S-84fb785b,A-b36d98,2024-07-14,2026-05-08,Basic,118,1846,22152,False,False,False,True,annual,True
S-46559350,A-15e7b5,2022-02-07,,Enterprise,91,2350,28200,False,False,False,False,annual,False
S-64305ab9,A-4c64d5,2024-10-22,,Pro,182,277,3324,False,False,False,False,monthly,False
S-f8248dd2,A-9d9ed2,2021-10-04,2023-05-20,Enterprise,8,1816,21792,True,False,False,True,monthly,True
S-b8752d9b,A-3a41b2,2023-05-03,,Pro,47,1094,13128,False,False,False,False,annual,True
S-d767a90e,A-46fc8d,2022-06-03,,Pro,180,2328,27936,False,True,False,False,monthly,True
S-621bae4f,A-e0e84b,2021-01-29,,Basic,1,1028,12336,False,False,False,False,monthly,True
S-aa195203,A-90b550,2022-01-11,,Enterprise,165,879,10548,False,False,False,False,annual,False
S-7863cc76,A-e1fa7f,2023-05-18,,Pro,33,259,3108,False,False,False,False,monthly,True
S-a8387e3a,A-a54ab8,2022-12-09,,Enterprise,85,3429,41148,True,False,False,False,annual,True
S-cb70c510,A-1126a7,2022-04-27,,Pro,111,3416,40992,False,False,False,False,monthly,True
S-278c0429,A-7f7de2,2022-03-12,,Basic,86,1419,17028,False,False,True,False,monthly,True
S-c9dc7059,A-c48f44,2021-01-19,,Enterprise,152,1286,15432,False,True,True,False,monthly,False
S-1ba5a902,A-001d08,2021-06-03,,Pro,8,1551,18612,False,False,False,False,monthly,False
S-5327ea82,A-7b1bc8,2024-05-06,2025-03-02,Pro,101,949,11388,False,False,False,True,monthly,True
S-d822212e,A-f2e197,2024-10-01,,Pro,24,4014,48168,False,False,False,False,monthly,True
S-7e8bc4aa,A-71c2db,2023-01-25,,Enterprise,169,4830,57960,False,False,False,False,annual,True
S-6428f825,A-f2e197,2022-12-15,,Enterprise,147,2093,25116,False,True,False,False,monthly,True
S-28a30232,A-a3efac,2023-02-17,,Basic,187,5524,66288,True,False,False,False,annual,True
S-b89b2623,A-9d992c,2024-09-16,,Pro,77,730,8760,False,False,False,False,annual,True
S-7be8d41f,A-fa82d4,2024-10-21,,Enterprise,47,1818,21816,False,True,False,False,monthly,True
S-4d790aa5,A-f3890c,2024-05-29,,Pro,147,1450,17400,False,False,False,False,monthly,True
S-eeb109f3,A-0e6fb8,2024-11-30,,Pro,149,4348,52176,False,True,False,False,monthly,True
S-3941bae5,A-b00145,2022-11-21,,Enterprise,16,3259,39108,False,False,False,False,annual,False
S-599f7865,A-a91287,2021-04-21,,Basic,100,1937,23244,False,False,False,False,monthly,True
S-27d79aeb,A-b81b20,2024-12-29,,Basic,129,3430,41160,False,False,False,False,monthly,True
S-825e3fcb,A-4aefb3,2022-02-05,,Enterprise,187,2519,30228,False,False,False,False,monthly,True
S-a45d524a,A-48a544,2023-05-02,,Pro,42,4176,50112,False,False,False,False,annual,True
S-34ed64d1,A-720f79,2023-06-22,,Enterprise,16,5433,65196,False,False,False,False,monthly,True
S-dd643369,A-3d75c1,2021-03-17,,Pro,155,4756,57072,False,False,False,False,monthly,True
S-afd9f27e,A-4f71e8,2024-12-12,,Basic,123,1751,21012,True,False,False,False,annual,True
S-2e565255,A-54f16c,2024-11-25,,Pro,147,2222,26664,False,False,False,False,monthly,True
S-dc3c4543,A-00d9f1,2022-05-27,,Enterprise,138,2918,35016,False,False,False,False,monthly,True
S-e90a95de,A-8efb70,2024-05-29,,Pro,166,906,10872,False,False,False,False,monthly,True
S-a607be66,A-757186,2021-06-24,,Basic,94,1817,21804,False,False,False,False,annual,True
S-b25c2bc4,A-27cc2c,2023-01-11,,Pro,172,1422,17064,True,False,False,False,monthly,True
S-b9652bf4,A-518980,2024-09-27,,Pro,141,518,6216,False,False,False,False,annual,True
S-2dbcb177,A-e3bd6e,2022-04-28,,Basic,157,4186,50232,False,False,False,False,monthly,True
S-3c7058ed,A-40fc24,2024-05-10,,Enterprise,125,4771,57252,False,False,False,False,monthly,False
S-b535adb9,A-a0ed92,2023-10-19,,Basic,117,1713,20556,False,False,False,False,monthly,True
S-2e5e6b94,A-559b49,2021-09-09,,Basic,91,3676,44112,False,True,False,False,monthly,False
S-dc490697,A-18470a,2023-09-11,,Basic,90,1791,21492,False,False,False,False,monthly,True
S-b0d77ed2,A-a98afd,2021-01-25,,Enterprise,28,1320,15840,True,False,False,False,annual,True
S-3b142535,A-9175e6,2023-05-12,,Basic,128,2678,32136,False,False,False,False,annual,False
S-fcde1373,A-522b54,2024-01-28,,Enterprise,50,2240,26880,False,False,False,False,annual,True
S-1a30a395,A-2b89d4,2022-05-12,,Enterprise,71,2333,27996,False,False,False,False,monthly,False
S-ffdebb8b,A-518980,2024-03-28,,Basic,40,5301,63612,False,False,False,False,annual,False
S-38385743,A-e1406a,2023-10-26,,Pro,56,3474,41688,False,False,False,False,annual,True
S-07e3c4dd,A-85a76f,2022-08-14,,Basic,83,1247,14964,False,True,False,False,annual,True
S-b75561f4,A-273a83,2024-07-21,2025-12-17,Pro,123,3274,39288,False,False,False,True,annual,True
S-d42ee5dc,A-bda37c,2022-07-07,,Pro,125,3366,40392,False,False,False,False,monthly,True
S-eb205421,A-ad2f33,2023-12-27,,Pro,143,4182,50184,True,False,False,False,annual,True
S-360668fc,A-6e303f,2023-03-08,,Pro,158,1068,12816,False,False,False,False,annual,True
S-24d72649,A-9d4ff6,2022-09-06,,Basic,168,241,2892,False,False,False,False,annual,True
S-5607cf89,A-ece32d,2024-06-07,,Basic,68,464,5568,False,False,False,False,monthly,True
S-7883bd40,A-9b417b,2023-06-11,,Pro,65,954,11448,False,False,False,False,annual,True
S-cb196715,A-cf45d3,2021-06-12,,Enterprise,71,1551,18612,False,False,False,False,monthly,False
S-edd79b8e,A-b32d86,2024-06-25,2026-02-06,Basic,86,2127,25524,False,False,False,True,monthly,False
S-12f1ef28,A-f26363,2022-03-29,,Basic,153,1400,16800,True,False,False,False,monthly,True
S-3ca3a5ba,A-d22b13,2021-01-26,,Pro,98,1478,17736,False,False,True,False,annual,True
S-fa27a3a7,A-dabc1b,2021-05-18,,Basic,78,2711,32532,False,False,False,False,annual,True
S-c9e534eb,A-216da3,2023-08-20,,Enterprise,15,3636,43632,False,False,False,False,monthly,True
S-88adf45a,A-0bf6e3,2022-02-03,,Basic,157,3850,46200,False,False,False,False,monthly,True
S-117b007d,A-f26363,2024-01-15,2025-03-25,Basic,187,3049,36588,False,False,False,True,annual,True
S-2f5f1a9c,A-85a324,2024-02-22,,Enterprise,84,1983,23796,False,False,False,False,annual,True
S-b99e16e2,A-961183,2024-12-07,,Basic,109,4003,48036,False,False,False,False,annual,True
S-a4f7922b,A-dd2024,2024-08-06,,Pro,64,1800,21600,False,False,False,False,monthly,True
S-f9e80abb,A-a481e9,2024-09-08,,Pro,86,1282,15384,False,False,False,False,annual,True
S-fa495f0e,A-bd844f,2022-08-22,,Basic,170,2029,24348,True,False,False,False,monthly,True
S-04811c71,A-4b4931,2024-06-02,,Basic,7,1380,16560,False,True,False,False,annual,True
S-8089b745,A-518980,2022-01-08,,Basic,104,2744,32928,False,False,False,False,annual,True
S-12493acc,A-b46328,2022-05-02,2024-02-27,Basic,109,1756,21072,False,True,False,True,annual,True
S-1e956fa4,A-2c3420,2024-02-03,,Pro,186,2685,32220,False,False,False,False,monthly,True
S-c45cfae6,A-3ea8a3,2024-02-08,2025-11-03,Basic,172,2794,33528,True,False,False,True,annual,True
S-168aeb0c,A-6f29f7,2022-11-06,,Enterprise,52,1399,16788,False,False,False,False,monthly,True
S-42891f89,A-40abca,2022-11-25,,Basic,159,89,1068,False,True,False,False,monthly,True
S-d3137c31,A-410148,2021-02-19,,Pro,49,2275,27300,False,False,False,False,annual,True
S-87527799,A-6fdb5c,2021-09-21,,Basic,116,1066,12792,False,False,False,False,annual,False
S-33adc19b,A-0e6fb8,2023-12-03,,Enterprise,116,4065,48780,False,False,False,False,monthly,True
S-088f9599,A-9b417b,2024-03-20,,Basic,62,3757,45084,True,False,False,False,monthly,True
S-f71591f5,A-2109a3,2023-12-20,,Pro,9,3031,36372,False,False,False,False,monthly,True
S-f14901ba,A-661aa8,2023-05-21,,Basic,114,2336,28032,False,False,False,False,annual,True
S-bf10f30f,A-aad5c7,2021-04-05,,Pro,124,2124,25488,False,False,False,False,monthly,True
S-0a9880cb,A-0bcb7a,2022-05-14,,Pro,1,2034,24408,False,False,False,False,monthly,False
S-dfcc3d41,A-3f7dbc,2023-09-13,,Basic,91,398,4776,False,False,False,False,annual,True
S-70007345,A-1b90d5,2023-12-28,,Pro,161,1820,21840,False,False,False,False,annual,True
S-87b44d9d,A-8a8f8a,2022-03-09,,Enterprise,75,261,3132,False,False,False,False,annual,True
S-1fc03e2c,A-8eb0b9,2021-02-13,,Enterprise,22,2305,27660,False,False,False,False,annual,False
S-6e2f8fe4,A-5a868a,2022-09-13,,Pro,104,1881,22572,False,False,False,False,annual,True
S-58363002,A-641031,2021-08-23,2023-07-04,Enterprise,23,817,9804,False,False,False,True,monthly,True
S-77308106,A-2e3f29,2024-09-02,,Enterprise,11,3312,39744,False,False,False,False,monthly,True
S-82c041f4,A-800523,2024-08-05,,Pro,104,3636,43632,False,False,False,False,monthly,False
S-227d1a50,A-e85f12,2023-02-27,,Basic,79,3923,47076,False,False,False,False,monthly,True
S-a5886103,A-efbe71,2024-08-23,,Basic,168,5813,69756,False,False,False,False,annual,True
S-2ac9a038,A-87ec94,2021-12-04,,Basic,131,638,7656,False,True,True,False,annual,True
S-165fdb53,A-09489d,2022-04-28,,Enterprise,165,2625,31500,False,False,False,False,annual,False
S-f25d0cd5,A-2810a5,2024-06-08,,Enterprise,105,1035,12420,False,False,False,False,annual,True
S-0db12d6e,A-2810a5,2021-03-13,,Pro,141,2934,35208,True,False,False,False,annual,True
S-5eab107d,A-4f020e,2024-01-19,,Pro,127,5811,69732,False,False,False,False,monthly,True
S-b8a64167,A-e979f8,2024-03-24,,Enterprise,129,1958,23496,False,False,False,False,annual,True
S-adc69702,A-5a868a,2024-04-23,,Enterprise,102,1419,17028,False,False,False,False,annual,True
S-a2385269,A-430daf,2021-02-06,,Enterprise,28,949,11388,False,False,False,False,monthly,True
S-da7ea578,A-e2d27a,2022-06-01,,Pro,105,926,11112,False,True,False,False,annual,True
S-4c25dd35,A-0268ce,2022-12-17,,Basic,129,3512,42144,False,True,False,False,annual,True
S-bacf8838,A-0b1c34,2024-04-11,,Enterprise,164,3219,38628,False,False,False,False,monthly,True
S-cd5cdac0,A-b4365e,2021-05-03,,Enterprise,31,503,6036,False,False,False,False,monthly,True
S-7b0af0db,A-f3aa45,2023-10-13,2025-01-19,Enterprise,72,5,60,False,False,False,True,annual,True
S-b8902691,A-655235,2022-06-02,,Pro,68,3290,39480,False,True,False,False,annual,True
S-b6559f80,A-71c2db,2022-12-08,,Pro,163,1020,12240,False,False,False,False,annual,True
S-3d73fc89,A-410148,2023-01-26,,Enterprise,30,153,1836,False,False,False,False,annual,True
S-fef11b87,A-1bf244,2022-06-05,,Enterprise,110,904,10848,False,False,False,False,monthly,False
S-f0e09837,A-eca077,2023-06-29,,Basic,80,755,9060,False,False,False,False,annual,True
S-690edf7b,A-ff97ce,2023-09-23,,Basic,31,3000,36000,False,False,False,False,monthly,True
S-f864a7ce,A-ba7802,2021-12-15,,Pro,40,3193,38316,False,False,True,False,annual,True
S-54242d95,A-15e7b5,2023-06-01,,Enterprise,23,3178,38136,False,False,False,False,monthly,True
S-ce43d6c4,A-a481e9,2022-12-07,2023-01-15,Pro,34,510,6120,False,False,False,True,annual,False
S-2aa8a7b4,A-9d4ff6,2022-11-26,2024-02-10,Pro,139,1233,14796,False,True,False,True,annual,True
S-bff82f67,A-b040a0,2023-12-13,,Enterprise,19,1369,16428,False,True,False,False,annual,True
S-da399eae,A-293305,2022-01-13,,Enterprise,126,171,2052,False,True,False,False,annual,True
S-09d5dcb0,A-ba42fc,2023-08-21,,Enterprise,33,2016,24192,False,False,False,False,annual,True
S-107e3b93,A-cf45d3,2024-06-12,,Basic,131,3043,36516,False,False,False,False,annual,True
S-58422dc3,A-26efad,2024-01-06,,Basic,150,732,8784,False,False,False,False,annual,True
S-dce95e65,A-3a65d6,2022-02-02,,Pro,107,464,5568,False,False,False,False,monthly,False
S-aade331c,A-93381a,2023-04-06,,Enterprise,2,1779,21348,False,False,False,False,annual,True
S-be6d7ad6,A-4a3e3a,2023-06-19,,Pro,48,5299,63588,True,True,False,False,annual,True
S-bcd78df3,A-50e35d,2022-02-27,,Basic,63,413,4956,False,False,False,False,monthly,True
S-ba03e9e1,A-a722ec,2022-01-23,,Basic,82,2248,26976,False,False,False,False,annual,True
S-c480af1f,A-a98afd,2021-02-02,,Basic,41,160,1920,False,True,True,False,monthly,True
S-7a139f47,A-253b47,2024-05-07,,Pro,178,3287,39444,False,False,False,False,annual,False
S-31b85ca2,A-b8b83c,2021-05-28,,Basic,62,1390,16680,False,False,True,False,monthly,True
S-01222bbb,A-e20152,2022-06-17,,Enterprise,82,5695,68340,False,True,False,False,monthly,True
S-68f83ec4,A-23c1ea,2021-01-26,,Basic,91,2748,32976,True,False,False,False,monthly,True
S-1435d71d,A-2be2ac,2024-08-30,,Basic,80,913,10956,False,False,False,False,monthly,True
S-9c96ec33,A-780b56,2022-11-21,,Basic,110,3128,37536,False,True,False,False,monthly,True
S-00a167c9,A-b0fdf8,2021-03-30,,Basic,17,3567,42804,True,False,True,False,annual,False
S-09041c5e,A-3a41b2,2024-06-10,,Pro,35,613,7356,False,False,True,False,monthly,True
S-a1314504,A-66b64e,2024-06-06,,Enterprise,48,2058,24696,False,False,False,False,annual,False
S-7d030e20,A-45687e,2021-04-12,,Enterprise,101,2505,30060,False,False,False,False,annual,True
S-cb2a9b0c,A-efbe71,2021-03-27,,Pro,121,4225,50700,False,True,False,False,monthly,True
S-b1652c74,A-a98afd,2022-07-29,,Pro,155,955,11460,False,True,False,False,monthly,True
S-c8b543a3,A-f10061,2024-09-23,,Enterprise,11,1438,17256,False,False,False,False,annual,False
S-c0ea750e,A-144089,2023-10-06,,Enterprise,160,3733,44796,False,False,False,False,monthly,True
S-ab79be75,A-188cb6,2022-04-19,,Enterprise,137,1385,16620,False,False,False,False,monthly,True
S-754346ef,A-9a2c4f,2022-03-01,,Basic,84,391,4692,False,True,False,False,annual,False
S-3cd37fbf,A-d3d2c6,2022-05-25,,Basic,76,783,9396,False,False,False,False,annual,True
S-6201cd1e,A-8d201d,2023-11-03,,Enterprise,117,2396,28752,False,True,False,False,annual,False
S-0a998fb5,A-4ef13f,2024-03-21,,Enterprise,110,343,4116,False,False,False,False,monthly,True
S-f1ef87e6,A-9f521d,2023-09-07,,Basic,166,369,4428,True,False,False,False,annual,True
S-ea371b0e,A-8ae5b4,2023-10-07,,Pro,128,3983,47796,False,False,False,False,monthly,True
S-f9ce51ca,A-961a05,2022-01-21,,Basic,20,2197,26364,False,False,False,False,monthly,True
S-03e0675d,A-4a3e3a,2021-01-05,,Enterprise,61,1220,14640,False,False,False,False,monthly,True
S-1b8f7b58,A-f4d2c5,2022-06-26,2022-09-13,Pro,159,3589,43068,False,False,False,True,annual,True
S-3f9dc5b5,A-275a5e,2021-01-15,,Enterprise,43,2918,35016,False,False,False,False,annual,True
S-668ef81b,A-147497,2022-03-01,2023-05-02,Enterprise,103,1959,23508,False,False,False,True,monthly,True
S-df9ae0ae,A-bc60c8,2021-04-18,,Enterprise,40,1049,12588,False,True,False,False,monthly,True
S-fac0a245,A-3d75c1,2021-09-05,,Pro,65,634,7608,True,False,False,False,annual,True
S-ea5870c9,A-9201a1,2023-01-12,2023-04-27,Enterprise,182,1225,14700,True,False,False,True,monthly,True
S-854a3677,A-7b8bff,2023-06-23,,Enterprise,107,2183,26196,False,False,False,False,annual,True
S-e5e1f543,A-e5e60e,2023-06-05,,Enterprise,68,3685,44220,False,False,True,False,annual,True
S-bb8592bf,A-38094a,2023-12-16,,Pro,102,2123,25476,False,False,True,False,annual,True
S-c1ec61f8,A-9f521d,2021-12-10,,Pro,115,6052,72624,False,False,False,False,annual,True
S-39616df2,A-26bbfd,2023-01-23,,Basic,183,825,9900,False,False,False,False,monthly,False
S-b1275e03,A-ff97ce,2023-10-08,,Enterprise,90,2011,24132,False,False,False,False,annual,True
S-5f8f2359,A-9d992c,2023-12-07,,Pro,183,5456,65472,False,False,False,False,monthly,True
S-5e39aa98,A-9e2b64,2023-09-05,,Pro,30,190,2280,True,False,False,False,monthly,True
S-395fdc83,A-48a544,2022-08-23,,Basic,79,3757,45084,False,False,True,False,monthly,True
S-f70e8899,A-4983af,2022-02-22,,Enterprise,121,1972,23664,False,False,False,False,annual,True
S-b9607dcb,A-04b853,2021-01-02,,Enterprise,82,704,8448,False,False,False,False,monthly,False
S-2552d7c3,A-b8b83c,2022-01-29,,Basic,32,2912,34944,False,False,False,False,annual,True
S-5a8b55ea,A-cdee75,2021-07-02,,Basic,10,1072,12864,False,False,False,False,monthly,True
S-2ca2f685,A-ed6bb8,2021-07-05,,Pro,162,2797,33564,False,True,False,False,monthly,False
S-7e255520,A-661aa8,2022-10-14,,Basic,67,1281,15372,True,True,True,False,monthly,True
S-20e85eb6,A-246226,2024-08-24,,Basic,82,5054,60648,False,True,False,False,annual,True
S-d924336b,A-57e924,2023-06-16,,Basic,32,5402,64824,False,False,False,False,monthly,True
S-0af510ed,A-90aaae,2022-09-13,,Enterprise,18,1109,13308,False,False,False,False,monthly,True
S-be17409a,A-b81b20,2022-08-21,,Basic,136,2940,35280,False,False,False,False,monthly,True
S-94ae2dbe,A-e6fa42,2022-08-25,,Pro,21,1645,19740,False,False,False,False,monthly,True
S-75cdfc3a,A-6487b2,2024-05-08,,Pro,39,4287,51444,False,False,False,False,monthly,True
S-3865f635,A-68ffd0,2021-05-13,,Pro,74,3614,43368,False,False,False,False,monthly,True
S-dd5838f4,A-e0e84b,2023-06-07,,Basic,111,1593,19116,True,False,False,False,annual,True
S-1ba88a1e,A-aad5c7,2024-11-16,,Basic,168,5166,61992,False,False,False,False,monthly,True
S-4837cf96,A-671cbf,2022-05-11,,Enterprise,140,2012,24144,False,False,False,False,annual,True
S-66022a48,A-e6e3cd,2024-03-26,,Enterprise,83,1721,20652,False,False,False,False,annual,False
S-3b70cb27,A-90b550,2023-12-16,,Basic,83,2850,34200,False,False,False,False,monthly,True
S-449f22c9,A-2b8e44,2023-10-18,,Enterprise,180,2073,24876,False,False,False,False,monthly,False
S-faab6955,A-3bb1ee,2023-08-19,,Basic,171,2116,25392,False,False,False,False,annual,False
S-844284d5,A-410148,2022-05-10,2023-10-17,Enterprise,82,48,576,True,False,False,True,monthly,True
S-a2a6840a,A-1aa01f,2021-02-07,2021-07-05,Enterprise,147,492,5904,False,False,True,True,monthly,True
S-a64b8d8d,A-9dfcee,2021-12-13,,Basic,186,1711,20532,False,False,True,False,annual,True
S-35a3ec35,A-29838a,2024-03-14,,Basic,40,3293,39516,False,False,False,False,monthly,True
S-ae0c1288,A-9e6b3e,2024-05-26,,Enterprise,45,2583,30996,False,False,False,False,annual,True
S-84b7481f,A-040921,2022-12-11,,Pro,163,4687,56244,False,False,False,False,annual,True
S-5d8c7ebb,A-3204d3,2024-08-16,,Pro,7,2604,31248,False,False,False,False,monthly,True
S-36223597,A-08a972,2023-03-18,,Pro,171,2917,35004,False,False,False,False,monthly,True
S-03815cba,A-f4fe1f,2024-02-10,,Enterprise,42,4909,58908,False,False,False,False,monthly,True
S-b52aadc1,A-adf3b0,2023-10-18,,Pro,55,4755,57060,False,False,False,False,annual,True
S-f7f1d911,A-3ea8a3,2023-05-20,,Pro,180,2039,24468,False,False,True,False,monthly,True
S-1d74c38d,A-3a65d6,2021-12-24,,Pro,81,1699,20388,False,False,False,False,annual,True
S-f2dc4173,A-04a246,2021-07-27,,Pro,185,875,10500,False,False,False,False,annual,True
S-686ac490,A-54f16c,2022-05-04,,Enterprise,117,1881,22572,True,False,False,False,annual,True
S-1809f351,A-f1d958,2024-09-18,,Enterprise,35,3725,44700,False,False,False,False,annual,False
S-683b0aac,A-bd844f,2024-08-05,,Enterprise,92,5067,60804,False,False,False,False,annual,True
S-11b96d3f,A-3a41b2,2024-12-17,,Enterprise,76,2042,24504,False,True,False,False,monthly,True
S-4a74bac9,A-661aa8,2023-07-19,,Enterprise,175,506,6072,False,True,False,False,annual,True
S-4e9f0e14,A-e1fa7f,2022-10-19,,Enterprise,163,1674,20088,True,False,True,False,annual,True
S-473e36ef,A-9a8bb2,2022-11-04,,Enterprise,67,4547,54564,False,False,False,False,annual,False
S-92f54a50,A-cdee75,2022-08-14,,Enterprise,27,1092,13104,False,True,False,False,monthly,True
S-1ae5fed6,A-795e78,2021-12-15,,Pro,83,952,11424,False,False,False,False,annual,False
S-19696ea4,A-14e75c,2024-03-24,,Pro,27,879,10548,False,True,False,False,monthly,True
S-7636731f,A-63c268,2023-06-20,,Pro,58,2695,32340,False,True,False,False,annual,True
S-431341b6,A-9e9f30,2022-01-16,,Pro,14,4398,52776,False,False,False,False,monthly,True
S-7781098b,A-144089,2021-05-19,,Basic,140,1497,17964,False,False,False,False,monthly,True
S-d4b6596c,A-715861,2022-05-20,,Enterprise,114,1500,18000,False,False,False,False,monthly,True
S-9ea4e522,A-127d60,2022-04-19,,Pro,16,4634,55608,False,False,False,False,monthly,True
S-623c832c,A-275502,2023-01-21,,Pro,113,3807,45684,False,False,True,False,annual,True
S-b202d1d8,A-572cc7,2022-04-22,,Pro,34,117,1404,False,False,False,False,annual,True
S-cdc2ebac,A-39e2df,2021-09-12,,Basic,171,5880,70560,False,True,False,False,monthly,True
S-f41514df,A-27cc2c,2022-10-22,2023-04-09,Basic,124,1709,20508,False,False,False,True,monthly,True
S-d64e41ac,A-61408e,2023-09-23,,Pro,119,208,2496,True,False,False,False,monthly,True
S-a3c80f8c,A-37b909,2022-04-26,,Pro,106,5026,60312,False,False,True,False,monthly,False
S-d4dd4709,A-6f29f7,2024-11-30,,Basic,60,2643,31716,True,False,False,False,monthly,True
S-db91fe94,A-4f4bc8,2024-11-28,2025-04-13,Basic,57,4399,52788,True,False,False,True,monthly,True
S-f6d81e32,A-42ab46,2022-01-25,,Pro,59,1837,22044,False,False,False,False,annual,True
S-00da0755,A-bb6306,2022-03-17,,Basic,25,1157,13884,False,False,False,False,monthly,False
S-1d7c2183,A-cb96b6,2022-08-11,,Basic,133,1090,13080,False,False,False,False,monthly,True
S-4884accc,A-bc0a07,2022-07-08,,Enterprise,144,1669,20028,False,False,False,False,annual,False
S-8669e29f,A-1126a7,2022-10-20,2024-01-27,Enterprise,85,1121,13452,False,False,False,True,monthly,True
S-caa50927,A-467260,2022-03-25,,Pro,31,3672,44064,False,False,False,False,annual,False
S-88e47f5f,A-2bf8bb,2021-03-12,,Basic,141,1013,12156,False,False,True,False,monthly,True
S-bb0b84ae,A-16905a,2024-11-25,,Pro,26,256,3072,False,False,False,False,monthly,False
S-8463c8ff,A-961183,2024-01-11,,Basic,68,5655,67860,False,False,False,False,annual,True
S-441c98e6,A-127d60,2024-11-28,,Basic,68,2624,31488,False,True,False,False,annual,True
S-161619f7,A-4c64d5,2024-07-26,,Enterprise,95,1298,15576,False,False,False,False,annual,True
S-efb59f1e,A-fb30f4,2022-07-29,2023-02-22,Enterprise,128,4776,57312,False,False,False,True,annual,True
S-74537f85,A-3841e3,2021-02-19,2021-12-09,Enterprise,161,2873,34476,True,False,False,True,monthly,True
S-7464f4c6,A-e09af2,2021-04-17,,Pro,66,320,3840,False,False,False,False,annual,True
S-89f82320,A-8ae5b4,2022-06-12,2022-08-31,Pro,11,2311,27732,False,True,False,True,monthly,True
S-3ed1b032,A-293305,2023-01-05,,Basic,76,144,1728,False,False,False,False,annual,True
S-63f634d0,A-e6343a,2023-04-13,2024-11-27,Enterprise,155,2522,30264,False,False,False,True,annual,True
S-3d51a8bb,A-430daf,2023-05-15,2023-12-28,Enterprise,85,729,8748,False,True,False,True,annual,True
S-f75e87bf,A-121302,2021-08-07,,Pro,91,1473,17676,False,False,True,False,monthly,True
S-56ec7c23,A-b1f3cb,2023-01-24,,Enterprise,87,759,9108,False,False,False,False,annual,False
S-296839f3,A-9c8b42,2023-10-16,,Pro,111,1078,12936,False,False,False,False,monthly,False
S-59382fe3,A-819eaf,2024-09-16,,Enterprise,26,3160,37920,False,False,False,False,monthly,True
S-a405980c,A-02fad5,2021-11-17,,Basic,150,4861,58332,False,False,False,False,annual,True
S-5e2af624,A-23c1ea,2023-02-09,2024-08-14,Basic,152,1962,23544,False,False,False,True,monthly,True
S-6f8472d9,A-af8daf,2022-01-04,,Pro,22,3497,41964,False,False,False,False,annual,False
S-f8dc5dbc,A-3841e3,2021-05-18,,Pro,114,3983,47796,False,False,False,False,annual,True
S-4c502195,A-9d992c,2023-10-07,,Pro,182,518,6216,False,False,False,False,monthly,True
S-61a6a73e,A-2ca16b,2024-03-22,2025-01-18,Enterprise,148,3309,39708,False,True,True,True,monthly,True
S-ae56c6c2,A-105528,2023-02-27,,Enterprise,140,1230,14760,False,False,False,False,monthly,True
S-6e273e58,A-5a8f35,2021-11-13,,Pro,129,1278,15336,False,True,False,False,annual,True
S-c6eba01b,A-d0403b,2023-09-07,,Pro,173,4871,58452,False,False,False,False,monthly,True
S-e855dc3a,A-5c19da,2022-02-26,,Pro,38,3305,39660,False,False,False,False,monthly,True
S-cc1a21a4,A-16905a,2023-05-18,,Pro,147,2381,28572,False,False,False,False,monthly,True
S-f2cc1d2e,A-85322a,2024-11-22,,Basic,151,2061,24732,False,True,False,False,annual,True
S-aa87d9b5,A-702e67,2022-06-03,,Pro,169,762,9144,False,False,False,False,annual,False
S-1105b5fe,A-66b64e,2023-10-14,,Basic,108,3265,39180,False,False,False,False,annual,True
S-8b955e02,A-641031,2023-02-07,,Enterprise,188,182,2184,False,False,False,False,annual,True
S-b5c71f8a,A-27341c,2023-05-02,,Enterprise,115,131,1572,False,False,False,False,annual,True
S-01a59d83,A-825eb0,2021-03-11,,Basic,120,1009,12108,False,True,False,False,monthly,False
S-98f45a27,A-949e9c,2021-02-07,,Basic,159,942,11304,False,False,False,False,annual,True
S-11f0cccb,A-f6b94c,2024-01-08,,Pro,83,5557,66684,False,False,False,False,annual,True
S-143d70da,A-58d05f,2022-07-02,,Basic,87,389,4668,False,False,False,False,annual,False
S-d7230ab6,A-fd34f6,2024-10-10,,Basic,87,1481,17772,False,False,True,False,monthly,False
S-30a0da5e,A-0d7286,2022-11-15,2024-07-15,Enterprise,3,5564,66768,False,True,False,True,monthly,True
S-edf613b8,A-720f79,2023-12-18,,Basic,37,641,7692,False,False,False,False,monthly,False
S-37dcf2ec,A-961183,2023-10-17,2025-06-06,Enterprise,41,745,8940,False,False,False,True,annual,True
S-01129a35,A-661aa8,2022-04-26,,Basic,157,1299,15588,False,False,False,False,annual,True
S-2bab405a,A-04b853,2024-10-27,,Basic,154,1901,22812,False,False,False,False,annual,True
S-707b00a4,A-430daf,2021-04-05,2022-09-10,Enterprise,102,3103,37236,False,False,False,True,monthly,True
S-892c3429,A-f3890c,2023-08-15,,Basic,108,1944,23328,False,False,True,False,monthly,True
S-e2ffb9df,A-fbe78b,2022-01-31,,Enterprise,149,3452,41424,False,False,False,False,annual,False
S-2245a18c,A-ad2f33,2022-12-04,,Pro,19,1540,18480,False,False,False,False,annual,True
S-1bb32677,A-38094a,2023-11-10,,Enterprise,123,2682,32184,False,True,True,False,annual,True
S-122155c4,A-fc24f9,2022-09-23,,Pro,123,1127,13524,False,True,False,False,monthly,True
S-2c2fe185,A-faad0f,2021-12-26,,Enterprise,160,1523,18276,False,False,True,False,annual,True
S-3bd120e0,A-cddcac,2024-03-28,,Pro,166,4074,48888,False,False,False,False,annual,False
S-0bbbe39e,A-f3890c,2021-03-22,,Pro,139,639,7668,False,False,False,False,annual,True
S-6ff4eaa3,A-f5777d,2023-06-10,,Basic,168,1317,15804,False,False,False,False,annual,True
S-4f6c98bf,A-430daf,2021-05-02,,Basic,99,1566,18792,False,False,False,False,annual,True
S-364e55fc,A-1aa01f,2022-03-21,,Pro,173,5025,60300,False,False,False,False,annual,True
S-2daa2056,A-2ca16b,2022-08-11,,Pro,129,510,6120,False,False,False,False,monthly,True
S-5568917d,A-5d149a,2024-07-09,,Pro,3,2104,25248,False,False,False,False,annual,True
S-8cb3f20a,A-0143b8,2021-10-07,,Pro,117,1411,16932,False,False,False,False,annual,True
S-9a4f426f,A-ad2f33,2022-11-07,,Pro,38,3065,36780,False,False,False,False,monthly,True
S-54ae6c5c,A-dfaa0d,2024-12-10,,Pro,120,3631,43572,False,False,False,False,annual,True
S-8bcb9136,A-46d001,2023-09-26,,Basic,135,2127,25524,False,False,False,False,annual,False
S-ce8a11ad,A-2b89d4,2023-12-15,,Basic,43,4146,49752,False,False,False,False,monthly,True
S-067d0d3d,A-09489d,2024-06-16,2025-05-13,Pro,43,3746,44952,False,False,False,True,annual,True
S-245e6ed9,A-ba7802,2022-01-10,,Pro,26,2198,26376,False,False,True,False,annual,True
S-a59ee5f2,A-e0e84b,2021-10-16,2021-12-05,Basic,118,1755,21060,False,False,False,True,monthly,True
S-c0420bd8,A-4aefb3,2022-07-28,,Pro,64,4799,57588,False,False,False,False,annual,True
S-4562ca83,A-5a8f35,2023-12-20,,Enterprise,92,1538,18456,False,True,False,False,annual,True
S-313a5bf3,A-275502,2021-05-10,,Pro,30,3746,44952,False,False,False,False,annual,True
S-2c599bc7,A-42ab46,2022-04-07,,Pro,178,3061,36732,True,False,True,False,annual,True
S-c0e41a07,A-4e2188,2023-08-03,,Enterprise,24,2688,32256,False,False,False,False,monthly,True
S-506d82f2,A-52d296,2023-10-21,,Basic,180,6314,75768,False,False,False,False,annual,True
S-2e0b9783,A-d98759,2022-04-29,,Basic,163,2184,26208,False,True,False,False,monthly,True
S-0804ab98,A-49256a,2024-09-14,,Enterprise,20,1729,20748,False,False,False,False,annual,True
S-83c49e0b,A-ff97ce,2021-11-23,,Basic,67,3071,36852,True,True,True,False,monthly,True
S-b77a0c69,A-b56ab1,2022-11-17,,Pro,14,1328,15936,False,False,False,False,annual,False
S-21bf8ba5,A-9e5b2d,2022-07-09,,Pro,185,224,2688,True,False,False,False,monthly,True
S-7bad9762,A-24f862,2024-02-15,,Basic,78,5102,61224,False,True,False,False,annual,True
S-6925fb21,A-c6ab7a,2021-05-24,,Basic,84,2610,31320,False,False,False,False,annual,False
S-d4e2cef4,A-4e2188,2023-04-13,2023-10-14,Basic,180,422,5064,False,False,False,True,monthly,True
S-fe45084b,A-4f020e,2023-09-20,,Enterprise,13,2276,27312,False,False,False,False,annual,False
S-8d38a34f,A-f4c25c,2023-02-10,,Basic,44,1772,21264,False,False,False,False,monthly,True
S-cadd378b,A-8f8cfc,2024-04-24,,Enterprise,178,2040,24480,False,False,False,False,monthly,True
S-39175a77,A-d87876,2022-11-23,,Enterprise,128,4147,49764,False,True,False,False,monthly,True
S-b89945a4,A-0bf6e3,2021-07-18,,Enterprise,143,21,252,True,True,False,False,monthly,True
S-10d268dc,A-9aab82,2022-11-08,,Basic,126,291,3492,False,False,False,False,annual,False
S-a0fac73e,A-3cccbc,2022-06-22,,Basic,24,2142,25704,False,False,False,False,monthly,True
S-e5890a3a,A-85a324,2022-06-18,,Basic,5,1983,23796,False,True,False,False,annual,True
S-d635e47a,A-188cb6,2022-11-04,,Enterprise,113,99,1188,False,False,False,False,monthly,False
S-be2dc915,A-ed72be,2023-04-22,,Pro,12,5141,61692,False,False,False,False,monthly,True
S-c9a2c1d3,A-08a972,2023-11-01,,Pro,2,1034,12408,False,False,False,False,annual,True
S-a1bda116,A-d8fe58,2021-01-22,2022-08-22,Enterprise,93,3246,38952,False,True,False,True,annual,True
S-3090e38e,A-a721c1,2024-08-25,,Pro,106,2662,31944,False,False,False,False,annual,True
S-7809ed6c,A-68ffd0,2023-07-30,,Enterprise,111,1807,21684,True,False,False,False,annual,True
S-f424a6dc,A-4064bb,2021-08-16,,Basic,2,2394,28728,True,False,False,False,monthly,True
S-62481c84,A-674f3d,2023-11-05,,Enterprise,136,660,7920,False,False,False,False,monthly,True
S-d5c384bd,A-4aefb3,2023-05-27,,Enterprise,24,3468,41616,False,True,False,False,monthly,True
S-05b59c1c,A-a98afd,2022-04-22,,Basic,163,2915,34980,False,True,False,False,annual,True
S-86d49173,A-8563a7,2021-12-28,,Enterprise,125,949,11388,False,True,False,False,annual,True
S-24cb5f2b,A-702e67,2022-07-29,,Enterprise,27,4066,48792,False,False,False,False,monthly,True
S-333468cd,A-4aefb3,2022-07-03,,Pro,120,2734,32808,False,False,False,False,monthly,False
S-32082321,A-98ae9b,2024-01-10,2024-08-07,Enterprise,104,1485,17820,False,True,False,True,monthly,True
S-9572c0c5,A-daa5e1,2021-01-30,,Enterprise,10,1048,12576,False,False,False,False,annual,True
S-9299927d,A-a722ec,2023-04-07,,Enterprise,102,2274,27288,False,False,False,False,monthly,True
S-f9b0883b,A-9f9cca,2022-11-22,,Pro,160,2488,29856,False,True,False,False,annual,True
S-7f712aef,A-89fca7,2021-06-07,,Pro,89,2381,28572,False,False,False,False,annual,True
S-7402ca52,A-10fde3,2021-04-22,,Basic,63,4653,55836,False,False,False,False,annual,False
S-3a66d778,A-10fde3,2021-05-05,,Basic,12,3603,43236,False,False,False,False,monthly,True
S-96dd557c,A-d766b2,2022-07-04,2023-10-26,Enterprise,119,5287,63444,False,False,False,True,monthly,False
S-0b126d67,A-2feda1,2023-10-17,,Enterprise,163,2914,34968,False,False,False,False,annual,False
S-7922a58e,A-09bda1,2024-08-03,2025-10-05,Basic,139,34,408,False,False,False,True,annual,False
S-76201336,A-1b90d5,2024-12-28,,Pro,2,2325,27900,False,True,False,False,annual,True
S-f8a86d5a,A-1788ce,2024-08-24,,Enterprise,182,735,8820,False,False,False,False,monthly,True
S-a3fd8c11,A-dee10f,2021-03-20,,Enterprise,121,1210,14520,False,False,False,False,annual,True
S-3b12501f,A-467260,2024-06-04,,Enterprise,81,604,7248,False,False,True,False,annual,True
S-9ce5e132,A-655235,2021-09-17,,Enterprise,117,1613,19356,False,False,False,False,annual,True
S-4cda1cde,A-85a324,2021-04-08,,Enterprise,13,1926,23112,False,True,False,False,monthly,False
S-6a4171cf,A-9d4ff6,2022-11-03,,Basic,139,1023,12276,False,True,False,False,annual,True
S-67a9087c,A-001d08,2021-02-19,,Basic,43,3819,45828,False,False,False,False,annual,True
S-6430b306,A-4064bb,2022-04-04,,Pro,93,1321,15852,True,False,False,False,monthly,True
S-5b4ee197,A-3f39a3,2022-11-06,,Basic,21,2718,32616,True,False,False,False,annual,True
S-3dcb3445,A-8563a7,2022-12-09,2024-01-13,Pro,178,5709,68508,False,False,False,True,monthly,True
S-c7a944fb,A-21c2da,2023-01-05,,Enterprise,75,5576,66912,False,True,False,False,annual,False
S-79983bed,A-c0f13b,2023-10-06,,Pro,96,6419,77028,True,False,False,False,annual,False
S-ca7b52ea,A-ab8f61,2022-03-19,,Basic,122,250,3000,False,False,False,False,monthly,True
S-925b9495,A-001d08,2024-03-16,,Basic,120,304,3648,False,False,False,False,annual,True
S-6969fcba,A-6e303f,2023-01-28,,Enterprise,155,1012,12144,True,False,False,False,annual,True
S-bb6fd328,A-0562c3,2021-04-03,,Enterprise,32,4011,48132,False,False,False,False,annual,True
S-bd1a6c5d,A-4064bb,2021-10-08,,Basic,18,4722,56664,False,False,False,False,monthly,True
S-d9421744,A-377924,2022-01-24,,Basic,178,2500,30000,False,False,False,False,annual,False
S-285212de,A-d3763d,2024-11-20,,Enterprise,72,3833,45996,False,False,False,False,annual,True
S-6fec9825,A-37b909,2024-01-18,,Enterprise,180,6002,72024,False,False,False,False,monthly,True
S-9e386849,A-9b417b,2024-06-18,,Basic,106,1804,21648,False,False,False,False,annual,True
S-6917b27c,A-3ac391,2022-02-11,2022-08-19,Pro,57,2458,29496,False,False,False,True,monthly,True
S-de00b1f1,A-ba7ab9,2024-03-13,,Basic,38,851,10212,False,False,False,False,annual,True
S-5a905c8c,A-fbe044,2021-02-03,,Basic,140,3533,42396,False,False,False,False,annual,True
S-5d9ee5ba,A-3d5546,2021-03-24,,Enterprise,40,2235,26820,False,False,False,False,annual,True
S-51a5add0,A-8a8f8a,2023-11-03,,Basic,8,3157,37884,False,False,False,False,annual,True
S-8f78d48b,A-d3763d,2024-02-11,,Pro,38,1642,19704,False,False,True,False,annual,True
S-5f7cf51c,A-26efad,2021-07-11,,Pro,119,4247,50964,False,False,False,False,monthly,True
S-b45bac54,A-76a68f,2024-11-19,,Enterprise,27,1903,22836,True,False,False,False,annual,True
S-4bb0376d,A-daa5e3,2023-04-28,,Enterprise,45,186,2232,False,False,False,False,monthly,True
S-e94bf09a,A-9ccef5,2024-03-21,,Basic,97,3252,39024,False,False,False,False,monthly,True
S-ef980778,A-cfdab5,2023-12-09,2024-06-19,Pro,42,1443,17316,False,False,False,True,monthly,True
S-534c52d1,A-125cb3,2021-02-17,,Enterprise,20,2047,24564,False,False,False,False,annual,True
S-84576fa9,A-2b89d4,2024-09-25,,Basic,3,3285,39420,False,True,True,False,annual,True
S-c303f57e,A-bb8a0a,2024-02-19,,Enterprise,140,3557,42684,False,False,False,False,monthly,True
S-2f491129,A-2b45e5,2023-12-23,,Pro,70,1484,17808,False,False,False,False,monthly,True
S-e441a647,A-f2e197,2022-10-14,,Basic,178,1828,21936,False,False,False,False,monthly,True
S-b7d3edcc,A-275502,2021-07-24,,Enterprise,109,972,11664,False,False,False,False,annual,True
S-fad47073,A-702e67,2024-08-03,,Basic,122,131,1572,False,False,False,False,annual,True
S-d88f052a,A-d3763d,2024-02-13,2024-10-16,Enterprise,165,955,11460,False,False,False,True,monthly,True
S-3a2fc721,A-cdee75,2021-09-17,,Enterprise,135,2374,28488,False,True,False,False,monthly,True
S-f9dda87b,A-9c8b42,2022-10-18,,Enterprise,188,2780,33360,False,False,False,False,monthly,True
S-11bdf096,A-3e6efe,2021-09-02,,Enterprise,87,1749,20988,False,True,False,False,monthly,True
S-2a5d43fc,A-bc727c,2022-06-01,,Basic,41,3074,36888,False,False,True,False,annual,True
S-ac5d3a72,A-275a5e,2024-06-16,,Basic,35,184,2208,True,False,True,False,annual,False
S-a2b4b5df,A-8ae5b4,2023-12-03,,Pro,30,3185,38220,False,False,False,False,monthly,True
S-a70ba61a,A-7e69c7,2021-08-28,,Pro,125,1303,15636,False,False,False,False,monthly,True
S-1b8b308b,A-dbf513,2022-10-10,,Pro,86,1216,14592,False,False,False,False,monthly,True
S-95c22e93,A-7c73b8,2024-03-18,,Pro,42,694,8328,False,False,False,False,monthly,True
S-e2edb1e2,A-3dc038,2023-06-07,,Basic,27,6397,76764,False,True,False,False,annual,False
S-cbc218b9,A-16905a,2024-02-15,,Pro,135,5148,61776,False,False,False,False,annual,True
S-5b97ad26,A-4f8805,2024-01-04,,Pro,92,590,7080,False,False,False,False,monthly,True
S-d20c65de,A-b8b83c,2022-01-18,,Basic,111,895,10740,False,True,False,False,annual,True
S-ff263e7b,A-2feda1,2022-07-05,,Basic,126,5777,69324,False,True,False,False,monthly,True
S-73d27032,A-d98759,2021-11-26,,Enterprise,60,3274,39288,False,True,False,False,annual,True
S-12890c99,A-d9ad81,2021-06-08,,Basic,100,1220,14640,False,True,False,False,annual,True
S-0d1665e0,A-f1d958,2024-05-23,,Pro,22,3566,42792,True,False,False,False,monthly,True
S-b5a42763,A-77cb78,2024-09-25,,Basic,185,1273,15276,False,True,False,False,monthly,True
S-d0958ea2,A-3f7dbc,2022-07-05,,Pro,168,3470,41640,False,False,False,False,monthly,True
S-b4943002,A-b515e1,2024-11-15,,Basic,47,3737,44844,False,True,False,False,annual,True
S-890721cc,A-99203a,2023-11-04,,Basic,176,1560,18720,False,True,False,False,annual,False
S-553fd4e9,A-fbe044,2021-11-20,,Basic,103,3738,44856,False,True,False,False,monthly,True
S-5bc5ef9a,A-b56ab1,2023-12-26,,Pro,17,1910,22920,False,False,True,False,monthly,True
S-45df9a72,A-7aee9c,2022-06-02,2022-11-29,Pro,70,761,9132,False,False,False,True,monthly,False
S-3ca723b7,A-adf3b0,2022-06-11,,Basic,148,5442,65304,False,False,False,False,monthly,True
S-f93c1b08,A-a3efac,2023-06-02,,Basic,50,2548,30576,False,False,False,False,annual,True
S-5aa2e104,A-9ccef5,2021-06-17,,Pro,41,1673,20076,False,False,False,False,monthly,True
S-8c157009,A-a1f6aa,2024-01-31,,Pro,144,302,3624,False,False,False,False,monthly,True
S-ad48f4f0,A-90b550,2022-06-18,,Enterprise,89,2015,24180,False,True,False,False,monthly,True
S-7a7c7e02,A-5ba322,2021-12-04,,Basic,71,5410,64920,False,True,False,False,monthly,True
S-6aac8e63,A-68ffd0,2021-10-02,,Basic,118,3101,37212,False,False,False,False,monthly,True
S-7f63272b,A-795e78,2021-10-25,,Pro,110,1015,12180,False,False,False,False,monthly,True
S-85efeca7,A-18470a,2024-12-19,2026-05-16,Enterprise,117,4529,54348,False,False,False,True,monthly,True
S-4ccf70a7,A-9b151e,2024-06-24,,Pro,131,2733,32796,False,False,False,False,monthly,True
S-5195d872,A-ea1711,2023-04-20,,Pro,169,1090,13080,False,True,False,False,annual,True
S-86c74e05,A-e979f8,2022-08-21,,Pro,146,2988,35856,False,False,False,False,annual,True
S-f99aa550,A-503d27,2023-10-27,,Basic,130,3902,46824,False,False,False,False,monthly,True
S-2605aa94,A-0263d2,2022-01-04,,Basic,94,1910,22920,False,False,True,False,monthly,True
S-c6e3bd17,A-d22b13,2023-12-19,,Enterprise,68,1941,23292,False,False,False,False,monthly,False
S-38367d10,A-8b5194,2024-08-25,,Pro,68,2190,26280,False,False,False,False,monthly,True
S-0f27a6aa,A-3d5546,2021-02-11,,Pro,56,532,6384,True,False,False,False,annual,True
S-7735f526,A-27341c,2022-08-22,,Basic,168,4046,48552,False,False,False,False,monthly,True
S-b4b56b17,A-cfdab5,2022-03-05,,Enterprise,32,1082,12984,False,True,False,False,annual,True
S-866b9606,A-e1fa7f,2022-01-09,,Enterprise,131,1478,17736,True,False,False,False,annual,False
S-9567fdc4,A-b2adb9,2023-11-01,,Enterprise,119,1389,16668,False,False,False,False,annual,True
S-3e498546,A-e08e7c,2021-02-27,,Enterprise,6,1148,13776,False,False,False,False,annual,True
S-e8a1e963,A-741acd,2023-06-28,,Enterprise,66,1020,12240,False,False,False,False,annual,True
S-a4a686d7,A-68ffd0,2023-05-26,,Basic,156,4594,55128,False,False,False,False,annual,True
S-de073ee6,A-a54ab8,2024-06-26,,Pro,165,5712,68544,False,False,False,False,annual,True
S-9947ecd0,A-f60e4b,2022-11-05,,Basic,160,3151,37812,False,False,False,False,annual,False
S-008dcd15,A-dabc1b,2023-11-30,,Pro,69,1784,21408,False,False,False,False,monthly,True
S-24b33137,A-388d16,2023-11-05,,Enterprise,40,737,8844,False,False,False,False,annual,True
S-4613fd2f,A-f2e197,2021-07-26,,Enterprise,91,2844,34128,False,False,False,False,monthly,True
S-52662b18,A-babd7f,2022-08-05,,Enterprise,26,3068,36816,False,False,False,False,annual,False
S-64c1f6a1,A-127d60,2021-05-25,,Enterprise,147,1222,14664,False,False,False,False,monthly,True
S-156b3fcb,A-c166a2,2022-09-04,,Pro,158,1153,13836,False,False,False,False,monthly,True
S-cb91136f,A-7b8bff,2024-07-15,2024-12-07,Pro,6,3552,42624,False,False,False,True,monthly,True
S-17a9bcf8,A-c812ae,2022-09-23,,Enterprise,134,2223,26676,False,False,False,False,monthly,True
S-ce006aff,A-467260,2021-01-11,,Pro,33,323,3876,False,False,False,False,annual,True
S-68c8466e,A-f89626,2024-08-23,,Basic,85,2866,34392,False,False,False,False,annual,True
S-4669f9d0,A-29838a,2024-05-09,,Basic,143,4327,51924,False,False,False,False,monthly,True
S-e32bb873,A-f26363,2023-10-17,,Enterprise,46,2974,35688,False,False,False,False,annual,True
S-b250c372,A-3c413d,2021-07-01,2022-07-22,Pro,172,517,6204,False,False,False,True,annual,True
S-d82077f8,A-51eed3,2024-09-06,2025-09-03,Basic,80,888,10656,False,False,False,True,monthly,True
S-17d35ed9,A-46fc8d,2021-08-24,,Enterprise,97,2391,28692,False,False,False,False,monthly,False
S-1f3c0e97,A-6fdb5c,2024-08-27,,Enterprise,72,204,2448,True,False,False,False,annual,False
S-3ccf2af8,A-46d001,2023-10-07,,Basic,20,14,168,False,False,False,False,annual,True
S-7e2bff08,A-6cb2ce,2023-04-28,,Enterprise,173,3951,47412,False,False,False,False,monthly,True
S-56870c95,A-961183,2021-08-31,,Basic,50,2067,24804,True,False,False,False,monthly,False
S-ab5ffa36,A-4b4931,2023-09-04,,Enterprise,96,3145,37740,False,False,True,False,annual,True
S-fee50b23,A-daa5e3,2023-04-05,,Pro,97,2893,34716,False,False,False,False,monthly,True
S-4040ee54,A-1788ce,2022-07-08,,Basic,48,5078,60936,False,False,False,False,monthly,True
S-58f01e29,A-66d8db,2023-08-04,,Pro,165,1899,22788,False,False,False,False,annual,True
S-d456149b,A-4f71e8,2022-01-30,,Enterprise,78,256,3072,True,True,True,False,annual,True
S-95e4a734,A-fd34f6,2024-06-12,2024-12-14,Basic,63,924,11088,True,False,False,True,monthly,True
S-f3626d2d,A-800523,2024-12-10,,Pro,108,1228,14736,False,False,False,False,monthly,True
S-8d6261d1,A-8e16f1,2023-08-06,,Pro,4,3925,47100,False,False,False,False,monthly,True
S-5610263c,A-9e6b3e,2024-05-06,2025-10-20,Basic,107,1826,21912,False,False,False,True,monthly,False
S-4ba3432d,A-8a2dcf,2023-02-13,,Pro,15,1335,16020,False,False,True,False,monthly,True
S-8bd91a8f,A-3ea8a3,2023-03-25,,Basic,15,2648,31776,False,True,False,False,monthly,True
S-75407bdc,A-f43965,2024-03-21,,Pro,121,5429,65148,False,False,False,False,annual,True
S-cf974c7b,A-7f7de2,2022-08-07,,Pro,173,6066,72792,True,False,False,False,monthly,False
S-2756b7b3,A-168fe2,2021-11-01,,Basic,131,2836,34032,False,False,False,False,monthly,True
S-9c4a0dea,A-54f16c,2022-09-29,,Basic,130,213,2556,False,False,False,False,monthly,True
S-4d3e203a,A-16905a,2023-12-24,,Enterprise,176,2683,32196,False,True,False,False,annual,False
S-66869063,A-1126a7,2022-01-19,,Pro,10,2359,28308,False,False,False,False,monthly,True
S-4d343734,A-66b64e,2022-11-13,,Basic,5,5637,67644,False,False,False,False,annual,False
S-099a9f0e,A-0249c4,2022-03-19,,Enterprise,17,3818,45816,False,False,False,False,monthly,True
S-4fea0856,A-4064bb,2021-05-16,,Basic,41,258,3096,False,True,False,False,annual,False
S-12e623a5,A-f6b94c,2022-09-24,,Pro,31,126,1512,False,False,False,False,annual,True
S-a0cf01ec,A-a1f6aa,2024-03-09,,Pro,43,656,7872,False,False,False,False,annual,True
S-56b2fd0c,A-4c64d5,2024-03-13,,Enterprise,58,2458,29496,False,False,False,False,annual,True
S-a4e594f3,A-2810a5,2023-11-16,,Pro,62,7132,85584,False,False,True,False,annual,True
S-16ee6cae,A-ba7802,2023-06-21,,Pro,154,1027,12324,False,False,False,False,monthly,True
S-2c6ed023,A-cc4e00,2022-11-04,2023-07-20,Basic,66,4761,57132,False,False,False,True,annual,True
S-bf4d4d63,A-fd7c5d,2024-12-11,,Enterprise,112,6448,77376,False,False,True,False,annual,True
S-ae4903f0,A-85a76f,2023-05-23,,Enterprise,164,4184,50208,False,False,True,False,annual,False
S-8b847ba3,A-d8fe58,2022-08-20,,Basic,185,5351,64212,False,True,False,False,monthly,True
S-441fc5f4,A-3f9994,2024-06-01,,Pro,1,3862,46344,False,False,True,False,monthly,False
S-fc8c8c92,A-ab8f61,2022-12-03,,Pro,72,1938,23256,False,True,False,False,annual,True
S-8bd17efe,A-d3763d,2024-12-28,,Basic,180,346,4152,False,False,False,False,monthly,True
S-0d312530,A-626bb3,2022-04-18,2022-08-11,Pro,106,21,252,True,False,False,True,monthly,True
S-3d398785,A-c8e48c,2021-11-08,,Enterprise,78,4230,50760,False,False,False,False,monthly,False
S-ca5d3dad,A-cf45d3,2024-06-03,,Basic,55,3620,43440,False,False,False,False,monthly,True
S-9fdd1cd1,A-e20152,2021-01-21,,Enterprise,104,1640,19680,False,False,False,False,annual,True
S-220a2040,A-c32b0a,2021-10-24,,Pro,15,2033,24396,False,False,False,False,monthly,True
S-4c556201,A-cc4e00,2023-11-03,,Enterprise,169,782,9384,False,False,False,False,monthly,True
S-6c19aefa,A-280f2a,2022-06-09,,Pro,2,2555,30660,False,False,False,False,annual,True
S-25e10521,A-0bcb7a,2024-05-17,,Pro,173,3216,38592,False,False,False,False,annual,True
S-a6985a29,A-04b853,2023-01-13,,Enterprise,53,2468,29616,False,True,False,False,annual,True
S-75351a3e,A-a3efac,2022-05-12,,Pro,43,722,8664,False,True,False,False,monthly,True
S-da31c07e,A-6e303f,2022-07-25,,Enterprise,146,1743,20916,False,False,False,False,monthly,False
S-ace6b39d,A-eca077,2022-10-30,,Pro,142,1232,14784,True,True,False,False,monthly,True
S-e4f87ce4,A-87ec94,2023-05-11,,Enterprise,185,2992,35904,False,False,False,False,annual,True
S-508eb131,A-2e3f29,2024-06-09,,Basic,122,747,8964,False,False,False,False,monthly,True
S-f79e3d44,A-8a2dcf,2022-12-13,,Basic,188,1977,23724,False,True,False,False,monthly,True
S-3e4421f8,A-8a2dcf,2024-07-14,,Enterprise,130,359,4308,False,False,False,False,annual,True
S-6e305f97,A-e1796c,2023-01-23,,Enterprise,37,3813,45756,False,False,False,False,annual,False
S-b34b91c6,A-891867,2023-08-01,,Pro,17,4005,48060,True,True,False,False,annual,False
S-b148cafd,A-3bb1ee,2021-02-20,,Basic,74,2331,27972,False,False,False,False,annual,True
S-ce4001cf,A-720f79,2024-11-30,,Enterprise,173,3485,41820,False,False,True,False,monthly,False
S-3b475831,A-168fe2,2024-04-23,,Enterprise,177,163,1956,False,False,False,False,annual,True
S-7440f2e0,A-57e924,2024-04-09,,Pro,46,2377,28524,False,False,False,False,annual,False
S-26f187e0,A-58a963,2024-06-06,,Pro,94,2926,35112,False,False,False,False,monthly,True
S-c1b7e501,A-396e8b,2022-07-07,,Basic,30,253,3036,False,False,False,False,monthly,False
S-5a627ac9,A-7aee9c,2021-11-10,2023-10-13,Basic,66,2403,28836,False,False,False,True,monthly,True
S-287cbacc,A-572cc7,2023-03-03,,Enterprise,15,3404,40848,False,False,False,False,annual,True
S-bb1c83a5,A-9201a1,2023-06-05,,Pro,68,2355,28260,False,True,False,False,annual,False
S-3f16a343,A-4fc1cc,2022-02-13,,Pro,158,842,10104,False,False,False,False,annual,True
S-96c5500d,A-68ffd0,2023-02-13,2023-09-20,Basic,28,267,3204,False,False,False,True,annual,True
S-5d7a5ba1,A-396e8b,2023-01-08,,Enterprise,167,2166,25992,False,False,False,False,annual,True
S-bd87e171,A-0c8a26,2021-03-12,,Enterprise,55,870,10440,False,False,False,False,monthly,True
S-a8a12a2c,A-18470a,2021-01-04,,Pro,141,3017,36204,False,False,False,False,annual,True
S-f67de621,A-3ea8a3,2021-03-05,,Enterprise,26,5209,62508,False,False,False,False,annual,True
S-6ec428d0,A-001d08,2023-03-31,2024-06-26,Enterprise,8,4087,49044,False,False,False,True,monthly,True
S-0942b7b5,A-d16ef7,2022-06-19,,Basic,35,1553,18636,False,False,False,False,annual,False
S-436b675a,A-68ffd0,2024-12-26,,Pro,107,5209,62508,False,False,False,False,annual,True
S-82c05eeb,A-3a19f8,2021-05-29,,Enterprise,78,5614,67368,False,False,False,False,monthly,True
S-2ea5ffb7,A-388d16,2024-04-25,,Enterprise,125,3867,46404,False,False,False,False,annual,True
S-b4662490,A-83f776,2021-12-28,,Basic,17,4194,50328,False,False,False,False,monthly,True
S-a1d8cc54,A-bbe512,2024-05-10,2025-01-28,Pro,32,4100,49200,False,False,False,True,annual,True
S-b7d52298,A-4182b6,2023-03-05,2023-06-01,Enterprise,19,2845,34140,False,True,False,True,annual,True
S-eb3e1b42,A-8a2dcf,2021-12-30,,Enterprise,36,2913,34956,False,False,False,False,annual,True
S-6ff08352,A-bb6306,2021-06-12,,Pro,56,1166,13992,True,False,False,False,annual,True
S-3817a8f5,A-3a41b2,2023-07-18,,Basic,23,1301,15612,False,False,True,False,annual,True
S-7d31be02,A-29b014,2021-07-18,,Enterprise,118,5827,69924,False,False,False,False,annual,True
S-4643b8a0,A-488393,2023-03-24,,Pro,40,2449,29388,False,False,True,False,monthly,True
S-877ebb58,A-d766b2,2021-03-07,,Enterprise,24,3546,42552,False,False,True,False,annual,False
S-65c4d93b,A-7f7de2,2022-07-22,,Basic,22,112,1344,False,False,False,False,annual,False
S-8de42c96,A-a54ab8,2023-10-12,,Basic,73,1511,18132,False,False,False,False,annual,True
S-32623326,A-118777,2023-06-08,,Basic,53,2027,24324,False,False,False,False,monthly,True
S-3eb6376c,A-f26363,2022-02-28,,Enterprise,108,3392,40704,False,False,True,False,monthly,False
S-e19eb3b0,A-961183,2024-03-26,,Pro,31,3181,38172,False,True,False,False,annual,True
S-fc65c11e,A-d5aaf6,2022-11-24,,Enterprise,102,2167,26004,False,True,False,False,monthly,True
S-4d77cc8f,A-1788ce,2021-11-03,,Basic,123,2917,35004,False,False,False,False,annual,True
S-1a4f260e,A-85a76f,2024-10-25,,Basic,57,1309,15708,False,False,False,False,annual,False
S-468afb93,A-2feda1,2023-01-12,,Basic,57,3127,37524,False,False,False,False,monthly,True
S-4c5735dc,A-2e2e55,2021-01-24,2022-09-11,Enterprise,97,1461,17532,False,True,False,True,monthly,True
S-09eb61b7,A-8d201d,2022-05-09,,Basic,101,3712,44544,False,False,False,False,annual,True
S-d7a2a819,A-e09af2,2022-06-08,,Basic,93,3425,41100,False,False,False,False,monthly,True
S-41bcd94f,A-87d27b,2022-08-12,,Enterprise,26,1018,12216,False,False,False,False,monthly,True
S-7917907f,A-bbe512,2022-03-14,,Pro,154,6103,73236,False,False,True,False,monthly,True
S-03ad22ef,A-d16ef7,2024-05-01,,Pro,90,4785,57420,True,False,False,False,annual,False
S-9d940466,A-c32b0a,2024-03-30,,Pro,163,998,11976,False,True,False,False,annual,False
S-faa0f991,A-780b56,2024-08-19,,Pro,173,4483,53796,False,False,False,False,annual,False
S-26228814,A-a54ab8,2024-05-22,,Pro,163,733,8796,False,False,False,False,monthly,False
S-31666472,A-f89626,2021-01-21,,Enterprise,66,3843,46116,False,False,False,False,monthly,True
S-0ab96d5a,A-188cb6,2021-03-03,,Enterprise,73,3,36,False,False,True,False,annual,True
S-129ec215,A-2810a5,2021-10-20,,Pro,121,3800,45600,False,False,False,False,annual,False
S-f63b2279,A-0bf6e3,2022-11-22,,Basic,91,3120,37440,True,False,True,False,monthly,True
S-6585d85f,A-d8fe58,2024-06-18,,Enterprise,185,707,8484,False,False,False,False,annual,True
S-6eaa0c6a,A-ba0f8c,2022-06-05,,Enterprise,53,1065,12780,False,True,False,False,monthly,True
S-c8c61269,A-d87876,2024-03-04,,Enterprise,67,2309,27708,False,False,False,False,monthly,True
S-f9625cf2,A-e1796c,2024-09-23,,Pro,2,5308,63696,False,True,True,False,annual,True
S-601def48,A-488393,2021-12-09,,Basic,86,2876,34512,False,False,False,False,annual,True
S-a65dab44,A-f26363,2022-06-06,,Basic,140,899,10788,True,False,False,False,annual,True
S-04b93b54,A-83f776,2023-01-28,,Enterprise,25,2356,28272,False,False,False,False,monthly,True
S-15ffdc4a,A-643967,2024-01-31,,Pro,158,2451,29412,False,False,False,False,annual,True
S-145a62b1,A-1b90d5,2024-07-15,,Basic,140,2760,33120,False,False,False,False,annual,False
S-5cf329a7,A-a63269,2023-06-08,,Basic,98,2417,29004,False,False,False,False,monthly,False
S-e88a2e40,A-7c73b8,2023-09-10,,Pro,143,2482,29784,False,False,False,False,annual,True
S-e9ef35f8,A-9e9f30,2022-06-20,,Basic,79,4540,54480,False,False,False,False,monthly,True
S-5cde4e6f,A-78d2ec,2021-11-14,,Basic,4,2968,35616,False,False,False,False,monthly,True
S-3810d21b,A-adf3b0,2021-01-17,,Basic,28,1091,13092,False,False,False,False,monthly,True
S-befeafe5,A-216da3,2022-11-15,,Basic,48,3348,40176,False,False,False,False,annual,True
S-b458f375,A-02fad5,2022-11-22,,Enterprise,145,4253,51036,False,False,False,False,annual,True
S-4f9bdad1,A-a2a361,2022-02-25,,Pro,11,4058,48696,False,False,True,False,annual,True
S-abae3d74,A-f6b94c,2022-03-26,,Enterprise,14,1773,21276,False,False,False,False,monthly,True
S-4cc722e2,A-7c73b8,2023-06-02,,Pro,103,235,2820,False,False,False,False,monthly,True
S-b07d6a5e,A-79589c,2024-08-17,,Basic,26,2286,27432,False,True,False,False,monthly,True
S-196af4fb,A-52d296,2022-09-20,,Enterprise,72,2031,24372,True,False,False,False,annual,False
S-89b9fe5f,A-01c648,2022-09-26,,Pro,142,157,1884,False,False,False,False,monthly,False
S-28d2734e,A-4acad6,2022-10-13,,Basic,106,2540,30480,False,False,False,False,monthly,True
S-9fe0582b,A-eca077,2021-12-01,,Pro,184,2785,33420,False,True,False,False,monthly,True
S-4845f087,A-168fe2,2021-03-29,,Enterprise,163,3670,44040,False,False,False,False,monthly,True
S-fb19c91c,A-057df9,2023-04-11,,Basic,68,1,12,True,False,False,False,monthly,False
S-e02bb4a1,A-5c19da,2023-03-25,,Pro,60,2480,29760,False,False,False,False,annual,True
S-9bdb961a,A-a0ed92,2024-11-24,,Basic,91,107,1284,False,False,False,False,annual,True
S-d10a5877,A-8d201d,2021-01-16,,Basic,48,315,3780,False,False,False,False,monthly,True
S-ff94b919,A-40abca,2024-09-16,,Basic,20,2002,24024,False,False,False,False,annual,True
S-5851187b,A-51ca60,2024-10-12,,Basic,112,2547,30564,False,True,False,False,annual,True
S-234bfb35,A-ed72be,2022-08-11,,Enterprise,53,2981,35772,False,False,False,False,annual,True
S-4137279a,A-b36d98,2022-12-06,,Basic,83,1501,18012,False,False,False,False,annual,True
S-452a8125,A-9dfcee,2022-02-02,2022-06-12,Basic,152,2383,28596,False,False,False,True,monthly,True
S-0b7bd22a,A-c48f44,2021-01-29,,Enterprise,134,121,1452,False,False,False,False,monthly,True
S-134040c6,A-448821,2022-09-03,,Basic,27,574,6888,False,False,True,False,monthly,True
S-9233dca8,A-816156,2021-04-07,,Pro,68,3597,43164,False,False,False,False,annual,True
S-9dceb6cf,A-df92d4,2024-10-06,,Basic,48,1609,19308,False,False,False,False,annual,True
S-aa1e3dc1,A-a0ed92,2022-06-22,,Enterprise,140,3783,45396,False,False,False,False,annual,True
S-e9b9b976,A-4e2188,2022-06-21,,Basic,116,1195,14340,False,False,False,False,annual,True
S-6bb986e9,A-ef6f7e,2021-01-15,,Enterprise,167,14,168,False,False,False,False,monthly,True
S-6a01cc2d,A-8eb0b9,2022-04-16,,Basic,126,2563,30756,False,False,False,False,annual,True
S-7fc94c46,A-91c9c6,2024-11-15,,Enterprise,25,2478,29736,False,False,False,False,annual,True
S-8628d890,A-1aa01f,2024-12-01,,Enterprise,27,767,9204,False,False,False,False,monthly,True
S-0b6bc31b,A-8a8f8a,2022-01-15,,Basic,137,2219,26628,False,False,True,False,monthly,True
S-9ee56e29,A-77cb78,2021-05-10,,Enterprise,19,1219,14628,False,False,False,False,monthly,True
S-798c617b,A-04a246,2021-11-13,,Basic,154,901,10812,False,False,False,False,monthly,True
S-59c677ce,A-275502,2022-05-29,,Enterprise,64,3476,41712,False,False,False,False,monthly,True
S-9ca3da09,A-ed72be,2023-11-12,,Basic,157,2705,32460,False,False,False,False,monthly,False
S-01c294cf,A-91c9c6,2024-03-07,,Pro,40,2026,24312,False,False,False,False,annual,True
S-65cb1905,A-c6ab7a,2023-11-25,2025-03-04,Pro,90,1379,16548,False,False,False,True,annual,True
S-48b7cfba,A-9a2c4f,2023-11-24,,Basic,11,2207,26484,False,False,False,False,annual,True
S-214351ac,A-5a8f35,2024-10-22,2026-02-06,Basic,173,6686,80232,False,False,False,True,monthly,False
S-8deb0069,A-a771e3,2024-11-24,,Basic,72,1378,16536,False,True,True,False,annual,True
S-d2103f44,A-e71149,2021-06-08,,Pro,1,1786,21432,False,False,False,False,monthly,False
S-790bc4fe,A-f2b464,2021-11-21,2023-07-19,Basic,141,2563,30756,False,False,False,True,monthly,True
S-ec578612,A-d3763d,2023-07-08,,Enterprise,143,3791,45492,False,True,False,False,monthly,False
S-7255901e,A-d3803e,2021-09-24,,Basic,107,219,2628,False,True,False,False,annual,True
S-536124b8,A-7aee9c,2024-08-04,2025-05-06,Pro,143,2466,29592,False,False,False,True,monthly,True
S-97eb5bd9,A-61408e,2022-08-21,2023-11-16,Basic,107,861,10332,False,False,False,True,monthly,True
S-eeea23ad,A-4c64d5,2023-01-31,,Enterprise,130,1240,14880,False,False,False,False,monthly,True
S-f6f5ef68,A-c8e48c,2023-10-13,,Basic,71,1364,16368,False,False,False,False,annual,True
S-7e872f88,A-b913b0,2024-10-26,,Basic,179,2747,32964,False,False,False,False,monthly,True
S-4b1031de,A-7af86f,2021-12-07,,Pro,73,1972,23664,False,False,True,False,monthly,True
S-6083aa9a,A-77d382,2023-03-10,,Basic,40,1705,20460,False,False,False,False,monthly,True
S-d6c0b840,A-e21fc9,2024-04-18,,Basic,28,5399,64788,False,False,False,False,annual,True
S-86ede61a,A-f89626,2021-11-28,,Pro,58,68,816,False,False,False,False,annual,False
S-c96883cd,A-641031,2022-09-15,,Enterprise,157,1913,22956,False,False,True,False,monthly,True
S-5caf034e,A-51ca60,2022-10-15,,Enterprise,4,4520,54240,False,False,False,False,annual,False
S-31bd215c,A-dd2024,2023-08-06,,Pro,129,4106,49272,False,False,False,False,annual,True
S-34bcba6e,A-11cce9,2024-06-28,,Pro,174,2040,24480,False,False,False,False,monthly,True
S-8b326347,A-a3efac,2021-03-29,2022-06-15,Pro,122,799,9588,False,False,False,True,monthly,True
S-593cdca3,A-757186,2021-01-23,,Enterprise,127,3223,38676,False,False,False,False,monthly,True
S-f9ddd25a,A-8efb70,2022-11-22,,Basic,73,171,2052,False,False,True,False,monthly,True
S-53d58f21,A-390557,2023-06-03,,Enterprise,30,2290,27480,False,False,False,False,annual,True
S-5824e333,A-891867,2022-12-04,,Enterprise,178,3542,42504,False,False,False,False,monthly,True
S-794b4ad9,A-001d08,2024-12-09,,Enterprise,22,2838,34056,False,False,False,False,monthly,False
S-b1cfceca,A-396e8b,2023-03-04,,Basic,93,3585,43020,False,False,False,False,annual,True
S-633bf465,A-4acad6,2022-01-05,,Pro,50,1750,21000,False,False,False,False,monthly,True
S-32321c6a,A-1f44c7,2024-05-30,,Basic,186,4292,51504,True,False,False,False,monthly,True
S-e910120f,A-186adc,2024-11-04,,Pro,82,1296,15552,False,True,False,False,monthly,True
S-59378ea5,A-ed72be,2022-01-31,,Basic,67,2259,27108,False,True,False,False,monthly,True
S-98367e26,A-2c1987,2024-02-29,,Basic,116,3515,42180,False,False,False,False,monthly,True
S-76422ab5,A-8e171c,2024-05-28,,Enterprise,76,4571,54852,False,False,False,False,annual,True
S-c4c0eedb,A-3a3477,2022-02-09,,Enterprise,183,2358,28296,False,False,False,False,monthly,True
S-899cc6ba,A-388c96,2021-03-25,,Pro,143,1020,12240,False,False,True,False,monthly,True
S-557c400f,A-3841e3,2023-05-09,,Basic,135,3488,41856,False,False,True,False,monthly,True
S-96677101,A-5ba322,2021-08-12,,Pro,125,2777,33324,False,False,False,False,monthly,True
S-6c62b07c,A-0263d2,2024-04-02,,Pro,52,2266,27192,False,False,False,False,annual,False
S-593bc6c6,A-b040a0,2023-02-24,,Enterprise,81,352,4224,False,False,False,False,monthly,False
S-0a920c73,A-82c3e3,2021-03-03,,Pro,86,2480,29760,False,True,False,False,monthly,True
S-b3de578f,A-6751ab,2024-11-09,,Pro,136,1313,15756,False,False,False,False,annual,True
S-3fe5a07d,A-7f7de2,2021-09-05,,Enterprise,100,4201,50412,False,False,False,False,monthly,False
S-90487166,A-572cc7,2024-05-22,,Enterprise,123,822,9864,False,False,False,False,annual,False
S-d22b2377,A-5e8a5d,2022-09-01,,Basic,62,4309,51708,False,True,False,False,monthly,True
S-09346190,A-faad0f,2024-06-03,2025-04-17,Enterprise,48,2347,28164,False,False,False,True,annual,True
S-0adff1bc,A-0d5e78,2021-11-05,,Pro,17,645,7740,True,False,False,False,monthly,True
S-f2936fc1,A-f4d2c5,2024-01-31,,Enterprise,158,3642,43704,False,True,False,False,monthly,True
S-cf7f7b87,A-488393,2022-05-05,,Basic,144,881,10572,False,True,False,False,annual,True
S-0c1fe5da,A-d766b2,2024-05-10,,Pro,167,4921,59052,False,False,False,False,annual,True
S-1d01485e,A-f3890c,2023-08-20,,Basic,49,4580,54960,False,False,False,False,monthly,False
S-4de2cecd,A-b4365e,2024-07-09,,Pro,157,76,912,False,False,False,False,annual,True
S-69504963,A-819eaf,2024-10-17,,Pro,63,6251,75012,True,False,False,False,monthly,True
S-72486f10,A-6f29f7,2023-04-06,,Basic,136,388,4656,False,False,False,False,monthly,True
S-16e39548,A-816156,2024-02-25,,Pro,137,3074,36888,False,True,False,False,monthly,True
S-1bf4f295,A-0ff5dc,2023-04-20,,Enterprise,78,1010,12120,True,False,False,False,annual,False
S-55c8901c,A-b4365e,2022-07-21,,Pro,8,281,3372,False,False,False,False,annual,False
S-bd34179b,A-2312e2,2022-05-24,,Enterprise,27,4547,54564,False,False,False,False,annual,True
S-4b2f6699,A-655235,2024-01-13,,Pro,20,1444,17328,False,False,False,False,annual,False
S-663ba61d,A-299f66,2023-11-06,,Pro,151,2392,28704,False,True,False,False,annual,True
S-0fd48915,A-66b64e,2021-02-23,,Basic,103,2022,24264,False,False,False,False,annual,True
S-7d11b023,A-1f5600,2021-06-13,,Enterprise,81,2829,33948,False,False,False,False,monthly,False
S-82e31f5b,A-d0403b,2021-09-09,,Basic,117,1186,14232,False,False,False,False,annual,True
S-451d6291,A-f6b94c,2023-05-17,,Pro,45,2787,33444,False,False,False,False,annual,False
S-e239de93,A-efbe71,2022-02-09,,Enterprise,62,1880,22560,False,False,False,False,monthly,True
S-970e875f,A-144089,2021-11-13,2023-06-30,Basic,101,1642,19704,False,True,False,True,annual,True
S-bf3598c5,A-a63269,2021-12-25,,Pro,184,5192,62304,False,True,False,False,annual,True
S-ebe7a3fb,A-961a05,2022-03-14,2023-02-21,Pro,125,4408,52896,False,False,False,True,monthly,True
S-e66fd519,A-280f2a,2021-10-15,,Pro,110,3006,36072,False,False,False,False,annual,True
S-ca5056ff,A-105528,2021-05-11,,Basic,139,1653,19836,False,False,False,False,monthly,True
S-a4c1c4bf,A-60fec0,2022-06-18,,Enterprise,20,1460,17520,False,False,False,False,monthly,True
S-46b9e923,A-40fc24,2024-12-15,,Pro,174,2712,32544,False,False,False,False,monthly,False
S-955ac826,A-e1406a,2024-08-04,,Pro,88,1470,17640,False,False,False,False,annual,False
S-facc7951,A-f89626,2023-12-28,,Enterprise,128,643,7716,False,False,False,False,monthly,True
S-7f2dc99d,A-17fe97,2023-11-04,,Basic,117,3392,40704,False,False,False,False,monthly,True
S-5ab215c8,A-66ee96,2021-03-30,,Basic,189,1887,22644,False,False,False,False,monthly,False
S-9ea1aee6,A-60fec0,2021-10-11,,Enterprise,89,2765,33180,False,False,False,False,monthly,True
S-8a5020e7,A-e9662a,2021-06-09,,Basic,166,1683,20196,False,True,False,False,annual,True
S-85ecca0f,A-a1f6aa,2024-04-27,,Enterprise,113,2225,26700,False,False,True,False,monthly,True
S-8234e7e5,A-b543ff,2024-01-01,,Pro,65,294,3528,False,False,False,False,annual,True
S-0babfff7,A-b00145,2022-10-19,,Basic,16,6357,76284,False,True,False,False,annual,True
S-b2695ffa,A-b040a0,2021-08-09,,Pro,144,2515,30180,False,True,False,False,monthly,True
S-3985c7b6,A-df55b3,2024-04-06,2024-06-13,Enterprise,70,1773,21276,False,False,False,True,annual,True
S-c300bebe,A-67e8d1,2024-06-29,,Basic,175,1689,20268,False,False,False,False,monthly,False
S-7049764a,A-48a544,2023-02-23,,Enterprise,130,2261,27132,False,False,False,False,annual,True
S-534f0026,A-d22b13,2023-06-26,,Enterprise,153,2983,35796,False,False,False,False,monthly,True
S-67d2ba40,A-0143b8,2024-03-30,,Pro,139,7090,85080,False,False,False,False,monthly,True
S-e8d52ecc,A-377924,2022-01-18,,Enterprise,145,1479,17748,False,True,False,False,monthly,True
S-bdec9fe1,A-715861,2024-05-21,,Basic,4,1350,16200,False,True,False,False,monthly,True
S-1ab3b177,A-ed6bb8,2023-01-11,,Pro,75,608,7296,False,False,False,False,monthly,True
S-04ea939a,A-50e35d,2023-07-13,,Enterprise,108,378,4536,False,False,False,False,monthly,True
S-19e927a4,A-961183,2021-01-08,,Pro,137,3669,44028,False,False,False,False,annual,True
S-4a831cf8,A-bf83ac,2022-11-04,2024-07-19,Basic,9,972,11664,False,True,False,True,monthly,False
S-fad074d9,A-fdeda5,2021-09-17,2022-11-30,Enterprise,119,2639,31668,False,False,True,True,monthly,True
S-eb23a9c3,A-7cb77a,2022-06-16,,Pro,123,301,3612,False,True,False,False,annual,True
S-5fa3b007,A-8ae5b4,2024-07-12,,Basic,175,3414,40968,False,False,False,False,annual,True
S-3c7798fc,A-e6e3cd,2024-01-14,,Enterprise,173,789,9468,True,True,True,False,annual,True
S-89260a8d,A-9e9f30,2023-03-26,,Pro,19,3161,37932,False,False,False,False,annual,False
S-e434b529,A-125cb3,2023-06-07,2025-04-20,Basic,101,4461,53532,False,False,False,True,annual,False
S-10596646,A-50e35d,2023-09-28,,Basic,108,2215,26580,False,False,False,False,annual,True
S-3306af3b,A-cc6cd9,2021-08-06,,Basic,50,3123,37476,True,True,False,False,annual,True
S-056d9d5d,A-388d16,2023-12-11,,Pro,12,2890,34680,True,False,False,False,annual,False
S-86f823cd,A-17fe97,2023-02-24,,Enterprise,179,2569,30828,False,False,False,False,annual,True
S-183abf8d,A-f10061,2022-08-31,,Pro,126,2822,33864,False,True,False,False,monthly,True
S-44876112,A-c32b0a,2022-06-01,,Enterprise,30,970,11640,True,True,False,False,annual,True
S-0588cff2,A-9f9cca,2024-08-11,,Basic,159,3847,46164,False,False,False,False,monthly,True
S-7174a197,A-993774,2023-07-30,,Enterprise,7,792,9504,False,False,False,False,monthly,False
S-b260e6e4,A-31d091,2023-12-28,,Pro,16,1612,19344,False,False,False,False,monthly,True
S-a294b7a3,A-67e8d1,2024-10-20,,Pro,139,598,7176,False,False,False,False,annual,True
S-905c1b5d,A-66ee96,2022-04-07,,Enterprise,187,2397,28764,False,False,False,False,annual,True
S-ef161a81,A-f5777d,2023-09-29,,Pro,6,4501,54012,False,False,False,False,monthly,True
S-d8898cd4,A-ba7802,2024-07-05,,Enterprise,139,2934,35208,False,False,False,False,annual,True
S-904d5948,A-3f9dfa,2024-01-07,2024-12-25,Pro,55,155,1860,False,False,True,True,monthly,True
S-31a80ec1,A-f89626,2024-01-21,,Enterprise,7,2817,33804,False,False,False,False,monthly,True
S-ad092358,A-f6b94c,2023-07-04,,Enterprise,182,1401,16812,False,False,False,False,annual,True
S-904ab0ba,A-b040a0,2023-05-20,,Pro,37,2472,29664,False,False,True,False,monthly,False
S-dbcf9742,A-2bcd7c,2022-12-16,,Enterprise,122,2567,30804,False,True,False,False,monthly,True
S-42cd7651,A-f7395b,2022-05-24,,Basic,67,1772,21264,False,False,False,False,monthly,False
S-75b49f1b,A-dfaa0d,2021-01-27,,Pro,132,927,11124,False,False,True,False,annual,True
S-0b27d466,A-45a1c6,2023-01-23,,Enterprise,16,1091,13092,False,False,False,False,monthly,True
S-27897ad4,A-0bcb7a,2023-09-18,,Basic,35,4649,55788,False,False,False,False,annual,True
S-bc50fc41,A-09489d,2023-12-24,,Enterprise,117,5425,65100,False,False,False,False,annual,False
S-d2033847,A-741acd,2021-09-21,2022-03-25,Basic,108,1224,14688,False,False,False,True,monthly,True
S-ef93e958,A-e3bd6e,2023-07-15,,Pro,166,4047,48564,False,False,False,False,monthly,True
S-bf25a40f,A-b853d2,2022-08-19,,Enterprise,90,1129,13548,False,False,False,False,annual,True
S-c1e6b767,A-7b3b51,2022-01-28,,Enterprise,82,1700,20400,False,False,False,False,annual,False
S-35b438b2,A-47ce41,2024-08-03,,Enterprise,124,3114,37368,False,False,False,False,monthly,True
S-8206d7f9,A-fd7c5d,2023-03-06,,Pro,172,1033,12396,False,False,False,False,monthly,True
S-39eabbed,A-b00145,2022-06-27,,Enterprise,158,2844,34128,False,False,True,False,monthly,True
S-dd7c8d61,A-51eed3,2024-08-16,,Pro,159,1519,18228,False,False,False,False,annual,True
S-63245550,A-3d5546,2021-10-16,,Basic,79,6771,81252,False,False,False,False,monthly,True
S-c4a65e51,A-993774,2021-06-04,,Pro,181,996,11952,False,False,False,False,monthly,True
S-b336c656,A-f4d2c5,2023-11-01,,Pro,101,5557,66684,False,False,False,False,monthly,True
S-9e5e5fdc,A-0249c4,2021-02-05,,Pro,83,923,11076,False,False,False,False,annual,True
S-e560de30,A-64ddde,2022-01-31,2023-10-12,Pro,15,1099,13188,False,True,False,True,annual,True
S-713eeebe,A-6cb2ce,2022-02-14,,Pro,112,321,3852,False,False,False,False,monthly,True
S-d0c53787,A-4c2fc6,2024-06-14,,Enterprise,64,1243,14916,False,True,False,False,annual,True
S-b89b7ba8,A-4064bb,2024-12-12,,Enterprise,126,1390,16680,False,False,False,False,monthly,True
S-eeb126ec,A-a1f6aa,2022-09-10,,Enterprise,52,2519,30228,False,False,False,False,annual,True
S-dab9e945,A-655235,2021-02-19,,Pro,86,3052,36624,False,False,False,False,monthly,True
S-44aabae4,A-0edc7e,2024-02-14,,Pro,135,1657,19884,False,False,False,False,monthly,False
S-3a9d6761,A-51eed3,2022-04-03,,Basic,34,3454,41448,False,False,False,False,monthly,True
S-bf168c67,A-ef6f7e,2023-04-05,,Pro,66,1255,15060,False,False,False,False,annual,True
S-a410997e,A-e5e60e,2022-06-20,,Basic,34,389,4668,False,False,False,False,annual,True
S-f0d6010d,A-9a8bb2,2021-08-24,,Enterprise,18,2332,27984,False,True,False,False,monthly,True
S-acebd16d,A-94b0ff,2024-09-07,,Enterprise,117,485,5820,True,False,False,False,annual,True
S-fd4792ae,A-c0260e,2022-12-27,,Pro,67,1472,17664,False,False,False,False,monthly,True
S-9c413043,A-efbe71,2023-05-10,,Pro,140,533,6396,False,True,False,False,monthly,True
S-2c3aabcf,A-51e832,2024-01-03,,Pro,90,2380,28560,False,False,False,False,monthly,False
S-4347a025,A-bc60c8,2021-09-19,,Enterprise,139,1039,12468,False,False,True,False,monthly,True
S-0c4779c6,A-04a246,2023-01-17,,Pro,28,3126,37512,False,False,False,False,monthly,True
S-8ab60691,A-83f776,2022-06-21,2024-05-11,Pro,168,2257,27084,True,False,False,True,monthly,True
S-046ff54b,A-48a544,2024-08-05,,Basic,21,616,7392,False,False,False,False,annual,True
S-9f41214f,A-2810a5,2022-10-04,,Enterprise,3,980,11760,False,True,False,False,annual,True
S-e5eff219,A-7e69c7,2023-06-26,,Basic,27,7045,84540,False,False,False,False,monthly,True
S-54b89acd,A-4ef13f,2024-05-17,2026-02-10,Basic,125,3622,43464,False,False,True,True,monthly,True
S-09df1f88,A-e1b1a4,2024-09-07,,Pro,138,3119,37428,False,True,False,False,annual,True
S-f2c9f294,A-0c36d9,2023-04-05,,Basic,84,4047,48564,False,False,False,False,annual,True
S-8eae1921,A-6cb2ce,2023-08-10,,Basic,33,3427,41124,False,False,False,False,annual,False
S-5b915892,A-a3efac,2023-12-11,2024-06-30,Pro,108,2278,27336,False,False,False,True,monthly,True
S-92d9314a,A-1b90d5,2023-01-18,,Pro,172,5685,68220,False,False,False,False,monthly,True
S-8f2eefef,A-dc726d,2021-01-15,,Enterprise,117,3617,43404,False,False,False,False,monthly,True
S-11fb1ed3,A-1f5600,2023-09-09,,Basic,186,2000,24000,False,False,True,False,monthly,True
S-36169313,A-c166a2,2022-01-26,2022-05-08,Enterprise,109,5299,63588,False,True,False,True,monthly,False
S-2cb4a422,A-1126a7,2024-04-23,,Basic,166,3340,40080,False,True,False,False,annual,True
S-6905960d,A-f89626,2024-11-28,2026-08-12,Enterprise,174,2629,31548,False,False,False,True,monthly,True
S-e3af9dbe,A-655235,2024-11-23,,Pro,40,1968,23616,False,False,False,False,annual,True
S-481a6373,A-2feda1,2022-05-02,,Basic,144,3843,46116,False,False,False,False,annual,True
S-67e5a84d,A-09bda1,2024-09-03,,Enterprise,90,5232,62784,False,True,False,False,annual,True
S-a51d4db0,A-bc1b91,2022-04-16,,Enterprise,90,222,2664,False,False,False,False,monthly,True
S-6415df24,A-2109a3,2022-06-22,,Enterprise,166,4705,56460,False,False,False,False,annual,True
S-25901bac,A-9f521d,2024-05-13,2025-05-06,Enterprise,54,4218,50616,True,False,False,True,annual,True
S-92554339,A-e21fc9,2024-04-13,,Enterprise,15,1430,17160,False,False,False,False,annual,False
S-dfc74b07,A-49256a,2022-09-02,2024-01-24,Pro,167,312,3744,True,False,False,True,annual,True
S-b78cea91,A-51eed3,2024-10-29,,Pro,71,976,11712,False,False,False,False,annual,False
S-6632a737,A-fd7c5d,2024-02-26,,Basic,132,3968,47616,False,False,False,False,monthly,True
S-3a881f6b,A-2e3f29,2022-07-08,,Pro,12,1473,17676,False,True,False,False,monthly,False
S-e2de138f,A-800523,2023-11-25,,Enterprise,127,720,8640,False,False,False,False,monthly,True
S-cd8fc37b,A-7b8bff,2024-09-17,2026-01-27,Pro,6,3842,46104,True,False,False,True,monthly,True
S-a8a4ae11,A-518980,2024-09-08,,Enterprise,169,1308,15696,False,True,False,False,monthly,False
S-5fa897ef,A-a2e460,2024-11-29,,Pro,163,3426,41112,False,True,False,False,annual,True
S-73dffb3a,A-a722ec,2024-05-13,,Enterprise,144,3639,43668,False,False,False,False,annual,True
S-5ec00e4e,A-a2e816,2024-12-12,,Pro,166,2014,24168,False,False,False,False,annual,True
S-6608ebaf,A-adedd2,2021-10-05,,Basic,101,682,8184,False,False,False,False,monthly,True
S-65ed9831,A-b94147,2023-05-21,2024-06-22,Basic,122,3940,47280,False,False,False,True,monthly,True
S-dd2d888e,A-2c3420,2023-09-20,,Enterprise,14,1359,16308,False,False,False,False,annual,True
S-bf43c7cb,A-1126a7,2024-01-04,,Enterprise,159,4911,58932,True,False,True,False,annual,True
S-c7a6cef4,A-a2a361,2023-05-06,,Pro,173,1023,12276,True,True,False,False,monthly,True
S-03267819,A-49256a,2021-04-04,,Pro,50,805,9660,True,False,False,False,monthly,False
S-39a1a64d,A-91c9c6,2023-07-25,,Pro,168,5350,64200,False,False,False,False,annual,True
S-20e4da75,A-503d27,2023-07-10,,Basic,89,1663,19956,False,False,False,False,annual,False
S-fbe9acab,A-121302,2024-01-13,,Basic,69,1699,20388,False,False,False,False,monthly,True
S-09da86fe,A-001d08,2022-09-27,,Pro,122,126,1512,False,True,True,False,annual,True
S-db66ed43,A-df55b3,2022-06-19,,Enterprise,74,1670,20040,False,False,False,False,annual,True
S-ed812c6a,A-8eb0b9,2024-07-07,,Pro,74,5481,65772,False,False,False,False,annual,True
S-edb40b9e,A-51e832,2023-02-01,2025-01-13,Basic,124,1962,23544,True,False,False,True,annual,True
S-85f1a740,A-d5aaf6,2021-05-15,,Pro,101,758,9096,False,True,False,False,monthly,False
S-e2c55a7d,A-3c413d,2023-01-16,,Enterprise,46,657,7884,False,False,False,False,annual,True
S-1bafc548,A-a91287,2024-08-19,,Basic,158,3890,46680,False,False,False,False,annual,True
S-2057c24d,A-1f44c7,2021-06-28,2021-08-02,Basic,114,3825,45900,False,False,False,True,annual,True
S-fa95b88b,A-00d9f1,2021-04-16,,Basic,160,185,2220,False,False,False,False,annual,True
S-0e33537c,A-a2a361,2023-06-18,2024-04-07,Pro,70,2310,27720,False,False,False,True,annual,True
S-fb7be990,A-559b49,2023-09-10,,Pro,133,3839,46068,False,False,False,False,annual,True
S-f32ff8ae,A-d98759,2024-07-18,,Basic,118,1327,15924,False,False,False,False,annual,True
S-2bcd0c33,A-85322a,2024-01-11,,Enterprise,159,95,1140,False,False,False,False,annual,False
S-ee5ab345,A-39e2df,2023-07-05,,Pro,83,1774,21288,False,True,False,False,annual,True
S-3b2b57f1,A-79589c,2022-10-15,,Enterprise,77,563,6756,True,False,False,False,monthly,True
S-2460cb0a,A-4cf7f7,2022-09-11,,Pro,114,381,4572,False,False,False,False,monthly,False
S-d974ec35,A-9a9689,2024-08-04,,Basic,24,457,5484,False,False,False,False,annual,False
S-498a2397,A-e6343a,2021-08-12,,Basic,79,1545,18540,False,False,False,False,annual,False
S-f36125e4,A-7b3b51,2022-11-03,,Enterprise,52,740,8880,False,False,False,False,monthly,False
S-392fb6b6,A-f2e197,2022-01-06,,Pro,27,1106,13272,False,False,False,False,monthly,True
S-64aa9305,A-246226,2022-03-02,,Enterprise,73,3921,47052,False,False,False,False,annual,True
S-0a3927d2,A-9d4ff6,2024-12-06,2025-08-03,Pro,9,3122,37464,False,False,True,True,annual,True
S-ab93f987,A-7f7de2,2024-07-16,,Pro,60,2811,33732,False,False,False,False,monthly,True
S-60ba4209,A-522b54,2021-01-05,,Enterprise,54,5755,69060,False,False,False,False,monthly,True
S-df06ecf6,A-9b151e,2024-07-31,,Pro,141,1994,23928,False,False,False,False,annual,True
S-19c6e8dd,A-377924,2021-07-13,,Enterprise,164,1864,22368,False,False,False,False,annual,False
S-aa4cdb27,A-715861,2023-08-31,,Basic,172,1238,14856,False,False,True,False,monthly,True
S-63d193b4,A-280f2a,2024-09-11,,Enterprise,37,830,9960,False,False,False,False,annual,True
S-780eb50f,A-949e9c,2021-11-11,,Basic,10,3348,40176,False,False,False,False,monthly,False
S-a1fa9c1c,A-efbe71,2022-05-01,2023-07-20,Pro,157,5623,67476,True,False,False,True,annual,False
S-89d6d088,A-66d8db,2021-10-04,,Pro,163,815,9780,False,False,False,False,monthly,True
S-8560a1c7,A-46d001,2023-02-06,,Enterprise,58,3397,40764,False,False,False,False,annual,True
S-d5625475,A-c166a2,2023-01-30,,Enterprise,135,2844,34128,False,False,False,False,annual,True
S-164d45d2,A-2e3f29,2023-06-18,,Pro,12,2592,31104,False,False,False,False,monthly,False
S-3cfb865f,A-f89626,2022-02-19,,Pro,118,295,3540,False,False,False,False,monthly,True
S-225050c1,A-31d091,2021-01-02,,Pro,95,1628,19536,True,False,False,False,monthly,True
S-3520afb2,A-f56c83,2024-10-23,,Pro,83,3486,41832,False,False,False,False,annual,True
S-72e0d5eb,A-d5aaf6,2024-08-15,,Enterprise,128,233,2796,False,False,False,False,annual,True
S-71c4d6a0,A-2e3f29,2021-12-13,,Enterprise,65,1606,19272,False,True,False,False,annual,True
S-4fbfa3b7,A-b32d86,2021-08-04,,Pro,26,3630,43560,False,False,False,False,monthly,True
S-a242f6bc,A-410148,2021-06-10,,Basic,24,1121,13452,False,False,False,False,monthly,True
S-74daea9c,A-2109a3,2021-11-12,,Pro,41,4566,54792,False,False,False,False,monthly,True
S-c255c36a,A-467260,2022-07-07,2022-12-18,Basic,74,4091,49092,False,False,False,True,monthly,True
S-2161c67b,A-dfaa0d,2021-11-16,,Enterprise,34,2065,24780,False,True,True,False,annual,True
S-09e22fe2,A-6e3d08,2023-07-06,,Pro,44,3019,36228,False,False,False,False,annual,True
S-5997f8c7,A-ef8d69,2021-05-06,,Enterprise,60,3200,38400,False,False,False,False,annual,False
S-b04c0f9c,A-1bf244,2021-08-27,,Pro,106,3,36,False,False,False,False,monthly,True
S-eae7d4f6,A-d78e97,2023-04-16,,Basic,138,2455,29460,False,False,False,False,monthly,True
S-e76923dc,A-2109a3,2024-04-02,,Pro,97,594,7128,True,False,False,False,monthly,True
S-5dbbdaa0,A-a48e9a,2023-08-11,2023-11-04,Basic,97,983,11796,True,False,False,True,annual,True
S-b582e611,A-3f9dfa,2022-11-16,,Basic,186,4402,52824,False,True,False,False,annual,False
S-802320e8,A-f6b94c,2022-02-10,,Enterprise,154,726,8712,False,False,False,False,annual,False
S-93540828,A-4b4931,2022-02-05,,Pro,47,1217,14604,False,True,False,False,annual,True
S-5bee5be3,A-fd7c5d,2023-06-05,,Pro,136,2619,31428,False,True,False,False,monthly,True
S-de9b73e8,A-87ec94,2023-10-22,,Pro,46,2975,35700,False,False,False,False,annual,True
S-aab5b8a1,A-52d296,2021-10-24,,Enterprise,75,4338,52056,False,False,True,False,annual,True
S-844723b6,A-40fc24,2021-07-16,,Enterprise,20,2406,28872,False,False,False,False,annual,True
S-2650f028,A-1b90d5,2021-11-14,,Basic,134,670,8040,False,False,False,False,annual,True
S-ba82d2b0,A-a0ed92,2024-11-29,,Pro,72,3421,41052,False,True,False,False,monthly,True
S-0ca4add9,A-4983af,2022-02-07,,Pro,51,1147,13764,False,False,False,False,monthly,False
S-e7085a4d,A-ed6bb8,2022-04-25,,Enterprise,115,2224,26688,False,False,False,False,monthly,True
S-bbbe0c22,A-c00b52,2024-06-02,2025-03-07,Pro,69,2185,26220,False,False,False,True,annual,True
S-6b295078,A-68948f,2024-12-03,,Basic,123,361,4332,False,True,False,False,annual,True
S-ed3e32b8,A-29b014,2021-01-12,,Enterprise,143,1410,16920,False,False,False,False,annual,True
S-aa93d343,A-186adc,2024-10-27,,Enterprise,185,660,7920,False,False,False,False,annual,True
S-77d05824,A-66ee96,2024-01-27,,Enterprise,93,262,3144,True,False,False,False,monthly,True
S-f1bc7fd8,A-961183,2021-10-13,,Enterprise,170,3927,47124,True,True,False,False,annual,True
S-b34078fe,A-9e6b3e,2023-01-26,,Pro,161,137,1644,False,True,False,False,monthly,False
S-e1e0983f,A-0d5e78,2023-01-24,,Pro,46,116,1392,False,False,False,False,annual,True
S-7276dfba,A-c48f44,2023-07-02,,Pro,146,1745,20940,False,False,False,False,monthly,True
S-c4df8c13,A-12a8c7,2022-09-11,,Enterprise,52,1672,20064,False,False,False,False,monthly,False
S-55bd8ede,A-bc0a07,2022-10-28,,Pro,82,3038,36456,False,False,False,False,monthly,False
S-e82ab55c,A-a4bc9c,2024-07-22,2025-04-03,Basic,16,1858,22296,False,False,False,True,monthly,False
S-05fd6f20,A-17fe97,2022-03-02,,Pro,69,128,1536,False,True,False,False,annual,True
S-c971a07c,A-3d5546,2023-04-23,,Basic,8,5122,61464,False,False,False,False,annual,True
S-39ad42e0,A-3c413d,2021-06-09,,Basic,189,4161,49932,False,False,False,False,annual,True
S-394d5bc6,A-275a5e,2024-01-30,,Enterprise,113,7113,85356,False,False,False,False,monthly,True
S-88e9a517,A-e1fa7f,2023-04-28,,Pro,189,2336,28032,True,False,False,False,annual,True
S-e3ca2d33,A-26efad,2021-03-17,,Pro,75,1637,19644,False,True,False,False,annual,True
S-f3025388,A-df92d4,2021-09-21,,Basic,151,1855,22260,False,True,False,False,annual,True
S-c3eaab4b,A-805f2e,2021-04-22,,Pro,186,60,720,True,True,False,False,monthly,True
S-5d2eed7f,A-388d16,2022-08-24,,Basic,154,2209,26508,False,False,False,False,monthly,True
S-1515ecdf,A-87d27b,2022-06-27,2022-10-10,Enterprise,118,2398,28776,True,False,False,True,monthly,True
S-7111b023,A-2bcd7c,2021-03-01,,Pro,94,1830,21960,False,False,False,False,annual,True
S-753db90e,A-ed72be,2023-05-01,2024-08-13,Basic,92,2179,26148,False,False,False,True,monthly,True
S-fff6ed43,A-2b8e44,2021-05-28,,Basic,185,3659,43908,False,False,True,False,annual,True
S-2da7c1bf,A-daa5e1,2022-12-03,,Enterprise,100,2220,26640,False,False,False,False,annual,True
S-8354e9be,A-51eed3,2024-12-23,,Enterprise,66,3343,40116,False,False,False,False,monthly,True
S-7ed69d15,A-5c19da,2023-03-16,,Basic,108,476,5712,False,True,False,False,monthly,True
S-5fa8f728,A-655235,2023-10-19,,Enterprise,179,1483,17796,True,False,False,False,annual,True
S-af47122b,A-6cb2ce,2021-01-15,,Enterprise,188,3142,37704,True,False,False,False,annual,False
S-a5222ca2,A-aeac12,2021-12-29,,Basic,9,4156,49872,False,False,False,False,annual,True
S-9dc1a5f1,A-7aee9c,2022-04-17,,Enterprise,10,2272,27264,True,True,False,False,annual,True
S-1b1393a7,A-d5aaf6,2024-06-09,,Basic,26,2683,32196,False,False,False,False,monthly,True
S-bd444844,A-bc1b91,2024-05-03,,Basic,30,1337,16044,False,False,False,False,monthly,False
S-fa333b60,A-66d8db,2021-08-15,,Enterprise,165,262,3144,False,False,False,False,annual,True
S-9ce0a239,A-d5aaf6,2021-06-07,,Enterprise,66,619,7428,False,False,False,False,monthly,True
S-5ccdb86c,A-3dc038,2024-12-20,,Basic,166,3765,45180,False,False,False,False,annual,True
S-eb26cd11,A-a63269,2024-05-04,,Basic,112,2500,30000,False,False,False,False,monthly,True
S-8a857d3c,A-d07cf7,2021-05-24,,Enterprise,179,3225,38700,False,True,False,False,annual,True
S-9b63500b,A-671cbf,2023-05-23,,Enterprise,159,4264,51168,False,False,False,False,annual,True
S-0fb568af,A-7cb77a,2021-01-24,,Enterprise,14,1779,21348,False,False,False,False,monthly,True
S-0e7c8daf,A-61408e,2024-11-23,,Basic,49,1745,20940,False,True,False,False,annual,True
S-c0d5cfa3,A-147497,2021-04-23,,Pro,22,496,5952,False,False,False,False,annual,True
S-d273ee9d,A-4cf7f7,2021-11-06,,Pro,84,810,9720,False,False,False,False,monthly,False
S-23a95c03,A-d3d2c6,2023-04-02,2025-03-30,Pro,151,1320,15840,False,True,True,True,monthly,False
S-ca19e375,A-90b550,2024-02-10,,Enterprise,62,630,7560,False,False,False,False,monthly,True
S-abdac989,A-891867,2023-09-05,,Basic,136,1013,12156,False,False,False,False,monthly,False
S-5b39a6e7,A-f56c83,2024-05-04,,Basic,12,2315,27780,False,False,False,False,annual,True
S-67bb5f6a,A-fb30f4,2021-01-18,,Enterprise,7,1806,21672,False,False,False,False,monthly,True
S-68b3dd30,A-71e1df,2021-04-20,,Pro,107,2303,27636,False,True,True,False,monthly,True
S-44ef726a,A-cb96b6,2023-11-01,,Enterprise,111,928,11136,False,False,True,False,monthly,True
S-12e10f51,A-66d8db,2022-08-13,,Enterprise,33,5952,71424,False,False,False,False,monthly,True
S-d48778bd,A-c8e48c,2024-12-02,,Pro,11,924,11088,False,True,False,False,monthly,True
S-ea8f176e,A-d78e97,2021-08-13,,Pro,80,1346,16152,False,False,False,False,annual,True
S-92336e24,A-2b89d4,2024-06-03,2024-11-17,Enterprise,72,2417,29004,False,False,True,True,annual,True
S-39e97436,A-396e8b,2023-09-07,,Basic,96,1319,15828,True,False,False,False,annual,True
S-b52ad4c3,A-6751ab,2022-01-21,,Basic,27,68,816,False,False,False,False,monthly,True
S-dfe629b4,A-a2e816,2021-09-28,,Basic,83,5086,61032,True,False,False,False,annual,True
S-54e4475b,A-8e171c,2022-02-10,,Pro,143,3764,45168,False,False,False,False,monthly,True
S-723e72c5,A-321421,2023-01-23,,Enterprise,84,2684,32208,False,False,False,False,annual,True
S-9b547cfb,A-1788ce,2023-10-09,,Pro,133,1205,14460,False,True,False,False,monthly,True
S-f17dfd20,A-daa5e1,2021-02-22,,Basic,23,1434,17208,False,True,False,False,annual,True
S-ca4881fa,A-51eed3,2021-01-12,,Pro,104,2794,33528,True,False,True,False,monthly,True
S-32ae8fc1,A-64ddde,2023-09-29,,Enterprise,91,862,10344,False,False,True,False,annual,True
S-75acea94,A-b36d98,2023-03-23,,Pro,58,1757,21084,False,False,False,False,annual,False
S-29657af4,A-275a5e,2023-03-28,,Enterprise,166,4422,53064,False,False,False,False,annual,True
S-0af24b7d,A-0d7286,2023-06-29,,Enterprise,166,3299,39588,False,False,False,False,monthly,True
S-148f1dea,A-ac7019,2022-01-04,,Enterprise,106,3003,36036,False,False,False,False,monthly,True
S-1e9b604d,A-9aab82,2023-12-23,,Enterprise,65,411,4932,False,False,False,False,monthly,False
S-5b68e2fa,A-0dd367,2024-10-01,,Enterprise,91,3435,41220,False,False,True,False,annual,True
S-6101e7d9,A-27341c,2022-04-23,,Enterprise,164,264,3168,False,False,False,False,annual,False
S-2ae6a508,A-c0260e,2024-10-03,,Enterprise,60,1357,16284,False,False,True,False,annual,False
S-e0047262,A-6751ab,2021-05-07,,Enterprise,120,816,9792,False,False,False,False,annual,True
S-e9f1b2d2,A-e1406a,2022-03-23,,Pro,182,2482,29784,False,True,False,False,annual,True
S-97386ba2,A-0562c3,2024-08-08,,Enterprise,52,3518,42216,False,False,False,False,annual,True
S-d11665b3,A-3ac391,2021-11-23,,Pro,110,1363,16356,False,False,False,False,monthly,False
S-6dc45f54,A-a2e460,2023-04-18,2023-06-07,Enterprise,82,737,8844,False,False,False,True,annual,True
S-79805a27,A-cb96b6,2022-09-28,,Basic,108,4633,55596,False,True,False,False,annual,True
S-07849d7d,A-e1fa7f,2022-11-07,,Basic,77,1662,19944,False,False,True,False,annual,True
S-3f804046,A-dc726d,2024-03-22,,Basic,135,1599,19188,False,True,False,False,monthly,False
S-380f8ba4,A-949e9c,2023-03-10,,Basic,76,2900,34800,False,False,True,False,monthly,True
S-5de50c3f,A-efbe71,2023-04-09,,Basic,47,2129,25548,False,False,False,False,monthly,True
S-5c503b21,A-9e6b3e,2024-09-19,,Pro,154,2326,27912,False,True,True,False,monthly,True
S-b24f080f,A-9a9689,2023-12-16,,Pro,109,2045,24540,False,True,True,False,annual,True
S-bf59b611,A-dabc1b,2024-07-29,,Pro,82,3131,37572,True,False,False,False,monthly,False
S-6b87cb08,A-449185,2022-05-31,,Basic,23,1301,15612,False,True,False,False,annual,True
S-452a9548,A-780b56,2022-09-16,,Pro,90,2049,24588,True,False,False,False,annual,True
S-532d8248,A-9d992c,2021-09-30,2022-05-22,Enterprise,92,825,9900,False,True,False,True,monthly,True
S-9e20ccb1,A-1788ce,2023-11-08,,Basic,9,471,5652,False,True,False,False,annual,True
S-acba129e,A-2b45e5,2024-07-28,,Enterprise,99,2534,30408,False,False,False,False,annual,True
S-ca14cfe3,A-9175e6,2022-03-21,,Pro,121,3034,36408,False,False,False,False,monthly,True
S-98e0fab5,A-08a972,2023-06-09,,Pro,158,2470,29640,False,False,True,False,annual,True
S-86b47670,A-4f020e,2024-11-15,,Enterprise,78,1182,14184,False,True,False,False,monthly,True
S-d8a5335f,A-68ffd0,2024-10-27,,Pro,122,486,5832,False,False,True,False,annual,False
S-4b56706f,A-9d992c,2023-03-12,2024-08-27,Enterprise,97,517,6204,False,False,True,True,annual,False
S-4ba75219,A-49535d,2024-04-19,,Basic,174,685,8220,False,False,False,False,annual,True
S-d161f071,A-626bb3,2024-05-14,,Enterprise,64,1161,13932,False,False,False,False,annual,True
S-623961ed,A-4182b6,2022-11-04,,Basic,58,2416,28992,False,False,False,False,annual,True
S-0d8f5187,A-ef6f7e,2021-08-23,,Enterprise,33,518,6216,False,False,False,False,monthly,True
S-d7126977,A-93381a,2024-08-13,,Basic,88,2788,33456,False,False,False,False,monthly,True
S-2361844b,A-299f66,2023-03-07,,Basic,67,1062,12744,True,False,False,False,monthly,False
S-5a4c9ab4,A-144089,2024-03-18,,Pro,93,3000,36000,False,False,False,False,annual,True
S-877a75b4,A-c1d6f0,2021-12-14,,Pro,9,4254,51048,False,False,False,False,monthly,True
S-e23f4b09,A-7e69c7,2023-10-30,,Pro,52,2718,32616,False,False,False,False,annual,False
S-48e907d4,A-321421,2021-05-20,,Pro,177,1728,20736,False,True,False,False,annual,True
S-ba5ad3c5,A-67e8d1,2022-05-07,,Pro,186,5,60,False,False,False,False,monthly,False
S-1e5882f6,A-964882,2022-12-25,,Pro,167,576,6912,False,False,False,False,annual,True
S-9b014ce3,A-d78e97,2024-11-12,,Enterprise,184,1840,22080,False,False,False,False,annual,False
S-b9bf2b2b,A-2b45e5,2022-07-29,2024-05-19,Pro,138,4459,53508,False,False,False,True,annual,True
S-87d2bd70,A-e9662a,2024-12-09,,Pro,159,141,1692,False,False,False,False,monthly,True
S-06d040a9,A-961183,2023-07-14,,Pro,169,4635,55620,False,True,False,False,monthly,True
S-233d6ea5,A-ca5e0e,2021-08-17,,Enterprise,117,226,2712,False,False,False,False,annual,True
S-5f32b0aa,A-4b4931,2023-04-13,,Pro,126,2780,33360,False,False,False,False,monthly,True
S-a6a4dd1a,A-715861,2023-12-17,,Basic,17,1295,15540,False,False,False,False,monthly,False
S-5ebef4d7,A-2c1987,2024-03-11,,Enterprise,184,3402,40824,False,True,False,False,monthly,True
S-57732ef7,A-ed6bb8,2024-06-18,,Pro,186,3273,39276,False,False,False,False,monthly,False
S-3bdd75be,A-77cb78,2021-12-19,,Basic,119,2873,34476,False,False,False,False,monthly,True
S-2f78365f,A-448821,2023-04-10,,Basic,142,2451,29412,False,True,False,False,monthly,True
S-1739e324,A-3ea8a3,2023-06-27,2024-04-26,Basic,157,324,3888,False,False,False,True,annual,True
S-64db7519,A-b543ff,2022-10-09,,Basic,129,1723,20676,True,False,False,False,monthly,True
S-b6c83947,A-8d201d,2021-05-24,,Pro,33,722,8664,False,False,False,False,annual,True
S-b4988164,A-b515e1,2021-05-15,,Pro,133,2492,29904,False,False,False,False,monthly,True
S-f5ed152e,A-4cf7f7,2024-03-04,,Basic,1,954,11448,False,True,False,False,monthly,True
S-c45a4f3c,A-390557,2024-09-28,,Enterprise,30,3071,36852,False,False,False,False,annual,False
S-240f7d48,A-ab9ba5,2022-10-03,,Pro,42,2600,31200,False,False,False,False,monthly,False
S-f57b6206,A-8b5194,2022-05-17,,Pro,189,3718,44616,False,False,False,False,monthly,True
S-0d70bbd2,A-825eb0,2021-07-25,,Pro,84,4638,55656,False,False,False,False,monthly,True
S-91d5962a,A-c6ab7a,2024-05-24,,Enterprise,115,1104,13248,False,False,False,False,monthly,True
S-1e125427,A-bf83ac,2023-01-09,,Pro,51,1489,17868,False,True,False,False,monthly,False
S-078b8ff5,A-7f7de2,2022-11-07,,Basic,50,1217,14604,False,False,False,False,monthly,True
S-04fafd05,A-388c96,2022-04-17,,Pro,77,284,3408,False,False,False,False,annual,True
S-792f472b,A-a481e9,2021-08-28,2022-11-14,Enterprise,50,2760,33120,False,False,False,True,annual,True
S-610fec3b,A-27341c,2024-03-02,,Pro,6,5288,63456,False,False,False,False,monthly,True
S-9d748444,A-4c2fc6,2024-06-02,,Basic,20,2565,30780,True,False,False,False,monthly,True
S-2ae41c99,A-bc0a07,2022-03-12,,Enterprise,155,2425,29100,False,False,False,False,annual,True
S-e88a9d9f,A-4182b6,2022-03-01,,Enterprise,31,411,4932,True,False,False,False,monthly,True
S-5cc896c7,A-964882,2024-04-27,,Enterprise,153,3079,36948,False,False,False,False,monthly,False
S-36f61259,A-ff97ce,2024-09-26,,Basic,95,4827,57924,False,False,False,False,annual,True
S-425d9598,A-7f7de2,2023-06-10,,Enterprise,132,2035,24420,True,False,False,False,annual,False
S-743f3083,A-2e2e55,2021-03-05,2022-03-04,Basic,179,884,10608,False,False,True,True,monthly,False
S-f8cc5902,A-f2e197,2022-02-15,,Enterprise,62,2981,35772,False,False,False,False,monthly,True
S-10af0712,A-b1f3cb,2021-07-29,,Pro,31,944,11328,False,False,False,False,annual,True
S-d501afaa,A-2e2e55,2024-09-04,,Enterprise,122,2509,30108,False,False,False,False,annual,False
S-6a6c225c,A-fdeda5,2024-06-26,,Basic,155,2542,30504,False,False,False,False,annual,True
S-36b459f1,A-b81b20,2023-05-03,,Pro,95,1704,20448,False,False,False,False,annual,True
S-00ed17fe,A-1b90d5,2021-02-21,,Pro,20,1102,13224,False,False,False,False,annual,True
S-ea3690f6,A-147497,2024-09-17,,Enterprise,75,1982,23784,False,False,False,False,annual,False
S-fbe236a8,A-993774,2024-09-03,,Basic,127,1656,19872,False,True,False,False,annual,True
S-f3b79d4b,A-4f71e8,2021-08-27,,Basic,8,349,4188,False,True,False,False,annual,False
S-8d5db6d2,A-ff97ce,2021-12-20,,Basic,144,4799,57588,False,False,False,False,annual,True
S-db178026,A-0edc7e,2024-01-10,2024-12-12,Basic,106,4104,49248,False,False,False,True,annual,True
S-dc12c8fc,A-388d16,2021-07-19,,Pro,188,1925,23100,False,False,True,False,annual,True
S-be4c2e21,A-f7395b,2024-07-31,,Basic,75,2113,25356,True,False,False,False,annual,True
S-8d43f6c0,A-b853d2,2024-03-06,2024-04-06,Pro,132,686,8232,False,False,False,True,annual,False
S-601f0d8f,A-377924,2023-03-31,,Pro,93,1031,12372,False,False,False,False,monthly,True
S-d14a0189,A-1f44c7,2023-10-30,,Basic,136,325,3900,False,True,False,False,monthly,True
S-2013f493,A-8d94af,2022-06-18,,Basic,174,8048,96576,False,False,False,False,annual,True
S-6fb3898e,A-87ec94,2024-01-11,,Basic,124,2533,30396,False,True,False,False,annual,False
S-34e733f7,A-703310,2021-04-03,,Enterprise,22,3952,47424,False,False,False,False,annual,True
S-b2c1b307,A-82c3e3,2024-03-06,,Pro,133,2293,27516,False,False,False,False,monthly,True
S-ae5747b9,A-0268ce,2024-02-03,2024-09-13,Pro,90,1984,23808,False,True,False,True,monthly,True
S-7ffb8011,A-5d149a,2021-05-28,,Enterprise,182,2383,28596,False,False,False,False,monthly,True
S-2af9bc84,A-cfdab5,2021-03-18,,Basic,169,313,3756,False,False,False,False,annual,True
S-f849f073,A-cf45d3,2022-01-29,,Enterprise,27,1843,22116,True,False,False,False,monthly,True
S-0b9e22f2,A-780b56,2022-10-14,,Enterprise,83,2014,24168,False,False,False,False,annual,True
S-7e506786,A-df92d4,2021-11-15,,Enterprise,178,4345,52140,False,False,False,False,monthly,True
S-79bfc7ab,A-780b56,2021-04-30,,Pro,151,1516,18192,False,False,False,False,annual,True
S-8463a07f,A-c4599d,2022-09-23,,Basic,41,1223,14676,False,False,False,False,annual,True
S-7c5e8651,A-63c268,2021-10-05,,Basic,100,1390,16680,False,False,False,False,monthly,True
S-cafcb439,A-66d8db,2021-06-30,,Pro,164,2379,28548,True,True,False,False,monthly,True
S-6134f7c2,A-4f4bc8,2024-11-26,2026-02-28,Enterprise,95,1228,14736,False,False,False,True,annual,True
S-a5dc7a48,A-c48f44,2022-03-30,,Enterprise,50,2943,35316,False,False,False,False,monthly,True
S-1e932753,A-e6e3cd,2023-03-17,,Enterprise,125,2966,35592,False,False,True,False,annual,False
S-fb5c4632,A-e20152,2023-11-16,,Basic,187,3904,46848,False,False,False,False,monthly,True
S-22f4e2bb,A-4ef13f,2021-01-16,,Basic,42,4392,52704,False,True,False,False,monthly,True
S-ddcd13bc,A-27cc2c,2022-11-10,,Basic,46,342,4104,True,False,False,False,monthly,True
S-ff8de0be,A-0143b8,2021-09-08,,Basic,90,2862,34344,False,False,False,False,monthly,True
S-542eeb95,A-4f4bc8,2021-06-22,,Basic,24,491,5892,False,False,False,False,annual,True
S-ae05e51b,A-0c8a26,2021-12-09,,Basic,36,1904,22848,True,True,False,False,monthly,True
S-2be02a45,A-0263d2,2023-12-11,,Pro,172,4525,54300,False,False,False,False,annual,True
S-d70276ee,A-7b3b51,2021-11-14,,Enterprise,99,762,9144,False,True,False,False,annual,True
S-7fe65836,A-205093,2021-10-26,2023-08-27,Pro,126,434,5208,False,True,False,True,annual,True
S-961efb1d,A-4acad6,2023-01-14,,Pro,59,2639,31668,True,True,False,False,annual,False
S-7b5d0d1c,A-0c9ef2,2022-03-26,2022-08-21,Basic,54,1259,15108,True,False,False,True,annual,True
S-b13af398,A-a2e460,2022-08-01,,Pro,174,667,8004,True,False,False,False,monthly,False
S-9332a0df,A-9e6b3e,2021-10-10,,Pro,123,343,4116,False,True,False,False,annual,True
S-f26920f2,A-c32b0a,2022-09-19,,Pro,157,1397,16764,False,False,False,False,annual,True
S-dbc7eabb,A-d5aaf6,2022-12-21,,Enterprise,112,4484,53808,False,False,True,False,annual,True
S-3442ced9,A-23c1ea,2023-07-07,,Basic,116,2564,30768,False,False,False,False,annual,True
S-438ffba8,A-fc24f9,2023-04-22,,Basic,11,433,5196,False,False,False,False,annual,True
S-23a6d183,A-3bb1ee,2022-10-06,2023-11-04,Basic,17,1376,16512,False,False,False,True,annual,False
S-387b0e6a,A-7231b2,2021-01-17,,Pro,33,1292,15504,False,False,False,False,annual,True
S-14bc4f47,A-4c64d5,2024-08-22,,Enterprise,78,3974,47688,False,True,False,False,annual,False
S-5b83815d,A-32812a,2023-06-03,,Pro,160,4335,52020,False,False,False,False,monthly,False
S-b22ce177,A-6e3d08,2023-04-27,,Pro,135,2860,34320,False,False,False,False,annual,True
S-64eb884e,A-00d9f1,2021-08-30,,Basic,117,2218,26616,False,False,False,False,monthly,True
S-dd28c34c,A-a98afd,2022-10-22,,Basic,47,3993,47916,False,True,False,False,monthly,True
S-9ffed394,A-54f16c,2022-09-12,,Basic,138,1148,13776,False,False,False,False,annual,True
S-ac8c9b37,A-bf83ac,2022-02-27,,Basic,128,2765,33180,False,True,False,False,annual,True
S-d259dfba,A-064dcf,2024-11-21,,Enterprise,18,148,1776,False,False,False,False,monthly,True
S-22dd66b9,A-f4fe1f,2022-09-21,,Basic,67,4717,56604,False,False,False,False,monthly,True
S-cf002b7e,A-f4fe1f,2022-04-19,,Enterprise,53,3084,37008,False,False,True,False,monthly,True
S-daa36cbe,A-16905a,2023-03-25,,Basic,135,1913,22956,True,True,False,False,annual,True
S-22d3577c,A-ab9ba5,2023-06-22,,Enterprise,115,1107,13284,False,False,False,False,annual,True
S-7987a175,A-5e8a5d,2022-08-21,,Pro,63,4700,56400,False,False,False,False,monthly,False
S-f74f11aa,A-bb6306,2023-12-01,,Basic,127,4715,56580,False,False,False,False,monthly,True
S-3f52c21e,A-2c850e,2022-07-22,,Basic,113,3181,38172,False,False,True,False,monthly,True
S-85b32f51,A-2b89d4,2021-05-05,,Enterprise,165,810,9720,True,False,False,False,monthly,True
S-1ac8e967,A-125cb3,2022-03-08,2022-04-27,Enterprise,68,3071,36852,False,False,False,True,monthly,True
S-4672ad8d,A-a771e3,2021-08-11,,Pro,161,2514,30168,False,False,False,False,annual,True
S-d195987b,A-3c413d,2023-01-22,,Enterprise,84,2948,35376,False,True,False,False,annual,True
S-ef95a38e,A-4f8805,2022-12-29,,Pro,167,1883,22596,False,False,False,False,annual,True
S-ae29e2e3,A-f7395b,2022-03-19,,Enterprise,40,3679,44148,True,True,False,False,annual,True
S-e2feace7,A-89fca7,2022-08-23,,Basic,11,4453,53436,False,False,False,False,monthly,True
S-5d35974a,A-fdeda5,2024-11-07,,Enterprise,160,1642,19704,False,False,False,False,monthly,True
S-92e03b98,A-fd7c5d,2021-04-23,,Enterprise,31,3969,47628,False,False,False,False,monthly,False
S-3e59a262,A-661aa8,2022-02-04,,Enterprise,187,4723,56676,False,False,False,False,monthly,False
S-bdfdf724,A-ba7ab9,2021-08-21,,Enterprise,86,3062,36744,False,False,False,False,monthly,True
S-21bec5e6,A-674f3d,2022-03-22,,Basic,7,765,9180,False,False,False,False,annual,True
S-59039c13,A-b56ab1,2024-03-12,,Pro,9,1317,15804,False,False,False,False,annual,True
S-1195ecaa,A-186adc,2022-01-17,2023-02-22,Enterprise,81,5376,64512,False,False,False,True,annual,True
S-7313f6b5,A-4f4bc8,2024-03-26,,Basic,134,5163,61956,False,False,False,False,monthly,True
S-b6fe2e71,A-390557,2022-03-10,,Enterprise,12,2202,26424,False,False,False,False,annual,True
S-58ab341e,A-eca077,2023-07-22,,Basic,37,2418,29016,False,False,False,False,annual,True
S-1f7bdee6,A-d16ef7,2022-11-12,,Pro,76,677,8124,False,False,True,False,monthly,True
S-73954ed2,A-dfaa0d,2023-03-14,,Pro,165,813,9756,False,False,False,False,annual,True
S-d1a444d4,A-c166a2,2023-10-27,,Pro,53,1102,13224,True,False,False,False,annual,True
S-9d1187d7,A-bd844f,2022-03-02,,Enterprise,43,1909,22908,False,False,False,False,monthly,True
S-b236b138,A-f26363,2023-12-10,,Pro,68,927,11124,False,False,False,False,annual,True
S-8b73bf07,A-2f36c1,2021-03-12,,Enterprise,183,2804,33648,False,True,False,False,monthly,True
S-d88ebbb7,A-e1fa7f,2024-07-16,,Pro,151,671,8052,False,True,False,False,annual,False
S-0fe8af94,A-4b4931,2024-10-04,,Enterprise,99,2278,27336,False,False,True,False,monthly,True
S-548afd25,A-2c850e,2023-02-18,2023-08-19,Enterprise,167,5467,65604,False,False,False,True,monthly,True
S-1de94745,A-0edc7e,2021-04-02,,Basic,51,1228,14736,False,False,False,False,monthly,True
S-912fb83e,A-6cb2ce,2023-07-28,,Enterprise,106,2257,27084,False,False,False,False,monthly,True
S-e42170c3,A-0dd367,2022-01-18,,Enterprise,102,2053,24636,False,False,False,False,monthly,False
S-de191bce,A-09489d,2021-01-20,,Basic,23,2238,26856,True,False,False,False,monthly,True
S-9e389a1f,A-6df3cb,2023-03-16,,Pro,48,1775,21300,False,False,True,False,monthly,True
S-fc323848,A-17fe97,2023-10-04,,Enterprise,44,3254,39048,False,True,False,False,monthly,True
S-138d1ef8,A-0c8a26,2024-05-07,,Pro,38,3092,37104,False,False,False,False,annual,True
S-e6159b63,A-e20152,2024-01-24,,Pro,123,473,5676,False,False,False,False,annual,True
S-263c247a,A-3e6efe,2023-09-20,,Enterprise,67,1483,17796,False,False,False,False,monthly,False
S-e5cf89a9,A-9ccef5,2023-12-02,,Basic,128,3375,40500,False,False,False,False,monthly,True
S-9fd36e06,A-3ac391,2023-11-19,,Enterprise,50,651,7812,False,False,False,False,monthly,True
S-adb83d7f,A-89fca7,2024-07-23,,Basic,98,3112,37344,False,True,False,False,monthly,True
S-2f54b61c,A-df55b3,2023-01-27,,Enterprise,14,506,6072,True,True,False,False,monthly,False
S-5646e694,A-b00145,2021-01-28,,Pro,72,1057,12684,False,True,False,False,monthly,True
S-e1ec5e01,A-0249c4,2022-03-31,,Basic,68,466,5592,False,True,False,False,monthly,True
S-ef7c6482,A-9c8b42,2021-12-28,,Basic,37,149,1788,False,False,False,False,annual,True
S-2680a47c,A-49256a,2024-03-14,,Pro,128,1009,12108,False,False,False,False,monthly,True
S-9d1d4667,A-001d08,2022-05-20,,Enterprise,55,1564,18768,False,False,False,False,annual,True
S-9618547d,A-46f183,2023-11-21,2025-09-12,Pro,89,1624,19488,False,True,False,True,monthly,True
S-183066ec,A-2b45e5,2021-06-04,,Pro,8,5185,62220,False,False,True,False,annual,True
S-4f725719,A-040921,2022-03-02,,Enterprise,46,2513,30156,False,False,False,False,monthly,True
S-7387854d,A-0c36d9,2021-09-18,,Basic,126,1115,13380,False,True,False,False,annual,True
S-a2ee833c,A-518980,2022-01-03,,Pro,27,3077,36924,False,False,False,False,monthly,True
S-44e6335b,A-a2e460,2021-07-17,,Enterprise,48,2767,33204,False,False,False,False,monthly,True
S-0ba9a962,A-274168,2024-12-14,,Enterprise,180,1130,13560,False,False,False,False,annual,True
S-4f57e789,A-87ec94,2021-12-22,,Basic,28,1309,15708,False,False,False,False,monthly,True
S-35535b00,A-09bda1,2022-11-30,,Enterprise,39,4312,51744,False,False,False,False,annual,False
S-0d9acb6f,A-d8771a,2023-09-08,2025-09-03,Enterprise,35,2634,31608,False,False,False,True,annual,True
S-ac0b8378,A-16905a,2024-04-08,,Pro,68,2422,29064,False,False,False,False,monthly,True
S-cd54bcbb,A-4aaf62,2023-04-22,,Enterprise,131,529,6348,False,False,True,False,monthly,True
S-03a6db1b,A-10fde3,2023-05-12,,Basic,91,3139,37668,False,False,False,False,annual,False
S-ce2cea2a,A-89fca7,2024-05-07,,Basic,16,3080,36960,False,True,False,False,monthly,False
S-4dc7d8f7,A-e1b1a4,2024-03-17,,Pro,89,129,1548,False,False,False,False,annual,True
S-a99a7b17,A-ab9ba5,2022-07-05,,Basic,156,72,864,False,False,False,False,annual,True
S-0ac8beac,A-f4c25c,2023-08-17,,Pro,182,2394,28728,False,True,False,False,annual,False
S-83e29c86,A-df92d4,2024-10-24,,Pro,152,2841,34092,False,True,False,False,monthly,True
S-fb0a2a57,A-f2e197,2024-10-29,,Basic,60,1823,21876,False,False,False,False,monthly,True
S-994619fc,A-29838a,2024-09-17,,Pro,144,4019,48228,False,False,False,False,annual,True
S-1eb6afde,A-01c648,2021-07-27,2022-07-13,Enterprise,189,1020,12240,False,True,False,True,monthly,True
S-9534785f,A-064dcf,2022-02-18,,Pro,179,466,5592,False,True,False,False,monthly,True
S-0ce74e11,A-23c1ea,2021-05-13,,Enterprise,59,3814,45768,False,True,False,False,monthly,True
S-02fce87b,A-293305,2021-06-24,,Basic,63,4494,53928,False,False,False,False,monthly,True
S-beb0f8ff,A-7b8bff,2022-09-12,,Enterprise,106,602,7224,False,False,False,False,annual,True
S-295da984,A-0268ce,2023-03-27,,Enterprise,186,4923,59076,False,False,False,False,monthly,True
S-f7cccd5a,A-f56c83,2023-11-16,,Enterprise,118,5231,62772,False,False,False,False,annual,True
S-dfcc9a4a,A-4c64d5,2021-07-24,,Pro,110,885,10620,False,False,False,False,monthly,True
S-9a6f0b6f,A-6cb2ce,2021-08-07,,Basic,64,146,1752,False,False,False,False,monthly,False
S-6a55477a,A-3cccbc,2023-06-08,,Enterprise,99,2339,28068,True,True,False,False,annual,True
S-55756621,A-2e2e55,2022-05-09,,Basic,6,3987,47844,False,False,False,False,annual,True
S-ef4cbf38,A-4f020e,2023-08-20,2025-02-10,Enterprise,156,1370,16440,False,False,False,True,monthly,False
S-9964474e,A-e85f12,2021-12-23,,Basic,136,27,324,False,False,False,False,annual,True
S-82e54008,A-d8fe58,2023-03-06,,Enterprise,115,3068,36816,False,False,False,False,annual,True
S-125702b3,A-064dcf,2021-12-14,,Enterprise,158,3609,43308,False,True,False,False,annual,True
S-9c326723,A-147497,2024-07-19,,Basic,177,1824,21888,False,False,True,False,annual,True
S-668eb6fb,A-2be2ac,2021-08-28,,Pro,164,2216,26592,False,False,False,False,annual,False
S-c08b224e,A-275a5e,2022-10-31,,Pro,29,1773,21276,False,False,False,False,annual,False
S-ec527bae,A-09489d,2022-07-11,2024-04-18,Enterprise,120,5426,65112,False,False,False,True,monthly,True
S-1122891e,A-2bcd7c,2023-05-07,,Basic,67,397,4764,False,False,False,False,monthly,True
S-937ab4f2,A-ff97ce,2023-03-15,,Basic,188,244,2928,True,False,False,False,monthly,True
S-ef56ae84,A-bb8a0a,2023-12-07,,Enterprise,159,2922,35064,False,False,False,False,monthly,False
S-15afb840,A-7b6eee,2022-09-25,,Enterprise,138,2822,33864,False,False,False,False,annual,True
S-ee641c1c,A-b913b0,2024-05-27,,Enterprise,93,2291,27492,False,False,False,False,annual,True
S-4e53162a,A-c48f44,2021-10-18,,Basic,179,176,2112,False,False,False,False,monthly,True
S-3445d719,A-f6b94c,2023-04-10,,Pro,30,1280,15360,False,False,False,False,annual,False
S-3ccef020,A-396e8b,2022-12-03,,Enterprise,89,2012,24144,False,False,False,False,monthly,False
S-97e9bb31,A-805f2e,2023-05-21,,Pro,169,383,4596,False,False,False,False,monthly,True
S-41fa015e,A-70da28,2021-05-06,,Enterprise,119,1781,21372,False,False,False,False,monthly,True
S-7503868b,A-cc4e00,2021-09-06,,Basic,77,2962,35544,False,True,False,False,annual,True
S-7175e990,A-fa82d4,2022-06-24,,Basic,92,5265,63180,False,False,False,False,monthly,True
S-9fdfffb7,A-2be2ac,2023-04-03,,Basic,141,806,9672,False,False,False,False,annual,True
S-eff16333,A-3e6efe,2023-01-28,,Basic,178,2995,35940,False,False,False,False,monthly,True
S-915acd47,A-59d242,2022-02-16,,Pro,60,3680,44160,True,False,False,False,annual,False
S-625e8730,A-79589c,2024-03-14,,Basic,83,1088,13056,True,False,False,False,monthly,True
S-43cc3b8f,A-8563a7,2024-09-04,,Enterprise,73,3614,43368,True,True,False,False,annual,True
S-30ca53f1,A-dd2024,2023-04-16,,Pro,11,1606,19272,False,False,True,False,monthly,True
S-1b294b18,A-4fc69b,2021-11-10,,Pro,82,3536,42432,True,False,False,False,annual,True
S-b01df590,A-71e1df,2024-04-13,,Pro,17,3837,46044,False,True,False,False,annual,False
S-e4a8852f,A-cb96b6,2023-07-02,,Enterprise,83,539,6468,False,False,False,False,annual,True
S-fbfdca2c,A-c402fb,2022-06-02,,Pro,127,761,9132,False,False,False,False,annual,True
S-e4eb808d,A-51e832,2024-01-20,,Pro,54,3156,37872,False,False,False,False,annual,True
S-43a9b1b1,A-99995c,2024-01-20,,Enterprise,187,3335,40020,False,False,False,False,annual,True
S-d101005f,A-76a68f,2024-12-31,,Pro,76,2184,26208,True,True,False,False,monthly,True
S-0801c7a0,A-ba0f8c,2024-09-17,,Basic,170,2565,30780,False,False,False,False,monthly,True
S-37d18dd7,A-e2d27a,2024-08-01,,Basic,31,2256,27072,False,False,False,False,monthly,True
S-7f7455e9,A-47ce41,2022-02-03,,Pro,176,7894,94728,False,False,False,False,monthly,True
S-1a55f8a9,A-aeac12,2024-12-11,,Enterprise,39,2754,33048,False,True,False,False,monthly,True
S-2d16a79d,A-99995c,2023-02-24,,Basic,112,1560,18720,False,False,False,False,monthly,True
S-a4313969,A-299f66,2023-02-10,,Basic,22,553,6636,False,False,False,False,annual,False
S-f884f75c,A-66ee96,2021-05-05,,Basic,61,363,4356,False,False,False,False,annual,False
S-b666527b,A-410148,2024-10-24,,Pro,172,4699,56388,False,False,False,False,annual,True
S-8e69e372,A-4ef13f,2023-01-03,,Pro,169,2106,25272,True,True,False,False,annual,True
S-e4cb4e0d,A-a721c1,2022-08-21,,Pro,64,902,10824,False,False,False,False,monthly,True
S-419d4a07,A-45a1c6,2021-02-04,,Pro,129,2346,28152,False,False,False,False,annual,True
S-86152cc2,A-a98afd,2023-08-31,,Pro,156,997,11964,True,False,False,False,annual,True
S-fc0a7d54,A-76a68f,2023-01-18,,Pro,134,1021,12252,False,False,False,False,monthly,True
S-df0c05fd,A-121302,2024-08-02,,Pro,184,2560,30720,False,False,False,False,annual,True
S-cd3e8a6e,A-a3efac,2023-02-26,,Pro,56,1457,17484,False,False,False,False,monthly,False
S-5b2a186b,A-a771e3,2024-11-18,,Enterprise,181,323,3876,False,False,False,False,monthly,True
S-d1b35fdf,A-1b90d5,2022-11-10,,Basic,19,3400,40800,True,False,False,False,monthly,True
S-c1c36dc3,A-ce9869,2024-11-19,,Basic,79,842,10104,False,False,False,False,annual,True
S-a44443c4,A-410148,2022-07-10,2022-11-24,Basic,187,452,5424,False,False,False,True,annual,True
S-56a4059b,A-b4365e,2022-01-22,,Basic,117,3387,40644,False,False,False,False,annual,True
S-19b7ab2e,A-2ca16b,2024-07-08,,Basic,62,4526,54312,False,True,False,False,annual,True
S-36087af6,A-d16ef7,2024-11-16,,Enterprise,34,1781,21372,False,True,False,False,monthly,False
S-070fa342,A-9d992c,2024-05-08,,Basic,88,718,8616,False,False,False,False,annual,False
S-9a0b9b5c,A-3a19f8,2021-08-23,,Enterprise,127,2134,25608,False,False,False,False,monthly,True
S-9858c015,A-800523,2022-03-10,,Pro,47,2595,31140,False,True,False,False,annual,True
S-c525cd2f,A-79589c,2023-12-27,,Basic,74,3793,45516,False,True,False,False,annual,True
S-da93d923,A-f56c83,2024-03-27,,Pro,144,5480,65760,False,False,False,False,annual,True
S-bbd3bcea,A-9201a1,2022-12-19,,Enterprise,186,6116,73392,False,False,False,False,annual,True
S-1773c75d,A-57e924,2022-09-15,,Pro,77,3748,44976,False,False,False,False,monthly,True
S-8018bf93,A-4fc69b,2022-02-06,,Basic,45,2267,27204,False,False,False,False,monthly,True
S-4a4baa87,A-77cb78,2024-01-18,,Pro,128,1914,22968,False,False,False,False,annual,True
S-d0e75ed3,A-7aee9c,2023-10-15,,Enterprise,94,2900,34800,False,True,False,False,monthly,True
S-bb881f71,A-b36d98,2024-04-05,,Pro,87,2025,24300,True,False,False,False,annual,True
S-1afb516e,A-31d091,2021-10-09,,Enterprise,1,3027,36324,False,True,False,False,annual,False
S-b16aab1f,A-7e8d26,2023-10-21,,Enterprise,187,452,5424,False,False,False,False,monthly,True
S-23333aa3,A-d3803e,2021-01-14,,Enterprise,47,1119,13428,False,True,False,False,monthly,True
S-83466ef3,A-4aaf62,2023-08-10,,Basic,162,1084,13008,False,True,False,False,monthly,True
S-9d8482f3,A-e71149,2021-12-24,,Pro,4,2330,27960,False,False,False,False,annual,True
S-476a871e,A-961a05,2023-02-22,,Enterprise,35,1282,15384,False,False,False,False,monthly,True
S-45fe455b,A-85a324,2022-08-25,,Pro,24,1700,20400,False,True,False,False,annual,False
S-fc7cf136,A-9b151e,2022-07-19,,Basic,144,5512,66144,False,False,False,False,monthly,True
S-e2f36b0e,A-2c850e,2024-07-18,,Enterprise,76,2304,27648,False,False,False,False,monthly,True
S-6e812a48,A-f56c83,2021-05-17,,Pro,58,4098,49176,False,False,False,False,annual,True
S-b391aa3f,A-377924,2022-11-27,,Pro,83,61,732,True,False,False,False,monthly,True
S-80cd7761,A-ac7019,2024-01-28,2026-01-10,Basic,148,1368,16416,False,False,False,True,monthly,True
S-77af4ccf,A-46fc8d,2024-05-28,,Enterprise,139,2873,34476,False,True,False,False,annual,True
S-ea9f2d58,A-76eede,2021-01-06,,Pro,83,5399,64788,False,False,False,False,annual,True
S-d74177a7,A-0562c3,2023-07-16,,Enterprise,181,2623,31476,False,False,False,False,annual,True
S-e0df0c60,A-7b6eee,2024-10-09,,Basic,154,1848,22176,False,True,True,False,monthly,True
S-8ee363b4,A-cdee75,2021-02-04,,Enterprise,132,4727,56724,False,False,False,False,monthly,True
S-7b4069b9,A-309d6a,2024-03-13,2025-08-01,Enterprise,114,142,1704,False,False,False,True,monthly,True
S-91d1bb92,A-6e303f,2022-11-17,,Enterprise,118,2410,28920,False,False,False,False,annual,True
S-9670fc2b,A-e979f8,2023-06-26,,Enterprise,98,2389,28668,False,True,False,False,annual,True
S-148145bd,A-bd844f,2024-10-05,,Basic,26,1801,21612,False,False,False,False,monthly,True
S-74d1ff71,A-4f498a,2023-02-17,,Basic,93,3224,38688,False,False,False,False,annual,True
S-1df869fb,A-9f9cca,2021-05-07,,Enterprise,35,1021,12252,False,False,False,False,monthly,True
S-681fb5be,A-9e6b3e,2024-02-28,,Enterprise,65,263,3156,False,False,True,False,monthly,True
S-502df9d6,A-17fe97,2021-12-31,,Pro,58,2187,26244,False,True,False,False,annual,False
S-ac545434,A-bda37c,2022-06-15,,Pro,182,2186,26232,False,False,False,False,annual,True
S-06fc1d3b,A-e71149,2022-02-25,,Basic,89,991,11892,False,False,False,False,monthly,True
S-f954e341,A-314379,2024-03-07,,Enterprise,185,199,2388,False,False,False,False,annual,True
S-f2fa6f10,A-0c9ef2,2023-08-28,,Pro,144,1581,18972,False,False,False,False,monthly,False
S-225355ca,A-c4599d,2024-10-26,2025-07-19,Enterprise,122,1346,16152,False,False,False,True,annual,True
S-1eab50e6,A-04b853,2021-07-12,,Enterprise,114,2372,28464,True,False,False,False,monthly,True
S-b8b54e10,A-321421,2023-09-30,,Basic,155,2642,31704,False,False,False,False,monthly,True
S-d5c87c5b,A-3633b2,2024-06-16,,Basic,173,3574,42888,False,True,True,False,monthly,True
S-f929d198,A-38094a,2021-10-18,,Pro,79,424,5088,False,False,False,False,annual,True
S-998c42e4,A-805f2e,2022-10-14,,Pro,144,1109,13308,True,False,False,False,monthly,True
S-bbb3bbbd,A-964882,2021-03-12,,Enterprise,37,2179,26148,False,False,False,False,annual,True
S-e275c0c5,A-eca077,2024-12-11,,Pro,35,545,6540,False,True,True,False,annual,True
S-063660fd,A-0e6fb8,2024-08-31,,Basic,161,411,4932,False,False,False,False,annual,True
S-249e622c,A-c32b0a,2022-06-12,2022-09-10,Pro,147,3574,42888,False,False,False,True,monthly,True
S-3ad5316d,A-f56c83,2022-04-02,,Pro,134,494,5928,False,False,False,False,monthly,True
S-dc790808,A-24f862,2021-06-17,,Basic,177,1468,17616,False,False,False,False,annual,True
S-d6eacacc,A-e1a8ea,2021-12-26,2023-02-23,Enterprise,116,2903,34836,True,True,False,True,annual,True
S-1b170b44,A-fbe044,2021-08-05,,Basic,169,1777,21324,False,False,False,False,monthly,True
S-6da2964f,A-46f183,2022-03-13,,Pro,148,3976,47712,False,False,False,False,monthly,True
S-6b125226,A-949e9c,2021-03-31,,Enterprise,156,3076,36912,False,False,False,False,monthly,False
S-21b00788,A-d5aaf6,2024-04-02,,Basic,34,2786,33432,False,True,False,False,monthly,True
S-30a0521a,A-246226,2024-04-14,,Enterprise,185,1940,23280,False,False,False,False,annual,True
S-a806fafe,A-e1fa7f,2023-08-13,,Pro,15,3431,41172,False,False,False,False,monthly,False
S-3b0fc641,A-388d16,2024-10-22,,Enterprise,66,2960,35520,False,False,False,False,monthly,True
S-cc6970ee,A-82c3e3,2022-08-04,,Enterprise,108,413,4956,False,False,False,False,monthly,True
S-d01cbf27,A-48a544,2022-08-22,,Pro,131,2518,30216,False,False,False,False,annual,True
S-838ff62c,A-9f9cca,2022-10-14,,Pro,144,2817,33804,False,False,False,False,monthly,False
S-5e6d54d6,A-961183,2023-09-02,,Enterprise,153,1805,21660,True,False,False,False,annual,True
S-3e29664a,A-e3bd6e,2023-10-20,,Pro,57,2690,32280,False,False,False,False,annual,False
S-b14b57e5,A-4fc1cc,2023-06-23,,Enterprise,42,3369,40428,False,True,False,False,annual,True
S-b39d337a,A-388c96,2021-01-04,,Enterprise,135,1988,23856,False,False,True,False,annual,True
S-43a90a1b,A-d8771a,2021-10-09,,Enterprise,38,5495,65940,True,False,True,False,annual,True
S-32ef0c6a,A-85a76f,2022-03-20,,Enterprise,173,1438,17256,True,False,False,False,annual,True
S-9b4a37ca,A-961183,2024-05-22,,Pro,117,712,8544,False,False,False,False,monthly,False
S-358e3e5c,A-2ca16b,2023-12-24,,Enterprise,49,781,9372,False,False,False,False,monthly,False
S-a3068e69,A-0249c4,2022-01-03,,Enterprise,136,2995,35940,False,False,False,False,monthly,True
S-76cfe3dc,A-1aa01f,2021-07-24,,Basic,134,1635,19620,False,False,False,False,monthly,True
S-df1c7d1e,A-5a8f35,2024-12-25,,Basic,155,1907,22884,False,True,False,False,annual,False
S-c7fd9d5a,A-8eb0b9,2024-12-26,,Basic,35,1311,15732,False,True,False,False,annual,True
S-2aff9393,A-643967,2024-04-19,,Pro,80,3236,38832,False,False,False,False,annual,True
S-e55c6fdf,A-8efb70,2024-05-05,,Basic,4,1018,12216,False,False,False,False,annual,True
S-7c44ed6e,A-390557,2022-03-18,,Basic,161,3854,46248,False,False,True,False,annual,True
S-cf0f56e8,A-efbe71,2024-08-14,2025-12-27,Basic,29,4496,53952,False,False,False,True,monthly,True
S-df278145,A-ece32d,2024-09-08,,Pro,44,2606,31272,False,False,False,False,monthly,True
S-85b3e67e,A-cddcac,2021-02-28,,Enterprise,35,24,288,True,False,False,False,annual,True
S-04f04ad1,A-a91287,2024-01-11,,Pro,13,216,2592,False,False,False,False,annual,True
S-f2f87ced,A-6f29f7,2024-09-11,,Basic,42,3014,36168,False,False,False,False,annual,True
S-df31cd21,A-a91287,2021-03-18,,Basic,92,288,3456,False,False,False,False,annual,True
S-f312f2ca,A-cf45d3,2024-03-04,,Enterprise,148,913,10956,False,False,False,False,annual,False
S-6afc13a7,A-ab9ba5,2021-08-07,,Enterprise,6,3658,43896,False,False,False,False,annual,True
S-604a5e3c,A-0c36d9,2021-09-16,,Pro,36,2519,30228,False,False,True,False,annual,False
S-4109260e,A-27e0e9,2021-02-09,,Basic,121,3915,46980,False,False,False,False,monthly,False
S-c30a3dd8,A-4ef13f,2024-08-09,,Enterprise,116,307,3684,False,False,True,False,annual,True
S-c83c6f8c,A-7f7de2,2022-07-06,,Enterprise,59,1527,18324,False,False,False,False,monthly,True
S-a03f9c80,A-3633b2,2021-06-09,,Pro,105,2528,30336,False,False,False,False,monthly,True
S-6776c646,A-a54ab8,2021-08-20,2023-05-22,Pro,53,165,1980,False,False,True,True,monthly,True
S-a0214276,A-8f00d8,2022-04-22,,Basic,10,1598,19176,False,False,False,False,annual,True
S-ceb2aeb1,A-a771e3,2021-12-24,,Pro,41,5194,62328,False,False,False,False,monthly,True
S-1b94408a,A-68ffd0,2024-12-12,,Basic,97,7038,84456,False,True,False,False,monthly,True
S-3f142ebe,A-147497,2022-12-26,,Pro,87,2570,30840,False,False,False,False,monthly,False
S-125f84cf,A-6e303f,2021-11-21,,Enterprise,113,1823,21876,False,False,False,False,monthly,True
S-ae291e9d,A-7e69c7,2023-02-26,,Enterprise,124,3300,39600,False,False,False,False,monthly,True
S-347e32ca,A-76eede,2022-07-23,,Basic,86,3311,39732,False,False,False,False,monthly,True
S-b128cb3d,A-518980,2024-11-18,2026-08-21,Pro,94,2277,27324,False,False,True,True,monthly,True
S-1ac12a42,A-e2d27a,2023-09-15,2025-08-15,Pro,102,628,7536,True,False,False,True,monthly,True
S-e96c67c5,A-b1f3cb,2023-11-14,,Pro,110,3087,37044,True,False,False,False,annual,True
S-1f4f361b,A-36181a,2024-03-05,,Pro,24,1333,15996,True,False,False,False,monthly,True
S-27f2b45d,A-800523,2022-07-28,,Pro,174,1974,23688,False,False,False,False,annual,True
S-122b8d29,A-bb6306,2021-05-05,,Basic,141,2796,33552,True,False,False,False,annual,True
S-2c74cbab,A-d3d2c6,2023-01-27,,Pro,58,4580,54960,False,False,False,False,annual,True
S-9a40d328,A-46fc8d,2024-06-09,,Basic,183,1773,21276,False,True,False,False,annual,False
S-25397c19,A-655235,2024-07-18,,Pro,78,4902,58824,False,False,False,False,annual,True
S-d92c3ae7,A-68ffd0,2023-11-21,,Pro,173,1698,20376,False,True,False,False,monthly,False
S-32b3d731,A-d98759,2023-12-07,,Enterprise,47,4759,57108,False,False,False,False,monthly,True
S-ac319eb9,A-93381a,2023-12-22,2025-03-09,Enterprise,113,793,9516,False,False,False,True,monthly,True
S-5b93493c,A-579d6a,2021-08-10,,Enterprise,174,4344,52128,False,True,False,False,annual,True
S-9aed06eb,A-31dcb8,2024-08-15,,Enterprise,158,1305,15660,False,False,False,False,monthly,True
S-5059e8ef,A-8563a7,2021-08-05,2021-09-12,Basic,95,1524,18288,False,False,False,True,monthly,True
S-cc065f49,A-b46328,2024-02-20,,Basic,116,866,10392,True,False,False,False,annual,True
S-b6c66fd1,A-064dcf,2022-05-19,,Basic,74,2456,29472,False,False,False,False,annual,True
S-8cc2eed9,A-31dcb8,2023-09-15,,Basic,169,4501,54012,False,False,False,False,monthly,True
S-3102b9f4,A-579d6a,2023-12-23,,Enterprise,40,385,4620,False,False,False,False,monthly,False
S-93f6c2dd,A-31d091,2022-06-30,2022-10-31,Basic,20,4034,48408,False,False,False,True,monthly,False
S-fcfc0694,A-adf3b0,2023-09-20,2025-02-01,Enterprise,118,3134,37608,False,False,False,True,monthly,True
S-fc57b424,A-d0403b,2023-09-02,,Basic,28,2838,34056,False,False,False,False,monthly,True
S-0c0c9c90,A-4c64d5,2024-06-02,,Enterprise,12,497,5964,True,False,False,False,annual,True
S-ed6fe569,A-60fec0,2023-06-26,,Basic,1,5828,69936,False,False,True,False,monthly,True
S-3d967b5c,A-a54ab8,2023-01-29,,Basic,19,1322,15864,False,False,True,False,monthly,False
S-6fd9e009,A-adedd2,2022-05-15,,Basic,2,317,3804,False,False,False,False,monthly,False
S-0dc2f142,A-d766b2,2021-10-15,,Enterprise,56,4081,48972,False,False,True,False,monthly,True
S-38f2200d,A-8b3a95,2021-03-15,,Enterprise,20,3875,46500,False,False,False,False,annual,True
S-bfe4b66f,A-df2118,2024-03-05,,Pro,98,1720,20640,False,False,False,False,monthly,True
S-630e4560,A-ba7802,2021-05-13,2021-10-02,Enterprise,158,4380,52560,False,True,False,True,annual,True
S-260668d3,A-4fc1cc,2023-05-22,,Pro,93,2439,29268,False,False,False,False,annual,False
S-2cd0e386,A-cf45d3,2024-04-23,,Basic,162,2926,35112,False,False,False,False,monthly,True
S-ec74d114,A-ac7019,2023-09-20,2024-03-27,Basic,153,2528,30336,False,False,False,True,monthly,True
S-58d49ebe,A-f5777d,2021-11-17,,Pro,133,730,8760,False,False,False,False,monthly,False
S-6ff85f3e,A-559b49,2022-06-24,,Pro,89,4637,55644,False,False,True,False,annual,False
S-d95424d3,A-7cb77a,2022-08-26,,Enterprise,167,2864,34368,False,False,False,False,annual,True
S-526b2b2f,A-8a8f8a,2022-04-11,,Enterprise,114,460,5520,False,True,False,False,annual,True
S-2937a8a1,A-9aab82,2021-01-05,,Enterprise,24,2364,28368,False,False,False,False,annual,True
S-5bcb8746,A-70da28,2021-08-05,,Pro,119,367,4404,False,False,False,False,monthly,True
S-68df4e0d,A-0b1c34,2023-09-29,,Enterprise,50,2961,35532,False,True,False,False,annual,True
S-705ab77f,A-4f020e,2023-06-05,,Basic,101,718,8616,False,False,False,False,monthly,True
S-4434e83b,A-559b49,2021-03-06,,Enterprise,182,1780,21360,False,False,False,False,annual,False
S-77541dae,A-babd7f,2024-05-10,2026-03-23,Basic,32,5081,60972,False,False,False,True,monthly,True
S-4aeb6977,A-3f9994,2022-06-11,,Enterprise,83,2823,33876,False,False,False,False,monthly,False
S-548184ac,A-4aefb3,2022-12-06,,Basic,163,1814,21768,False,False,False,False,annual,True
S-9b81e349,A-e09af2,2024-04-06,,Basic,45,1117,13404,False,False,False,False,annual,True
S-f904b6f1,A-6cb2ce,2021-12-22,,Pro,66,2208,26496,False,False,False,False,annual,True
S-59f9d3ed,A-a2a361,2022-09-17,,Basic,75,114,1368,False,False,False,False,annual,True
S-535e2d3c,A-4f8805,2021-05-01,,Basic,165,1631,19572,False,False,False,False,annual,True
S-933d8099,A-d78e97,2024-02-28,,Pro,52,848,10176,False,False,False,False,monthly,True
S-719bb175,A-40abca,2022-05-25,,Pro,90,4777,57324,False,False,False,False,monthly,True
S-8e37e8f4,A-58d05f,2023-12-09,,Pro,107,1219,14628,False,False,False,False,monthly,True
S-680b3aae,A-579d6a,2024-07-23,,Enterprise,180,5164,61968,False,True,False,False,annual,False
S-1d9e8960,A-e6fa42,2023-08-14,,Pro,157,2105,25260,True,False,False,False,monthly,False
S-0297ac18,A-0143b8,2021-07-23,,Enterprise,92,2636,31632,False,False,False,False,monthly,False
S-f612ebac,A-c8e48c,2022-03-10,2022-12-14,Enterprise,70,1376,16512,False,True,False,True,monthly,True
S-9cc0b8c5,A-3a65d6,2023-04-10,,Basic,154,1419,17028,False,False,True,False,annual,False
S-a27256c3,A-e21fc9,2024-05-25,,Basic,36,1695,20340,False,False,True,False,annual,True
S-0be0448b,A-e979f8,2024-05-21,,Basic,68,2374,28488,False,True,False,False,monthly,True
S-e976a024,A-ff97ce,2021-10-11,,Basic,97,2245,26940,False,False,False,False,annual,True
S-f2d1df37,A-7b3b51,2024-07-11,,Pro,98,4544,54528,False,False,False,False,annual,False
S-fe866e9b,A-314379,2023-05-05,,Basic,165,2136,25632,False,False,True,False,monthly,True
S-e6215530,A-36c0b3,2022-11-27,,Pro,122,954,11448,False,False,False,False,monthly,False
S-21d40797,A-118777,2022-01-16,,Enterprise,75,55,660,False,False,False,False,annual,True
S-1b50e55a,A-715861,2022-06-11,,Pro,130,3119,37428,False,False,False,False,monthly,False
S-b7033469,A-40fc24,2021-05-10,,Pro,182,1057,12684,False,False,False,False,annual,False
S-df9dcd5d,A-c32b0a,2022-09-29,,Basic,67,1091,13092,False,False,False,False,annual,False
S-61418d31,A-559b49,2021-10-01,,Enterprise,151,3159,37908,False,False,False,False,annual,True
S-95df8b7a,A-bc727c,2024-05-28,,Basic,46,1960,23520,False,False,False,False,monthly,True
S-2d9936bc,A-961183,2021-02-24,,Pro,72,317,3804,False,True,False,False,annual,True
S-5729b6d0,A-c32b0a,2024-06-05,,Enterprise,115,4615,55380,False,False,False,False,monthly,True
S-398888c0,A-c0260e,2024-08-21,2025-09-09,Enterprise,181,4150,49800,False,False,False,True,annual,False
S-b7b003f8,A-f1d958,2023-06-02,,Basic,87,2733,32796,False,False,False,False,monthly,True
S-db6adf07,A-26bbfd,2024-10-07,,Basic,168,984,11808,False,False,False,False,annual,True
S-952801ce,A-703310,2024-09-11,,Enterprise,117,836,10032,False,False,False,False,annual,True
S-61eb4e8f,A-8f00d8,2023-01-05,,Pro,136,600,7200,False,False,True,False,annual,True
S-59bff6ef,A-02fad5,2021-07-14,,Basic,126,3448,41376,False,False,False,False,monthly,True
S-96e2da0c,A-9c8b42,2022-08-26,,Enterprise,46,3309,39708,False,True,False,False,monthly,True
S-8bd0a3c1,A-99203a,2022-03-28,,Enterprise,18,3541,42492,False,False,False,False,annual,True
S-afa63c63,A-f43965,2024-11-27,,Basic,150,656,7872,True,True,False,False,monthly,False
S-47c68908,A-e6ef8b,2024-01-08,,Enterprise,41,2181,26172,False,False,False,False,monthly,True
S-9d31d901,A-3a65d6,2022-02-12,,Pro,32,901,10812,False,False,True,False,monthly,True
S-8c98d9ed,A-e08e7c,2021-10-17,,Basic,181,47,564,False,False,False,False,annual,True
S-248d9c32,A-579d6a,2022-11-08,,Basic,102,3062,36744,False,False,True,False,monthly,True
S-ac07c53d,A-c0e2d5,2022-12-26,2024-02-22,Basic,165,288,3456,False,False,False,True,annual,False
S-d1ed22e8,A-46fc8d,2023-03-22,,Basic,71,3700,44400,False,False,False,False,annual,True
S-7a370a9c,A-4c2fc6,2021-07-23,,Basic,164,3366,40392,False,False,False,False,monthly,True
S-35266cfe,A-7b1bc8,2021-09-14,2021-11-25,Basic,184,2794,33528,False,False,False,True,monthly,True
S-8a83542a,A-02fad5,2023-04-18,,Enterprise,141,2206,26472,False,True,False,False,annual,True
S-47698eff,A-2feda1,2022-12-27,,Pro,178,3715,44580,False,False,False,False,monthly,True
S-d550df79,A-3cccbc,2024-06-24,,Pro,131,404,4848,False,False,False,False,monthly,False
S-b403fa31,A-fb30f4,2022-02-12,2023-07-02,Pro,75,2991,35892,False,False,False,True,monthly,False
S-f0603afc,A-26efad,2023-09-28,,Basic,108,1336,16032,False,False,False,False,monthly,False
S-3edf009d,A-9aab82,2023-10-24,,Pro,63,4516,54192,False,True,False,False,annual,False
S-ac59d71d,A-c0f13b,2022-05-12,,Basic,91,2530,30360,False,False,False,False,monthly,False
S-81a95c85,A-f26363,2023-07-18,,Enterprise,87,3529,42348,True,False,False,False,monthly,True
S-f9b71c76,A-e99e90,2023-03-03,,Pro,93,1836,22032,False,False,False,False,annual,True
S-286347d7,A-f56c83,2024-06-16,,Pro,189,1684,20208,False,False,False,False,annual,True
S-dae2d333,A-f4c25c,2021-08-08,,Pro,4,1930,23160,False,False,False,False,annual,True
S-85729144,A-4a3e3a,2022-08-04,,Pro,82,3134,37608,False,False,True,False,annual,True
S-64d9c759,A-b913b0,2021-05-18,,Basic,125,1912,22944,False,False,False,False,monthly,True
S-087d9e3f,A-ff97ce,2024-04-28,,Enterprise,149,1793,21516,False,True,True,False,annual,True
S-6245cb5a,A-f3890c,2024-04-28,,Enterprise,157,2638,31656,False,False,False,False,annual,True
S-9084d665,A-24f862,2021-01-06,2022-07-27,Basic,19,5392,64704,False,False,False,True,annual,True
S-adc5d734,A-e09af2,2023-11-14,2025-05-29,Basic,82,242,2904,False,True,False,True,monthly,True
S-0526ca96,A-daa5e3,2021-06-27,,Basic,133,2813,33756,False,True,False,False,monthly,True
S-49b63eb3,A-d16ef7,2023-04-07,,Enterprise,126,443,5316,False,False,False,False,annual,True
S-9f913414,A-388d16,2023-08-02,,Enterprise,63,4558,54696,False,False,False,False,monthly,True
S-d6371cf2,A-7b8bff,2023-09-29,,Enterprise,89,976,11712,False,False,False,False,annual,True
S-13f02410,A-961a05,2021-05-09,2022-11-21,Basic,33,2507,30084,False,False,False,True,annual,True
S-1bd17604,A-b32d86,2021-08-14,,Enterprise,25,365,4380,False,False,False,False,monthly,True
S-43a510b2,A-2312e2,2024-01-01,2024-08-17,Pro,32,872,10464,False,False,False,True,monthly,True
S-8b61ce52,A-66d8db,2021-01-26,,Pro,163,1095,13140,False,False,False,False,annual,True
S-9405e6b4,A-b515e1,2022-08-29,,Basic,78,4236,50832,False,False,False,False,monthly,False
S-65b56289,A-f3890c,2023-09-28,,Pro,33,4622,55464,False,False,False,False,monthly,False
S-0b96d3e1,A-adedd2,2023-08-23,,Basic,90,1678,20136,True,False,False,False,annual,True
S-b2e00f81,A-bb6306,2024-09-24,,Enterprise,83,4651,55812,False,False,False,False,monthly,True
S-0104ec90,A-e85f12,2022-03-25,,Basic,69,2933,35196,False,False,True,False,annual,True
S-03971c31,A-8e16f1,2021-12-05,,Basic,179,2236,26832,False,False,False,False,monthly,False
S-421b16cf,A-125cb3,2021-06-28,2022-08-09,Pro,118,5229,62748,False,True,False,True,annual,False
S-97d0637c,A-0ff5dc,2024-06-25,,Pro,41,442,5304,False,False,False,False,monthly,False
S-a2238b75,A-9e6b3e,2024-07-17,2025-04-14,Basic,156,2835,34020,False,False,False,True,annual,True
S-98ab6956,A-c0f13b,2023-07-20,,Basic,176,2268,27216,False,False,False,False,monthly,True
S-6043fd74,A-d3803e,2021-08-18,,Enterprise,15,1614,19368,False,False,False,False,annual,True
S-f1b10ad9,A-e5e60e,2024-06-28,,Pro,123,457,5484,False,True,False,False,annual,True
S-b2b06764,A-c402fb,2021-10-04,,Pro,14,4596,55152,False,False,False,False,annual,True
S-d5ae4e04,A-741acd,2023-06-12,,Enterprise,69,5576,66912,False,False,False,False,annual,False
S-d7c9187a,A-ca5e0e,2024-06-28,,Enterprise,132,4478,53736,False,False,False,False,monthly,True
S-e08336fc,A-e6343a,2023-10-04,,Basic,123,3462,41544,True,False,False,False,monthly,True
S-40b98d15,A-4f020e,2024-05-17,,Pro,18,615,7380,False,False,False,False,monthly,True
S-67c902e1,A-66b64e,2021-12-29,,Enterprise,25,491,5892,True,False,False,False,annual,True
S-8f495739,A-45687e,2022-02-23,,Basic,127,208,2496,False,False,False,False,annual,False
S-3eb32862,A-ac7019,2024-01-16,,Basic,38,4328,51936,True,False,False,False,annual,False
S-329415b6,A-85a76f,2022-11-09,2023-07-30,Enterprise,82,1743,20916,False,False,True,True,annual,True
S-6f663a12,A-3bb1ee,2021-03-22,,Enterprise,58,3741,44892,False,True,False,False,monthly,True
S-07e98d6d,A-12a8c7,2023-09-03,,Pro,183,1974,23688,False,False,False,False,monthly,True
S-77a33989,A-f43965,2021-03-04,,Pro,146,2977,35724,False,False,False,False,monthly,True
S-ed4a203a,A-24f862,2022-10-12,,Enterprise,109,2181,26172,False,False,False,False,monthly,True
S-0de925d4,A-467260,2023-07-08,,Basic,51,1368,16416,False,False,False,False,annual,True
S-8c5a4c36,A-3a3477,2022-07-29,,Basic,31,2617,31404,False,True,False,False,annual,True
S-aa41e27f,A-94b0ff,2022-01-27,,Basic,148,881,10572,False,False,False,False,monthly,False
S-34da2ec7,A-d8771a,2021-05-16,,Basic,13,5158,61896,True,False,False,False,annual,True
S-b91e7aae,A-bbe512,2021-04-08,,Enterprise,174,3098,37176,False,False,False,False,annual,True
S-3a66ef1d,A-040921,2022-05-14,,Enterprise,64,2206,26472,False,False,False,False,monthly,True
S-e1235df7,A-b913b0,2021-05-09,,Enterprise,147,1350,16200,False,False,False,False,annual,False
S-9e4f1bf9,A-b32d86,2023-09-11,,Enterprise,156,1340,16080,False,False,False,False,monthly,False
S-98f7b2fd,A-a0ed92,2021-10-16,,Enterprise,27,1292,15504,False,False,False,False,annual,True
S-16fd9fb3,A-b8b83c,2021-06-15,,Enterprise,23,1124,13488,False,False,False,False,monthly,True
S-abf79e8e,A-2be2ac,2023-10-02,,Basic,71,1351,16212,False,False,False,False,monthly,True
S-58690e56,A-8563a7,2023-03-09,,Basic,108,2347,28164,False,False,False,False,monthly,True
S-c16790e5,A-60fec0,2023-03-15,,Pro,109,3402,40824,False,False,False,False,monthly,True
S-ece2e452,A-8e16f1,2023-11-06,,Pro,55,2913,34956,False,False,False,False,annual,True
S-6bf0a1ca,A-a771e3,2024-10-16,,Basic,152,903,10836,False,True,False,False,monthly,False
S-392eb134,A-e08e7c,2021-06-26,,Pro,123,2258,27096,True,False,False,False,monthly,True
S-87d5bdfb,A-1f7327,2021-01-03,,Pro,42,571,6852,False,False,False,False,annual,True
S-da4997df,A-1788ce,2022-08-18,,Enterprise,180,117,1404,False,False,False,False,monthly,True
S-4ebfa109,A-ea1711,2021-03-23,,Enterprise,88,2305,27660,False,False,False,False,annual,True
S-29b135da,A-fb30f4,2024-01-12,,Basic,188,551,6612,False,False,False,False,monthly,True
S-d26e30b5,A-4a3e3a,2022-07-11,,Pro,185,2392,28704,False,True,False,False,monthly,False
S-b6e1d7e4,A-c48f44,2023-10-24,,Enterprise,176,3057,36684,False,False,False,False,monthly,True
S-629d1a94,A-cea72b,2023-10-03,,Pro,181,2333,27996,False,False,False,False,monthly,True
S-484b33e2,A-bc60c8,2021-10-21,,Basic,108,557,6684,False,True,False,False,monthly,True
S-2a95e26a,A-2b9974,2021-11-04,,Pro,20,3716,44592,False,False,False,False,monthly,True
S-737fd17b,A-f89626,2023-02-04,,Pro,147,1766,21192,False,False,False,False,annual,True
S-204ce01b,A-4fc1cc,2024-08-12,,Enterprise,169,4519,54228,False,False,False,False,annual,True
S-0ed05fa9,A-f89626,2023-10-04,,Enterprise,52,3783,45396,False,True,False,False,monthly,True
S-afabdcfa,A-b515e1,2023-09-13,,Enterprise,135,2932,35184,False,False,False,False,monthly,True
S-e7afecf3,A-b95064,2021-08-20,,Enterprise,151,2375,28500,False,False,False,False,monthly,True
S-d79ae88b,A-0e6fb8,2022-05-16,,Enterprise,157,2136,25632,False,False,False,False,annual,True
S-989a8177,A-6fdb5c,2023-07-03,,Enterprise,132,1171,14052,False,False,False,False,annual,True
S-69ab6986,A-4a3e3a,2023-12-21,,Basic,143,2545,30540,False,False,False,False,annual,False
S-2e053740,A-a54ab8,2023-02-15,,Pro,37,1635,19620,False,True,False,False,monthly,True
S-fa21fb3f,A-27cc2c,2024-12-26,,Pro,60,2203,26436,False,False,False,False,annual,True
S-61afd2cb,A-9a9689,2021-02-21,,Pro,66,4244,50928,False,False,True,False,monthly,True
S-b6c70f1f,A-0d7286,2022-03-04,,Enterprise,158,3754,45048,False,True,False,False,annual,True
S-aabf5905,A-9c8b42,2021-11-12,,Enterprise,112,5525,66300,False,True,True,False,annual,True
S-4c9f1b42,A-388c96,2023-07-25,,Enterprise,106,915,10980,False,False,False,False,monthly,True
S-9d25b633,A-410bfd,2021-06-04,,Enterprise,156,3064,36768,True,False,False,False,annual,False
S-ec607c3c,A-40abca,2023-10-24,,Basic,9,85,1020,False,False,False,False,monthly,True
S-4933cfea,A-0c8a26,2021-11-20,,Pro,100,951,11412,False,False,False,False,annual,True
S-a9f2426b,A-b1f3cb,2024-02-13,,Pro,136,211,2532,False,False,False,False,annual,True
S-37a91506,A-85322a,2023-04-18,,Basic,55,2021,24252,False,False,False,False,annual,False
S-5f00e432,A-9201a1,2023-08-26,,Pro,141,1422,17064,False,False,False,False,monthly,True
S-16d99f18,A-a98afd,2023-12-08,,Pro,120,2717,32604,False,False,False,False,annual,False
S-a6b9bef3,A-a2e460,2023-11-07,,Enterprise,3,1250,15000,True,False,False,False,annual,True
S-0d5b86df,A-741acd,2023-06-08,,Enterprise,180,63,756,False,False,False,False,monthly,True
S-720fd71a,A-2b8e44,2022-10-04,,Basic,158,2595,31140,True,False,False,False,monthly,True
S-3a825b3e,A-f4c25c,2024-05-28,,Enterprise,58,1718,20616,False,False,False,False,monthly,False
S-16839be3,A-d16ef7,2022-08-25,,Enterprise,128,219,2628,False,False,False,False,monthly,True
S-81c030e2,A-7e69c7,2021-11-03,,Basic,110,3795,45540,False,False,False,False,annual,True
S-31ef1e48,A-518980,2022-10-26,,Basic,128,2038,24456,True,False,False,False,monthly,True
S-d2bbf987,A-9b151e,2023-09-03,,Enterprise,157,2472,29664,False,False,False,False,monthly,True
S-7ff860a0,A-7b6eee,2024-01-06,,Enterprise,62,2687,32244,False,False,False,False,annual,True
S-e7811729,A-09489d,2023-06-10,,Enterprise,19,1480,17760,False,False,True,False,annual,True
S-7e973306,A-bb8a0a,2021-01-14,2022-04-01,Enterprise,176,355,4260,True,False,False,True,monthly,False
S-c7335f58,A-14e75c,2024-03-10,,Pro,170,4,48,False,True,False,False,annual,True
S-ab9044a9,A-ce9869,2023-06-13,,Pro,138,2221,26652,False,False,False,False,annual,True
S-dd42385a,A-b95064,2024-03-17,,Basic,22,2912,34944,False,False,False,False,monthly,True
S-34bc81a6,A-9dfcee,2021-04-17,,Enterprise,151,3687,44244,False,False,False,False,annual,True
S-34441cda,A-90aaae,2023-06-11,,Basic,17,2915,34980,True,False,False,False,annual,True
S-039a196e,A-388c96,2021-08-18,,Basic,125,2911,34932,False,False,False,False,monthly,True
S-44ceb848,A-dec46e,2023-07-18,,Enterprise,176,2385,28620,False,False,False,False,monthly,True
S-713b493c,A-9b151e,2021-05-22,,Enterprise,133,3307,39684,False,False,False,False,annual,True
S-55b170fe,A-961183,2023-11-01,,Pro,61,3434,41208,True,False,False,False,annual,True
S-c3f5bab2,A-60fec0,2021-10-23,2022-11-24,Pro,144,3692,44304,False,False,False,True,annual,True
S-d736a8b2,A-66b64e,2023-04-17,2024-11-26,Pro,136,2518,30216,False,False,False,True,monthly,True
S-2c80d19c,A-a2e460,2024-01-28,,Enterprise,62,1955,23460,False,False,False,False,annual,False
S-1a1d96e1,A-04b853,2023-07-30,2024-03-07,Basic,128,2314,27768,False,False,False,True,monthly,True
S-fd0b368b,A-5ba322,2023-11-12,,Pro,98,1514,18168,False,True,False,False,monthly,True
S-b2f38294,A-ef6f7e,2023-01-31,,Enterprise,150,1909,22908,False,False,False,False,monthly,False
S-4b098919,A-0d7286,2023-01-09,2023-05-18,Enterprise,173,4435,53220,False,False,False,True,monthly,True
S-b76afc8b,A-522b54,2024-07-10,,Basic,111,4889,58668,False,False,False,False,annual,True
S-f1d7e676,A-0263d2,2022-12-16,,Enterprise,96,3781,45372,False,False,False,False,monthly,False
S-fa88e71c,A-aad5c7,2022-03-12,,Enterprise,147,1038,12456,False,False,True,False,annual,True
S-08ed76ab,A-e09af2,2023-09-26,,Basic,152,1574,18888,True,True,False,False,annual,True
S-02c2e958,A-741acd,2024-03-06,,Basic,100,2877,34524,False,True,False,False,annual,True
S-4dad926a,A-6f29f7,2023-05-16,,Basic,79,1904,22848,False,False,False,False,monthly,True
S-252f6c7d,A-e6343a,2021-06-02,,Enterprise,13,2685,32220,False,False,False,False,annual,True
S-da3aa10d,A-b1f3cb,2023-09-21,,Basic,57,6166,73992,False,False,True,False,annual,False
S-5d51d6d3,A-dbf513,2024-01-06,,Enterprise,95,1791,21492,False,False,False,False,monthly,True
S-ebf6d188,A-6751ab,2021-01-27,,Pro,47,434,5208,False,False,False,False,annual,True
S-669d6fbe,A-d78e97,2022-10-18,,Basic,142,4122,49464,False,False,True,False,monthly,True
S-7c347e2f,A-10fde3,2022-11-15,,Enterprise,143,2555,30660,False,False,False,False,annual,True
S-9fa5298e,A-b32d86,2024-01-21,,Basic,96,2145,25740,False,True,True,False,annual,True
S-3dd55d93,A-964882,2022-03-29,,Pro,86,4972,59664,False,True,False,False,annual,False
S-ef609a48,A-246226,2023-07-19,,Enterprise,183,1765,21180,False,False,False,False,annual,True
S-82aea134,A-d9e9fc,2022-08-01,,Enterprise,89,5616,67392,False,False,False,False,monthly,False
S-5dbcf234,A-7aee9c,2022-08-28,,Enterprise,24,1540,18480,False,False,False,False,monthly,True
S-74b45f76,A-7231b2,2021-07-10,2022-09-29,Basic,102,3626,43512,False,False,False,True,annual,False
S-36c46f03,A-b853d2,2022-10-05,,Pro,163,1088,13056,False,False,False,False,annual,True
S-fb163527,A-9201a1,2023-06-07,,Basic,12,782,9384,False,False,False,False,annual,True
S-477e2558,A-7b8bff,2021-09-29,,Enterprise,144,846,10152,False,False,False,False,annual,True
S-4a132f45,A-e3bd6e,2022-07-06,,Pro,166,1048,12576,False,False,False,False,annual,True
S-d65ea9ed,A-17fe97,2022-04-24,,Basic,86,4414,52968,False,True,False,False,monthly,True
S-f0efca2a,A-ff97ce,2021-06-27,,Basic,51,3045,36540,False,True,False,False,annual,True
S-84ca6020,A-cf45d3,2021-01-10,,Enterprise,75,2592,31104,False,False,False,False,annual,False
S-dd394a32,A-a2e816,2022-01-28,,Enterprise,29,1984,23808,False,False,False,False,annual,False
S-e1592421,A-78d2ec,2023-04-15,,Enterprise,44,709,8508,False,False,False,False,monthly,True
S-a51bef9b,A-76eede,2022-07-14,,Basic,81,3860,46320,False,False,False,False,monthly,True
S-e816c1b6,A-39e2df,2022-09-22,,Enterprise,116,3749,44988,False,False,False,False,annual,True
S-05cdb731,A-c6ab7a,2023-09-25,,Enterprise,15,871,10452,False,False,False,False,annual,True
S-1230ecae,A-0249c4,2021-11-02,,Basic,130,3740,44880,True,False,False,False,monthly,True
S-048fc48d,A-8d94af,2024-09-18,,Pro,111,5219,62628,False,False,True,False,monthly,False
S-ad2496ee,A-fdeda5,2021-06-28,,Pro,167,4480,53760,False,False,False,False,annual,True
S-de9472f5,A-27e0e9,2022-10-29,,Enterprise,46,2078,24936,True,False,False,False,monthly,True
S-91d141b7,A-b1f3cb,2023-06-11,,Pro,98,4750,57000,False,False,True,False,monthly,False
S-f2c28392,A-4ef13f,2022-04-12,,Enterprise,2,2289,27468,False,True,False,False,monthly,True
S-cd015ab9,A-df2118,2023-11-04,2025-08-28,Enterprise,125,4170,50040,False,False,False,True,monthly,True
S-7a47d13d,A-f11b19,2022-09-05,,Basic,72,3910,46920,False,False,False,False,monthly,True
S-972c4606,A-4aaf62,2022-01-23,,Enterprise,55,3419,41028,False,True,False,False,annual,True
S-19214c54,A-85a76f,2023-03-19,,Pro,137,5202,62424,False,False,False,False,monthly,True
S-464cbccd,A-0c8a26,2024-01-13,,Enterprise,120,3705,44460,False,False,False,False,monthly,True
S-c333919f,A-77cb78,2024-05-02,,Pro,186,1674,20088,False,False,False,False,monthly,True
S-34bc151a,A-f89626,2024-09-19,2026-09-06,Pro,67,2092,25104,False,False,False,True,annual,True
S-68d28f6b,A-39e2df,2023-11-14,2025-05-22,Enterprise,46,771,9252,False,False,False,True,monthly,False
S-e549e381,A-703310,2023-07-25,,Basic,128,2159,25908,False,False,False,False,monthly,True
S-8232ef0f,A-67e8d1,2022-03-02,,Enterprise,150,245,2940,True,False,False,False,annual,True
S-22efeef0,A-4c2fc6,2021-10-16,,Basic,169,1049,12588,False,False,False,False,monthly,False
S-30b45229,A-48a544,2022-12-06,,Pro,49,4249,50988,False,False,True,False,annual,True
S-66d1e9be,A-bda37c,2022-12-12,,Basic,112,1443,17316,False,False,False,False,monthly,False
S-9f6ab2a2,A-3f39a3,2021-02-22,,Basic,66,565,6780,False,False,True,False,monthly,True
S-35e2ef12,A-388c96,2022-05-12,,Enterprise,100,615,7380,False,False,False,False,annual,False
S-85bddb9a,A-85a76f,2024-12-07,,Basic,165,957,11484,False,True,False,False,monthly,True
S-7d14fe92,A-2e3f29,2021-12-21,,Pro,106,3150,37800,False,False,False,False,monthly,True
S-75fde8a6,A-993774,2022-01-23,,Basic,158,3008,36096,False,False,False,False,annual,True
S-698022e5,A-e71149,2023-01-23,,Basic,145,5364,64368,False,False,False,False,annual,True
S-c7fa86b1,A-99203a,2023-09-23,,Basic,91,65,780,False,False,False,False,monthly,False
S-328cb5eb,A-bb8a0a,2023-11-17,,Pro,172,568,6816,False,False,False,False,monthly,True
S-bf3b0be1,A-85322a,2023-04-16,,Pro,189,2087,25044,True,True,False,False,annual,True
S-f4a883d6,A-2cf08b,2024-08-11,,Enterprise,133,1382,16584,False,False,False,False,monthly,True
S-06ece1cf,A-999860,2022-06-21,,Enterprise,86,1067,12804,False,False,False,False,annual,True
S-3d57aa41,A-e3bd6e,2022-08-14,,Enterprise,183,4790,57480,False,False,False,False,annual,False
S-ad1fa9e1,A-8eb0b9,2024-02-25,,Pro,56,877,10524,True,False,False,False,monthly,True
S-bfc9ed48,A-c166a2,2022-11-27,,Basic,91,3322,39864,True,True,False,False,monthly,True
S-d10cdedd,A-e1a8ea,2023-05-11,,Pro,137,5134,61608,False,False,False,False,annual,True
S-884d8261,A-ba0f8c,2021-11-07,,Enterprise,121,2420,29040,False,False,False,False,annual,True
S-e10eba75,A-7b8bff,2021-08-04,2021-10-20,Enterprise,55,1631,19572,False,True,False,True,monthly,True
S-76d1506b,A-7ccb2e,2022-03-06,,Pro,94,1381,16572,False,True,False,False,annual,True
S-789ac796,A-2b9974,2022-04-05,,Basic,26,2962,35544,False,True,False,False,annual,False
S-85559c81,A-a54ab8,2024-07-09,,Pro,33,3384,40608,False,False,False,False,annual,True
S-1ef401e8,A-bb8a0a,2022-11-20,,Pro,101,1902,22824,False,False,False,False,monthly,True
S-b30cea66,A-ece32d,2021-03-08,,Enterprise,21,2923,35076,False,False,False,False,annual,True
S-9ed1d7f3,A-9a2c4f,2022-01-01,,Enterprise,181,1643,19716,False,True,False,False,annual,True
S-6529ea4d,A-01c648,2024-06-04,,Enterprise,50,3133,37596,False,False,False,False,monthly,True
S-c465dc3e,A-f1d958,2021-03-13,,Basic,117,3174,38088,False,False,False,False,annual,True
S-0353b82e,A-dccde9,2022-11-29,,Pro,144,441,5292,False,False,False,False,monthly,True
S-b6658aff,A-f2b464,2021-01-14,,Enterprise,6,3165,37980,False,False,True,False,monthly,True
S-8f2c8850,A-54f16c,2024-06-15,,Pro,156,889,10668,False,False,False,False,annual,True
S-8359990f,A-388d16,2024-02-23,,Enterprise,147,7123,85476,False,False,False,False,annual,True
S-cf968910,A-63c268,2024-03-12,,Basic,161,103,1236,False,False,False,False,annual,True
S-e699430e,A-f5777d,2022-07-13,,Enterprise,154,4143,49716,False,True,False,False,annual,True
S-61d92dd8,A-655235,2022-11-21,,Basic,84,6099,73188,False,False,False,False,annual,False
S-a8c6d8b9,A-c32b0a,2023-07-17,,Pro,9,2306,27672,False,False,False,False,annual,True
S-687c1453,A-b94147,2023-06-09,,Basic,137,3039,36468,False,False,False,False,monthly,True
S-e7ff191a,A-d3154c,2021-07-02,,Basic,178,2539,30468,False,False,False,False,annual,True
S-11983932,A-7c6a4f,2024-06-15,,Pro,53,1675,20100,False,False,False,False,annual,True
S-fdfc2c6f,A-c1d6f0,2022-08-18,,Basic,127,3446,41352,True,True,False,False,annual,True
S-7ab59c3c,A-7c6a4f,2024-09-16,,Basic,85,2773,33276,False,True,False,False,annual,True
S-32b5d25a,A-993774,2024-03-30,,Enterprise,49,358,4296,False,False,False,False,annual,True
S-841cc637,A-dbf513,2021-11-26,,Enterprise,146,1266,15192,False,False,False,False,annual,True
S-42cc7010,A-1f7327,2024-12-19,,Basic,36,3751,45012,False,False,False,False,annual,False
S-ef59505c,A-2e2e55,2021-08-09,,Enterprise,70,1217,14604,True,False,False,False,monthly,True
S-495f5088,A-ac7019,2024-06-21,,Basic,27,684,8208,False,False,True,False,annual,True
S-23e0e9bd,A-299f66,2024-09-24,2025-06-28,Enterprise,69,4939,59268,False,False,False,True,monthly,True
S-68f47a38,A-448821,2023-04-03,,Enterprise,47,2289,27468,False,False,False,False,annual,True
S-20eb4fec,A-2cf08b,2022-07-01,,Pro,148,650,7800,False,True,False,False,monthly,True
S-bdd32c88,A-bc60c8,2023-03-26,2024-02-15,Basic,22,2290,27480,False,False,False,True,annual,True
S-7f2e8edf,A-2cf08b,2022-05-01,,Enterprise,180,2295,27540,False,False,False,False,monthly,True
S-400a8fbb,A-e6ef8b,2024-07-05,,Enterprise,129,3177,38124,False,True,True,False,monthly,True
S-1b7f7f2b,A-af8daf,2021-07-29,,Pro,99,2201,26412,False,False,False,False,monthly,True
S-c4504c4f,A-45687e,2024-01-05,2025-06-17,Enterprise,120,2228,26736,False,True,False,True,annual,True
S-65bbd337,A-daa5e3,2021-07-27,,Pro,82,2002,24024,False,True,False,False,annual,True
S-e7e45358,A-118777,2021-08-29,,Basic,53,4296,51552,False,False,True,False,monthly,True
S-802e5d54,A-b853d2,2022-09-24,,Enterprise,120,4613,55356,False,False,False,False,monthly,True
S-395fc78b,A-c0e2d5,2023-01-24,,Enterprise,30,2841,34092,False,False,True,False,annual,True
S-eb1af146,A-37b909,2022-01-17,,Pro,148,2507,30084,False,False,False,False,annual,True
S-fb76fc8e,A-0bcb7a,2021-05-18,,Enterprise,92,2569,30828,True,False,False,False,monthly,True
S-f2386c5f,A-5e8a5d,2024-01-10,,Basic,78,1619,19428,False,False,False,False,annual,True
S-177ec44c,A-6487b2,2022-09-12,,Basic,8,5687,68244,False,False,False,False,annual,True
S-3f1166bf,A-57e924,2024-03-10,,Pro,92,2409,28908,False,False,False,False,annual,False
S-d195f66e,A-e1796c,2023-02-16,,Pro,181,3550,42600,False,True,False,False,monthly,True
S-2b966d24,A-a1f6aa,2022-01-12,,Enterprise,35,2956,35472,False,False,False,False,monthly,False
S-221414f8,A-9d992c,2023-11-14,,Enterprise,115,1478,17736,False,False,False,False,annual,True
S-61dec9bc,A-c1d6f0,2023-04-13,,Enterprise,117,1313,15756,False,False,False,False,annual,True
S-9c00377f,A-7f7de2,2021-09-02,,Enterprise,76,3010,36120,True,False,True,False,monthly,True
S-15c7446d,A-6751ab,2024-11-18,,Pro,165,2119,25428,True,False,False,False,annual,True
S-99db2c62,A-448821,2023-08-01,,Pro,86,6350,76200,True,False,False,False,monthly,True
S-5f5338fd,A-c6ab7a,2022-01-24,,Basic,30,2228,26736,False,False,False,False,monthly,True
S-996c5724,A-59d242,2024-05-24,,Pro,77,3253,39036,False,False,False,False,annual,True
S-804d2404,A-3dc038,2023-04-12,,Enterprise,176,5940,71280,False,False,False,False,monthly,True
S-74f04b7f,A-9b417b,2024-08-19,,Basic,169,2471,29652,False,False,False,False,annual,True
S-a68b3c8e,A-2810a5,2024-05-05,,Enterprise,50,2534,30408,True,False,False,False,annual,True
S-c4f405ad,A-1126a7,2021-09-29,,Basic,185,2457,29484,False,True,True,False,annual,True
S-ee121be8,A-4f020e,2021-12-17,,Enterprise,171,904,10848,False,True,False,False,monthly,True
S-f9a41ea2,A-51ca60,2024-05-19,,Basic,79,3863,46356,False,False,False,False,annual,False
S-3729e028,A-bc727c,2021-03-27,,Basic,73,3249,38988,False,False,False,False,annual,True
S-4bd4d44f,A-71c2db,2023-05-08,,Enterprise,118,2425,29100,False,False,True,False,monthly,True
S-78819b51,A-23c1ea,2021-01-23,,Basic,98,2964,35568,True,False,False,False,annual,True
S-2f9ae712,A-253b47,2022-01-25,,Enterprise,154,293,3516,True,False,False,False,monthly,False
S-4f660d9a,A-4e2188,2023-05-18,,Basic,15,5750,69000,False,False,False,False,annual,True
S-68e0e9ab,A-c0f13b,2023-09-16,,Pro,19,3898,46776,True,True,False,False,monthly,True
S-65b8e298,A-c4599d,2024-08-24,,Basic,136,2158,25896,False,False,False,False,monthly,False
S-bd408c06,A-0268ce,2024-12-09,,Pro,161,4246,50952,False,False,False,False,monthly,True
S-d1841647,A-5d149a,2021-04-04,,Pro,96,3575,42900,False,True,False,False,annual,True
S-438e33b6,A-fd34f6,2024-10-15,,Pro,161,2717,32604,False,False,False,False,annual,True
S-c8676a9e,A-2c850e,2022-05-14,,Basic,118,2560,30720,False,False,False,False,monthly,True
S-e42b8a92,A-ef6f7e,2023-06-16,,Pro,163,2588,31056,False,False,False,False,annual,True
S-26144b06,A-ce9869,2023-04-16,,Pro,66,782,9384,False,False,False,False,monthly,True
S-63e2e5f1,A-253b47,2022-02-10,2023-04-28,Pro,17,2218,26616,False,False,False,True,monthly,True
S-0150437a,A-63c268,2024-03-05,,Pro,151,2323,27876,False,False,True,False,annual,False
S-b6873fe9,A-f4c25c,2023-11-19,2024-07-19,Enterprise,61,2174,26088,False,False,False,True,annual,True
S-f29401e2,A-ca5e0e,2021-06-22,,Pro,30,2011,24132,False,True,False,False,monthly,True
S-f115c625,A-1788ce,2023-04-21,,Enterprise,117,2854,34248,False,False,False,False,monthly,True
S-b53a429b,A-0562c3,2022-08-02,,Basic,44,4374,52488,False,False,False,False,monthly,True
S-9637b9a4,A-d3763d,2024-08-24,,Basic,167,3368,40416,False,False,False,False,annual,True
S-eca31b1d,A-999860,2024-10-12,,Enterprise,176,3698,44376,False,False,False,False,annual,True
S-c8e645c2,A-9e6b3e,2023-12-14,,Basic,168,2882,34584,False,False,False,False,monthly,True
S-50a0d559,A-cea72b,2023-10-01,2024-09-22,Enterprise,183,1898,22776,False,True,False,True,monthly,True
S-690960f8,A-8d201d,2021-11-22,,Pro,32,2979,35748,False,True,False,False,monthly,True
S-f4dce426,A-f5777d,2022-03-07,,Enterprise,111,703,8436,False,False,True,False,annual,True
S-9f664a47,A-0d5e78,2023-04-23,,Basic,129,2469,29628,False,False,False,False,annual,True
S-e7590694,A-125cb3,2024-06-23,2024-11-02,Enterprise,16,811,9732,False,False,False,True,annual,False
S-9451a73d,A-50e35d,2023-12-04,,Pro,176,4391,52692,False,True,False,False,annual,True
S-9b3b2c6a,A-38094a,2021-09-05,,Basic,25,757,9084,False,True,False,False,annual,True
S-1fdaefd5,A-f10061,2022-05-27,,Pro,131,392,4704,False,False,True,False,monthly,True
S-20313924,A-655235,2021-04-09,,Basic,36,203,2436,False,False,False,False,monthly,True
S-3acb1d87,A-3bb1ee,2023-10-12,,Basic,102,1209,14508,False,True,False,False,monthly,True
S-7dbd1ac1,A-3f39a3,2024-02-13,,Pro,132,2611,31332,False,False,False,False,annual,True
S-00999e2f,A-0b1c34,2024-06-14,,Pro,172,3246,38952,False,False,False,False,annual,True
S-c9e2173f,A-4b4931,2024-08-20,,Enterprise,184,1632,19584,False,False,True,False,monthly,True
S-8731bff5,A-2109a3,2021-03-04,,Basic,30,2265,27180,False,False,False,False,annual,True
S-558bfd48,A-abbbd0,2024-07-12,,Basic,78,1538,18456,False,True,False,False,annual,True
S-2fb659e1,A-0e303f,2024-03-07,,Enterprise,84,944,11328,False,False,False,False,annual,False
S-0ae3a219,A-a481e9,2021-02-02,,Pro,24,920,11040,False,False,False,False,monthly,True
S-5a4662fb,A-bb8a0a,2022-05-21,,Pro,94,3390,40680,True,True,False,False,monthly,True
S-15fd3452,A-4aaf62,2023-06-27,,Basic,100,2063,24756,True,True,False,False,monthly,True
S-64a20924,A-49535d,2024-11-04,,Pro,80,667,8004,False,False,False,False,monthly,True
S-25b8388c,A-ed6bb8,2021-03-05,,Pro,126,1507,18084,False,False,False,False,annual,False
S-175c0375,A-6e3d08,2021-05-26,,Basic,36,296,3552,False,False,False,False,annual,True
S-47b1d262,A-3a3477,2023-01-28,,Enterprise,80,1493,17916,False,False,True,False,annual,True
S-32cc0384,A-ab8f61,2024-03-14,,Enterprise,7,3550,42600,False,False,False,False,annual,False
S-8ce2d7d3,A-3d75c1,2022-07-13,,Pro,76,6396,76752,False,False,False,False,monthly,False
S-a9b926e9,A-7e69c7,2021-05-20,,Pro,100,3903,46836,False,False,False,False,annual,True
S-a99e45de,A-7e69c7,2023-06-16,,Basic,140,2345,28140,False,False,False,False,annual,False
S-a1607fca,A-b95064,2023-11-18,,Enterprise,14,1404,16848,False,False,True,False,monthly,False
S-bfe9ded2,A-2bcd7c,2023-01-20,,Pro,41,2028,24336,False,False,False,False,annual,True
S-a68fc484,A-0c36d9,2024-11-20,,Basic,108,1337,16044,False,False,False,False,monthly,False
S-e2240423,A-0c8a26,2021-06-20,,Enterprise,10,579,6948,False,True,False,False,monthly,True
S-a84e11e6,A-6f29f7,2024-11-19,,Enterprise,95,295,3540,False,False,False,False,annual,True
S-94603460,A-e08e7c,2023-04-19,,Pro,87,1614,19368,False,False,True,False,annual,True
S-f660a0bf,A-f56c83,2024-12-29,,Pro,156,3322,39864,False,False,False,False,monthly,True
S-64b35ad0,A-bc1b91,2023-11-23,,Pro,111,1897,22764,False,False,False,False,annual,True
S-97e1278c,A-bc60c8,2022-01-27,,Pro,38,2511,30132,False,False,False,False,annual,True
S-8c429f74,A-390557,2023-02-05,,Pro,32,896,10752,False,True,False,False,annual,True
S-31778ba2,A-9ccef5,2024-04-08,,Pro,72,2115,25380,True,False,False,False,monthly,False
S-63f7fe69,A-adf3b0,2022-12-07,,Enterprise,189,1778,21336,False,False,False,False,annual,True
S-19c33e77,A-518980,2022-09-15,2023-09-27,Basic,91,677,8124,False,False,False,True,monthly,False
S-345b5e72,A-c8e48c,2024-05-09,2025-05-06,Enterprise,15,3205,38460,False,False,False,True,annual,True
S-f248b563,A-805f2e,2022-07-10,,Pro,153,812,9744,False,False,False,False,monthly,True
S-f0205480,A-2b8e44,2023-12-05,,Pro,136,4183,50196,False,True,False,False,monthly,True
S-33a94d83,A-8b3a95,2023-04-30,2023-12-14,Basic,122,503,6036,False,False,False,True,annual,True
S-4d207a4e,A-4983af,2024-05-09,,Basic,175,3256,39072,False,False,False,False,monthly,True
S-0b2888bd,A-daa5e1,2023-02-27,,Pro,162,1103,13236,False,False,False,False,annual,True
S-574cffe4,A-dfaa0d,2024-07-27,,Basic,36,3119,37428,False,False,False,False,monthly,True
S-1dbc475c,A-b040a0,2023-08-26,2023-11-03,Enterprise,87,2860,34320,False,True,False,True,annual,True
S-1ca94375,A-21c968,2023-12-31,2025-08-01,Enterprise,169,1137,13644,False,False,False,True,annual,True
S-93c7e4b9,A-0c9ef2,2023-01-24,,Basic,148,5021,60252,False,False,False,False,annual,True
S-d37fcca5,A-488393,2021-06-15,,Pro,6,4237,50844,False,False,False,False,monthly,True
S-055f3a5a,A-58a963,2024-01-07,,Basic,45,3239,38868,False,False,True,False,monthly,False
S-1004a579,A-6df3cb,2021-02-04,,Pro,80,7062,84744,False,False,False,False,annual,True
S-2e6d2bb5,A-3c413d,2023-06-21,,Basic,124,2735,32820,False,False,False,False,monthly,True
S-2282c294,A-125cb3,2022-05-11,,Pro,76,3698,44376,False,False,False,False,monthly,False
S-de5c2e35,A-2e3f29,2022-01-01,,Pro,153,6244,74928,False,False,False,False,annual,True
S-1074d3ed,A-47ce41,2023-09-25,,Basic,171,1369,16428,False,False,False,False,monthly,False
S-8ad5b929,A-c8e48c,2024-03-19,,Pro,165,1026,12312,False,False,False,False,annual,False
S-f282e650,A-e1796c,2022-07-26,,Pro,18,707,8484,False,False,False,False,annual,True
S-23424a39,A-3f9994,2021-03-23,,Basic,42,2980,35760,False,False,False,False,annual,True
S-7962152c,A-7231b2,2024-07-05,,Pro,135,453,5436,True,False,False,False,annual,True
S-88ee1e55,A-6f29f7,2024-12-10,,Pro,66,5215,62580,False,True,False,False,annual,False
S-4cabe189,A-2e3f29,2023-02-22,,Pro,96,2474,29688,False,False,False,False,annual,True
S-28d7c69a,A-9a8bb2,2022-01-19,2022-06-14,Pro,144,139,1668,False,False,False,True,monthly,True
S-e622f820,A-94b0ff,2021-08-29,,Enterprise,123,2680,32160,False,False,True,False,monthly,False
S-7a6d3ef2,A-9e6b3e,2023-07-24,,Basic,188,1406,16872,False,False,False,False,annual,True
S-22ab0566,A-9e6b3e,2022-04-11,,Enterprise,124,891,10692,False,False,False,False,annual,False
S-9ba1b38e,A-f26363,2023-02-09,,Enterprise,71,831,9972,False,False,False,False,monthly,True
S-1d95a898,A-6e3d08,2024-08-23,,Basic,131,1658,19896,False,False,False,False,monthly,True
S-db18130c,A-68948f,2023-09-03,,Enterprise,136,3772,45264,False,False,False,False,annual,True
S-cd0b8fd5,A-125cb3,2022-09-05,,Enterprise,179,1237,14844,False,False,False,False,annual,True
S-8c835ed8,A-3e6efe,2023-03-02,,Basic,144,3822,45864,False,True,False,False,annual,True
S-7bc4baf6,A-9f9cca,2023-12-04,,Pro,54,3878,46536,False,True,False,False,monthly,True
S-30ae0fd4,A-d766b2,2022-05-08,,Pro,123,995,11940,False,False,False,False,monthly,True
S-820582e0,A-e1fa7f,2022-02-08,,Enterprise,185,968,11616,True,False,True,False,monthly,True
S-d9d0307b,A-21c2da,2024-01-05,,Pro,46,3149,37788,False,False,False,False,annual,False
S-31cc7334,A-bc1b91,2023-04-20,,Pro,134,4956,59472,False,False,False,False,monthly,True
S-dcbf85b9,A-46d001,2021-12-24,,Pro,84,641,7692,False,False,False,False,annual,True
S-ee32a5a4,A-dbf513,2021-05-23,,Basic,105,4453,53436,False,False,False,False,annual,True
S-77086584,A-9e6b3e,2021-08-21,,Enterprise,19,2560,30720,False,False,False,False,monthly,True
S-d2011389,A-cea72b,2023-10-25,,Enterprise,160,2335,28020,True,False,False,False,monthly,True
S-61e9372d,A-641031,2023-05-25,,Pro,105,3999,47988,False,False,False,False,annual,True
S-be213149,A-6487b2,2022-12-18,,Enterprise,107,3613,43356,False,True,False,False,annual,True
S-b7c277c9,A-a91287,2023-01-27,,Pro,189,2907,34884,False,False,False,False,monthly,True
S-96a93225,A-59d242,2021-11-12,,Enterprise,189,3534,42408,False,False,False,False,monthly,False
S-8600f601,A-0c8a26,2022-02-05,,Pro,2,3692,44304,False,True,False,False,monthly,True
S-bb711bd7,A-85322a,2021-09-12,2023-08-11,Enterprise,129,3486,41832,True,True,False,True,annual,True
S-8e747452,A-b515e1,2021-04-16,2022-11-13,Pro,86,1877,22524,False,False,False,True,annual,True
S-1a33e5e0,A-e1406a,2022-03-20,,Pro,59,6855,82260,False,True,False,False,monthly,True
S-576848da,A-0c36d9,2021-05-16,,Basic,149,2594,31128,False,False,False,False,monthly,True
S-3da92114,A-a98afd,2024-04-18,,Basic,135,802,9624,False,False,False,False,annual,True
S-844aa0fc,A-001d08,2021-10-11,,Basic,70,2750,33000,False,False,False,False,annual,False
S-01679176,A-8efb70,2022-01-24,,Enterprise,37,1727,20724,False,False,False,False,annual,True
S-916c8195,A-430daf,2022-12-14,,Basic,16,4868,58416,False,False,True,False,monthly,True
S-0055cb34,A-38094a,2023-12-11,,Basic,107,1590,19080,False,False,False,False,monthly,True
S-b0f373ec,A-6fdb5c,2022-11-11,,Basic,128,279,3348,False,False,False,False,annual,True
S-e9530de5,A-c0e2d5,2022-05-12,2023-12-05,Pro,72,1536,18432,False,False,True,True,monthly,False
S-b01ce9cc,A-71e1df,2023-07-29,,Pro,151,2063,24756,False,False,False,False,monthly,True
S-d27f9200,A-51eed3,2021-06-01,,Enterprise,36,4328,51936,False,False,True,False,monthly,True
S-854a4ea0,A-3e6efe,2022-07-26,2023-06-18,Enterprise,85,3531,42372,False,False,True,True,monthly,True
S-423e67ed,A-4acad6,2023-07-15,,Pro,20,406,4872,False,False,False,False,annual,True
S-a3eb41a9,A-54f16c,2023-06-02,2024-03-05,Basic,74,1159,13908,False,False,False,True,monthly,False
S-9b168417,A-467260,2022-09-27,,Basic,57,5554,66648,True,True,False,False,annual,True
S-b3710164,A-66b64e,2022-03-24,,Pro,66,554,6648,False,False,False,False,monthly,True
S-fbf2b9ac,A-309d6a,2021-04-23,,Pro,88,1262,15144,False,True,False,False,annual,True
S-5022023b,A-76a68f,2022-11-30,,Enterprise,70,283,3396,False,False,False,False,monthly,False
S-9f8de3da,A-9f521d,2021-11-02,,Pro,129,528,6336,False,False,False,False,monthly,True
S-01e65b4a,A-4983af,2022-02-26,2023-10-05,Enterprise,85,2638,31656,False,False,False,True,annual,True
S-adc91d6c,A-d3803e,2023-10-18,,Basic,173,2595,31140,False,False,False,False,annual,True
