ticket_id,account_id,submitted_at,closed_at,resolution_time_hours,priority,first_response_time_minutes,satisfaction_score,escalation_flag
T-1f838d9d,A-7b6eee,2021-05-12 00:00:00,2021-05-12 20:44:03,20.73,medium,396,,False
T-9e62ea15,A-a481e9,2021-08-02 00:00:00,2021-08-04 03:13:05,51.22,low,418,2.6,False
T-4fe811b3,A-3f9994,2024-01-03 00:00:00,2024-01-03 16:12:15,16.2,low,352,3.9,False
T-fd3e4e59,A-1bf244,2022-04-24 00:00:00,2022-04-24 22:28:38,22.48,urgent,367,,False
T-4e392fca,A-715861,2024-11-29 00:00:00,2024-12-03 14:25:01,110.42,urgent,402,3.6,False
T-57d40e11,A-0ff5dc,2023-10-15 00:00:00,2023-10-19 15:45:45,111.76,low,93,4.9,True
T-546ba542,A-2312e2,2021-08-06 00:00:00,2021-08-10 23:22:41,119.38,urgent,130,,False
T-13742dce,A-6e303f,2024-06-22 00:00:00,2024-06-25 03:04:32,75.08,high,414,2.8,False
T-e271e1bf,A-2411d9,2022-11-10 00:00:00,2022-11-13 02:57:18,74.96,high,443,3.6,False
T-564ac1e6,A-40fc24,2024-05-17 00:00:00,2024-05-20 20:04:07,92.07,high,266,,False
T-57ced64c,A-10fde3,2024-08-20 00:00:00,2024-08-20 22:55:47,22.93,high,186,,False
T-466a0c03,A-d3154c,2022-08-12 00:00:00,2022-08-16 19:25:00,115.42,medium,47,,False
T-4efc6291,A-bf83ac,2021-03-04 00:00:00,2021-03-06 12:56:16,60.94,low,170,,True
T-3eb4d1c5,A-6e3d08,2023-05-26 00:00:00,2023-05-29 08:41:43,80.7,urgent,471,,True
T-9f506b74,A-f4fe1f,2024-10-30 00:00:00,2024-11-01 12:12:31,60.21,low,87,,False
T-d3193a3b,A-780b56,2021-05-25 00:00:00,2021-05-25 17:54:58,17.92,medium,422,,False
T-3c443ff4,A-5e8a5d,2021-12-01 00:00:00,2021-12-05 21:36:52,117.61,urgent,298,,True
T-bc34a03a,A-393763,2024-07-11 00:00:00,2024-07-14 18:58:42,90.98,low,356,3.7,False
T-fc114184,A-af8daf,2022-09-30 00:00:00,2022-09-30 13:34:19,13.57,high,224,4.3,False
T-10d6e2ae,A-c0f13b,2021-11-23 00:00:00,2021-11-26 03:09:19,75.16,low,148,,False
T-c9aa1414,A-99203a,2024-07-15 00:00:00,2024-07-18 08:07:47,80.13,low,12,,False
T-591c3e2e,A-64ddde,2022-04-07 00:00:00,2022-04-09 15:50:23,63.84,urgent,351,2.4,False
T-d47faebc,A-7f7de2,2022-03-11 00:00:00,2022-03-13 11:15:14,59.25,high,431,,False
T-633b219d,A-c6ab7a,2022-09-17 00:00:00,2022-09-21 12:33:13,108.55,low,107,,False
T-f17a6627,A-2b45e5,2023-04-06 00:00:00,2023-04-09 08:41:44,80.7,medium,2,3.0,False
T-5c4eab51,A-9dfcee,2023-12-16 00:00:00,2023-12-17 23:38:36,47.64,urgent,386,2.8,True
T-9ffa6f21,A-8563a7,2021-03-19 00:00:00,2021-03-19 15:30:17,15.5,urgent,92,3.9,False
T-dc10b970,A-d16ef7,2024-03-30 00:00:00,2024-04-02 16:46:29,88.77,medium,172,1.6,False
T-35da7507,A-4f020e,2021-07-09 00:00:00,2021-07-09 02:42:01,2.7,low,382,2.3,False
T-1fd94074,A-32812a,2023-02-13 00:00:00,2023-02-15 22:58:14,70.97,urgent,100,,False
T-7d699de9,A-b853d2,2022-09-17 00:00:00,2022-09-21 04:22:07,100.37,medium,451,,True
T-b1ff8104,A-a91287,2022-12-17 00:00:00,2022-12-17 03:08:22,3.14,urgent,203,,False
T-99ec6eee,A-e6e3cd,2023-11-11 00:00:00,2023-11-13 12:06:20,60.11,high,173,,True
T-16c31546,A-d22b13,2023-11-03 00:00:00,2023-11-07 23:58:30,119.98,medium,211,,False
T-f294646d,A-7b8bff,2024-03-24 00:00:00,2024-03-24 00:52:44,0.88,medium,154,,False
T-258efb00,A-4acad6,2021-01-12 00:00:00,2021-01-14 16:12:49,64.21,medium,386,1.9,False
T-8ce50e37,A-0d7286,2022-10-03 00:00:00,2022-10-03 13:33:33,13.56,medium,43,,True
T-32ad7682,A-c166a2,2024-06-03 00:00:00,2024-06-05 13:17:59,61.3,low,449,,False
T-7478ade6,A-e6343a,2024-04-06 00:00:00,2024-04-07 01:14:21,25.24,urgent,334,,False
T-52c9e666,A-b0fdf8,2021-03-31 00:00:00,2021-04-02 03:48:52,51.81,urgent,240,2.8,False
T-4fa2e96d,A-9ccef5,2022-10-12 00:00:00,2022-10-12 17:11:02,17.18,low,443,,True
T-885f2580,A-f4c25c,2021-03-25 00:00:00,2021-03-29 16:13:43,112.23,medium,179,3.5,False
T-e07e95b8,A-5ba322,2023-09-30 00:00:00,2023-09-30 08:32:41,8.54,low,287,4.2,False
T-fda1fa7a,A-168fe2,2022-01-26 00:00:00,2022-01-29 19:49:04,91.82,medium,188,4.0,False
T-4c1da1e7,A-e08e7c,2023-08-11 00:00:00,2023-08-14 20:11:27,92.19,medium,19,4.4,False
T-c014afc1,A-3841e3,2021-07-11 00:00:00,2021-07-12 20:19:28,44.32,high,449,,False
T-edde6f95,A-2b89d4,2022-02-20 00:00:00,2022-02-22 06:17:58,54.3,high,43,,False
T-8ee6a566,A-f7395b,2024-10-06 00:00:00,2024-10-10 13:13:44,109.23,medium,350,,False
T-27ccdc77,A-3a65d6,2024-03-13 00:00:00,2024-03-16 11:42:55,83.72,high,434,3.1,False
T-a0931ab9,A-321421,2023-07-08 00:00:00,2023-07-08 06:09:30,6.16,medium,451,,False
T-73783397,A-f3890c,2021-05-05 00:00:00,2021-05-06 22:42:01,46.7,medium,48,,False
T-b176beae,A-5a868a,2021-06-19 00:00:00,2021-06-19 08:30:56,8.52,low,284,4.5,True
T-eef8fef2,A-4f71e8,2022-04-12 00:00:00,2022-04-14 08:45:30,56.76,high,174,,False
T-338fa5f9,A-98ae9b,2021-04-22 00:00:00,2021-04-25 23:57:08,95.95,high,10,2.0,False
T-a71074b9,A-fd7c5d,2024-12-25 00:00:00,2024-12-29 23:13:02,119.22,medium,289,4.4,False
T-f0dbc6b1,A-8e16f1,2023-11-16 00:00:00,2023-11-16 08:49:05,8.82,medium,359,,True
T-64a43347,A-9d9ed2,2022-05-03 00:00:00,2022-05-06 16:49:01,88.82,urgent,330,2.8,False
T-4c5d9e12,A-6751ab,2023-08-17 00:00:00,2023-08-20 18:07:34,90.13,low,439,,True
T-b4750629,A-2e2e55,2022-10-16 00:00:00,2022-10-20 05:31:52,101.53,low,179,2.4,False
T-1d18ff21,A-7e69c7,2021-09-01 00:00:00,2021-09-05 04:09:32,100.16,urgent,24,2.0,False
T-af912934,A-bc60c8,2024-07-28 00:00:00,2024-07-31 01:34:57,73.58,low,145,1.2,False
T-88fc0c5f,A-6f29f7,2023-06-26 00:00:00,2023-06-30 11:59:22,107.99,low,40,2.3,False
T-d2d2d12c,A-2f36c1,2024-10-04 00:00:00,2024-10-07 13:57:19,85.96,medium,266,,True
T-d454962e,A-cb96b6,2024-05-25 00:00:00,2024-05-26 02:33:18,26.56,medium,317,5.0,False
T-d546ae08,A-85322a,2023-04-24 00:00:00,2023-04-26 22:59:42,71.0,medium,153,,False
T-e448a5aa,A-e21fc9,2021-03-09 00:00:00,2021-03-10 01:39:06,25.65,high,408,,False
T-b8774c10,A-d98759,2021-02-10 00:00:00,2021-02-12 18:47:56,66.8,urgent,302,,True
T-bce29cd3,A-e6e3cd,2022-03-15 00:00:00,2022-03-15 03:04:24,3.07,urgent,317,,True
T-e96b0a35,A-85322a,2023-07-27 00:00:00,2023-07-29 05:39:03,53.65,urgent,464,4.1,True
T-b2a38a6e,A-ab9ba5,2024-10-16 00:00:00,2024-10-18 17:10:28,65.17,urgent,425,,True
T-b703b7ff,A-39e2df,2024-09-19 00:00:00,2024-09-20 14:14:15,38.24,low,198,2.2,False
T-45fa74ba,A-a4bc9c,2022-05-01 00:00:00,2022-05-01 15:39:10,15.65,low,215,,False
T-fefdc8b5,A-7af86f,2022-05-19 00:00:00,2022-05-23 00:34:55,96.58,urgent,383,2.2,False
T-15786be0,A-661aa8,2024-02-02 00:00:00,2024-02-02 23:31:04,23.52,medium,226,1.0,True
T-ab30d1eb,A-4f8805,2021-02-10 00:00:00,2021-02-10 01:24:20,1.41,urgent,343,1.4,False
T-0bcb5da7,A-b8b83c,2021-01-15 00:00:00,2021-01-17 14:08:06,62.14,high,35,,False
T-40b0e49d,A-641031,2023-04-18 00:00:00,2023-04-21 02:36:34,74.61,high,226,1.7,False
T-ca654b98,A-9f9cca,2023-08-07 00:00:00,2023-08-11 04:04:15,100.07,low,450,,True
T-4f61e3a8,A-70da28,2021-03-12 00:00:00,2021-03-12 02:04:15,2.07,medium,143,,False
T-69599130,A-7c6a4f,2021-12-25 00:00:00,2021-12-26 00:56:07,24.94,high,445,1.3,False
T-061e0e45,A-c0260e,2021-03-31 00:00:00,2021-04-03 10:12:32,82.21,low,31,,False
T-0a556b48,A-2b89d4,2024-07-09 00:00:00,2024-07-12 09:18:10,81.3,urgent,331,,False
T-979309dd,A-3633b2,2022-07-06 00:00:00,2022-07-07 09:11:17,33.19,high,478,4.9,False
T-8b3974a4,A-ce9869,2024-08-17 00:00:00,2024-08-19 08:53:21,56.89,medium,10,2.5,True
T-7a5537ce,A-adedd2,2024-07-12 00:00:00,2024-07-13 14:54:06,38.9,low,441,,False
T-2c63e59a,A-186adc,2024-09-08 00:00:00,2024-09-09 01:01:08,25.02,high,126,1.9,False
T-0e1ef96c,A-f2e197,2024-01-15 00:00:00,2024-01-15 19:17:57,19.3,low,247,4.8,False
T-715a09c3,A-68ffd0,2023-07-23 00:00:00,2023-07-26 05:53:08,77.89,urgent,154,,False
T-175efe9e,A-8a8f8a,2024-02-03 00:00:00,2024-02-03 20:33:38,20.56,medium,63,,False
T-7e0234a0,A-293305,2023-07-31 00:00:00,2023-08-01 22:32:50,46.55,high,82,3.6,False
T-6e3f3e73,A-e3bd6e,2024-03-23 00:00:00,2024-03-23 13:18:24,13.31,high,173,3.4,False
T-4bb76547,A-2feda1,2023-12-27 00:00:00,2023-12-30 06:30:41,78.51,high,410,3.9,False
T-24a50249,A-0263d2,2021-09-19 00:00:00,2021-09-19 15:43:26,15.72,high,217,3.0,False
T-763ede9f,A-b0fdf8,2023-10-27 00:00:00,2023-10-28 14:05:42,38.1,urgent,52,,False
T-8d5a9d0f,A-99203a,2023-10-22 00:00:00,2023-10-23 00:36:15,24.6,high,11,2.0,False
T-e4af44f0,A-e71149,2024-02-07 00:00:00,2024-02-11 01:33:22,97.56,medium,109,3.9,False
T-1bae6202,A-430daf,2022-05-12 00:00:00,2022-05-16 23:27:52,119.46,urgent,382,,False
T-c7a619cf,A-27cc2c,2021-09-24 00:00:00,2021-09-26 22:19:21,70.32,low,149,,True
T-410c2389,A-4983af,2021-10-24 00:00:00,2021-10-25 07:36:46,31.61,urgent,444,,False
T-f86a74fd,A-e1fa7f,2023-07-12 00:00:00,2023-07-13 23:31:34,47.53,high,48,,False
T-6e1095e9,A-999860,2021-11-17 00:00:00,2021-11-19 11:06:58,59.12,medium,419,,False
T-845672eb,A-703310,2024-02-27 00:00:00,2024-02-28 12:40:26,36.67,medium,195,,False
T-d848e093,A-bb8a0a,2024-05-19 00:00:00,2024-05-21 07:09:51,55.16,urgent,427,3.7,False
T-7bcd385e,A-bb6306,2023-04-13 00:00:00,2023-04-17 08:39:28,104.66,high,412,2.7,False
T-ee94733e,A-f1d958,2021-10-07 00:00:00,2021-10-09 19:48:31,67.81,medium,66,,False
T-3f8b3d9b,A-4fc69b,2024-06-20 00:00:00,2024-06-21 15:31:13,39.52,low,437,1.2,False
T-e81defe5,A-2151c8,2021-01-09 00:00:00,2021-01-09 19:37:49,19.63,high,454,,False
T-2b760aa7,A-430daf,2023-08-10 00:00:00,2023-08-13 23:23:01,95.38,high,349,3.5,False
T-69f78d74,A-9175e6,2024-08-15 00:00:00,2024-08-18 19:36:38,91.61,high,188,5.0,False
T-2a8dba75,A-21c2da,2024-06-12 00:00:00,2024-06-16 00:22:02,96.37,high,414,1.6,False
T-9a2e32e8,A-518980,2024-06-21 00:00:00,2024-06-21 02:35:13,2.59,medium,446,,False
T-682788ec,A-825eb0,2024-09-20 00:00:00,2024-09-21 21:32:48,45.55,urgent,348,4.4,True
T-f3e86936,A-91c9c6,2021-03-08 00:00:00,2021-03-10 11:41:47,59.7,high,203,3.4,False
T-ec1c40eb,A-9a8bb2,2024-05-11 00:00:00,2024-05-11 18:08:40,18.14,high,299,,False
T-d26735bb,A-adf3b0,2024-09-15 00:00:00,2024-09-15 01:17:10,1.29,urgent,399,,True
T-b32d82a7,A-b46328,2023-04-23 00:00:00,2023-04-24 23:20:14,47.34,urgent,183,3.7,False
T-afa12e46,A-dccde9,2024-09-05 00:00:00,2024-09-08 07:22:58,79.38,urgent,272,2.7,False
T-e2c82252,A-18470a,2024-06-01 00:00:00,2024-06-01 10:52:13,10.87,high,418,,False
T-844231f5,A-757186,2023-01-15 00:00:00,2023-01-19 02:59:12,98.99,low,188,,False
T-cf4e4609,A-0e303f,2024-10-19 00:00:00,2024-10-21 15:44:06,63.74,high,75,4.7,False
T-3dcdfe61,A-e1b1a4,2021-03-24 00:00:00,2021-03-25 02:17:19,26.29,low,226,,True
T-3f784637,A-388d16,2021-07-25 00:00:00,2021-07-25 14:09:40,14.16,low,414,,False
T-97a5e8a8,A-d07cf7,2023-02-25 00:00:00,2023-03-01 09:08:09,105.14,urgent,383,1.7,True
T-acf4c6ee,A-3e6efe,2022-06-10 00:00:00,2022-06-10 08:39:59,8.67,urgent,168,3.2,False
T-69e12995,A-a2e460,2023-03-13 00:00:00,2023-03-17 19:02:58,115.05,high,147,,False
T-68bbf0f9,A-e2d27a,2023-05-29 00:00:00,2023-05-29 03:15:07,3.25,low,290,4.1,False
T-8f3eb387,A-410148,2024-04-21 00:00:00,2024-04-23 17:45:54,65.77,high,392,,True
T-b0895cd8,A-6751ab,2022-01-25 00:00:00,2022-01-25 02:19:48,2.33,high,111,1.9,False
T-36d32761,A-f56c83,2023-12-06 00:00:00,2023-12-09 17:47:25,89.79,medium,73,4.1,False
T-fbd76049,A-78d2ec,2021-09-10 00:00:00,2021-09-13 12:05:42,84.1,low,127,1.8,False
T-d351cba9,A-467260,2022-07-29 00:00:00,2022-07-29 07:36:19,7.61,high,240,,True
T-e411662c,A-7b1bc8,2024-06-01 00:00:00,2024-06-02 11:59:38,35.99,high,342,2.6,False
T-606ca2f0,A-f60e4b,2021-03-05 00:00:00,2021-03-08 12:07:38,84.13,low,329,3.3,False
T-79e8cc4a,A-467260,2023-03-13 00:00:00,2023-03-17 09:12:42,105.21,medium,388,1.4,False
T-84de2c46,A-9175e6,2021-03-25 00:00:00,2021-03-26 14:17:40,38.29,urgent,261,4.8,False
T-7f524a82,A-60fec0,2021-06-30 00:00:00,2021-07-02 21:06:30,69.11,high,374,4.9,False
T-9de52323,A-321421,2023-03-25 00:00:00,2023-03-27 07:57:59,55.97,medium,243,4.2,False
T-9dbac19a,A-579d6a,2022-04-02 00:00:00,2022-04-05 17:43:45,89.73,high,200,,False
T-797aedbf,A-186adc,2021-12-28 00:00:00,2021-12-28 10:17:07,10.29,medium,92,,True
T-1cc45a69,A-4cf7f7,2021-07-13 00:00:00,2021-07-17 01:07:30,97.13,low,61,,True
T-e96960d3,A-fd34f6,2024-02-11 00:00:00,2024-02-11 06:38:15,6.64,low,329,4.5,False
T-fb054ca2,A-2810a5,2021-11-11 00:00:00,2021-11-14 10:14:30,82.24,low,27,,False
T-9963d120,A-2c850e,2021-06-20 00:00:00,2021-06-21 07:56:56,31.95,urgent,266,2.6,False
T-fdac807d,A-0e38f6,2021-11-10 00:00:00,2021-11-11 23:01:21,47.02,urgent,372,3.0,False
T-f9c7a517,A-9c8b42,2022-08-16 00:00:00,2022-08-20 12:46:31,108.78,urgent,271,3.7,False
T-5b592d95,A-ba0f8c,2024-01-09 00:00:00,2024-01-13 00:21:19,96.36,high,4,1.7,False
T-48c85ca7,A-51ca60,2021-01-16 00:00:00,2021-01-17 11:17:26,35.29,medium,476,,False
T-bc1aab5b,A-ed6bb8,2023-02-06 00:00:00,2023-02-08 23:41:18,71.69,high,259,2.0,False
T-365a356a,A-dabc1b,2022-05-29 00:00:00,2022-06-01 03:20:33,75.34,medium,410,,False
T-4b1a2d14,A-121302,2021-03-11 00:00:00,2021-03-12 13:51:04,37.85,low,135,1.2,False
T-5c793cbc,A-448821,2023-08-16 00:00:00,2023-08-17 13:21:19,37.36,medium,242,,False
T-cb4ddd91,A-655235,2021-09-26 00:00:00,2021-09-27 23:57:08,47.95,high,383,,False
T-4424df66,A-adedd2,2024-09-30 00:00:00,2024-09-30 19:32:51,19.55,urgent,254,3.8,False
T-003173ce,A-ef6f7e,2021-03-11 00:00:00,2021-03-14 21:11:16,93.19,urgent,174,3.6,False
T-b618e6a8,A-3bb1ee,2022-05-31 00:00:00,2022-06-04 05:27:36,101.46,medium,423,3.3,False
T-5549ba2e,A-f26363,2024-04-12 00:00:00,2024-04-12 01:46:23,1.77,medium,314,2.5,True
T-f85569f7,A-df92d4,2022-07-23 00:00:00,2022-07-26 20:27:02,92.45,high,177,,False
T-3690abca,A-f2e197,2022-03-09 00:00:00,2022-03-12 10:07:56,82.13,medium,235,,False
T-41e5e86a,A-68ffd0,2024-06-21 00:00:00,2024-06-23 18:52:38,66.88,high,444,,False
T-17263107,A-f5777d,2021-05-20 00:00:00,2021-05-23 22:12:35,94.21,urgent,253,,False
T-b5363335,A-ba7802,2021-05-14 00:00:00,2021-05-14 04:37:38,4.63,low,181,2.1,False
T-82f9fd33,A-24f862,2021-12-09 00:00:00,2021-12-09 20:45:53,20.76,urgent,307,,False
T-4034e81f,A-1bf244,2021-11-14 00:00:00,2021-11-17 18:42:23,90.71,urgent,158,,False
T-2c9433c8,A-961183,2023-09-10 00:00:00,2023-09-10 01:31:17,1.52,urgent,140,,False
T-954b70a1,A-c0260e,2022-06-24 00:00:00,2022-06-28 01:02:25,97.04,medium,232,,False
T-de09ab36,A-09bda1,2023-04-01 00:00:00,2023-04-02 19:47:36,43.79,low,171,2.0,False
T-6a7a1646,A-adf3b0,2024-09-07 00:00:00,2024-09-11 01:12:39,97.21,urgent,163,3.2,False
T-f495aa3a,A-c402fb,2023-12-02 00:00:00,2023-12-05 12:40:35,84.68,low,97,2.2,False
T-718136df,A-ba0f8c,2024-10-01 00:00:00,2024-10-03 10:11:47,58.2,low,371,,True
T-81719990,A-4c2fc6,2022-11-28 00:00:00,2022-11-29 15:14:52,39.25,urgent,382,4.5,False
T-2b74b2dd,A-b4365e,2023-01-04 00:00:00,2023-01-05 15:49:18,39.82,medium,332,2.3,False
T-2e147a28,A-93381a,2022-12-17 00:00:00,2022-12-21 09:23:31,105.39,urgent,406,4.0,True
T-a1710f4f,A-daa5e3,2021-08-04 00:00:00,2021-08-07 06:57:20,78.96,urgent,12,4.7,False
T-decf0a3f,A-fd7c5d,2022-09-08 00:00:00,2022-09-08 20:35:05,20.58,medium,45,,False
T-4579f0d9,A-ab9ba5,2022-06-12 00:00:00,2022-06-15 18:45:36,90.76,medium,250,,False
T-bf17f089,A-057df9,2023-08-09 00:00:00,2023-08-09 02:21:57,2.37,low,387,3.1,False
T-d4558105,A-805f2e,2024-05-17 00:00:00,2024-05-17 17:08:13,17.14,low,251,,False
T-df72cabb,A-8563a7,2023-02-08 00:00:00,2023-02-12 12:18:39,108.31,low,267,,False
T-bee4e5c7,A-58a963,2022-03-26 00:00:00,2022-03-30 10:08:11,106.14,high,166,3.3,False
T-6703e7df,A-e21fc9,2023-10-26 00:00:00,2023-10-27 20:04:47,44.08,medium,455,1.5,False
T-d4f7b08e,A-641031,2021-03-04 00:00:00,2021-03-07 07:51:58,79.87,high,272,3.0,False
T-468da41c,A-7b1bc8,2023-05-03 00:00:00,2023-05-06 22:39:23,94.66,low,193,,True
T-14007361,A-fbe044,2022-08-17 00:00:00,2022-08-17 01:25:53,1.43,low,101,1.8,True
T-d050d383,A-d07cf7,2021-10-07 00:00:00,2021-10-11 21:34:53,117.58,urgent,396,,False
T-1d639d57,A-49256a,2022-09-30 00:00:00,2022-09-30 17:52:34,17.88,high,10,,False
T-6db36069,A-9d9ed2,2023-03-06 00:00:00,2023-03-06 04:05:48,4.1,medium,179,1.7,False
T-3e15e750,A-d87876,2022-05-18 00:00:00,2022-05-19 18:34:07,42.57,low,464,,False
T-cf7bdeaf,A-430daf,2024-05-15 00:00:00,2024-05-19 22:04:30,118.08,medium,450,4.1,True
T-f42176fe,A-176774,2022-03-19 00:00:00,2022-03-23 21:55:38,117.93,high,105,,False
T-862cb6d9,A-b95064,2021-04-19 00:00:00,2021-04-21 23:20:38,71.34,urgent,355,4.0,False
T-526d815e,A-ba42fc,2021-05-10 00:00:00,2021-05-12 04:33:10,52.55,low,363,4.2,False
T-ebbfa6f6,A-27cc2c,2022-10-03 00:00:00,2022-10-05 05:33:28,53.56,medium,178,1.8,False
T-d159face,A-1bf244,2024-08-19 00:00:00,2024-08-19 09:47:58,9.8,medium,295,,False
T-01956feb,A-01c648,2023-10-27 00:00:00,2023-10-27 19:24:25,19.41,medium,445,3.5,True
T-8bec1a41,A-b4365e,2021-07-25 00:00:00,2021-07-25 04:38:26,4.64,low,130,3.8,False
T-0e42ca6e,A-85322a,2021-09-27 00:00:00,2021-09-28 09:40:51,33.68,high,135,,False
T-4d49367d,A-e6fa42,2021-02-18 00:00:00,2021-02-19 17:22:46,41.38,high,20,,False
T-48cf0265,A-2e3f29,2023-06-10 00:00:00,2023-06-10 21:10:48,21.18,urgent,316,3.6,False
T-ba48a472,A-b8b83c,2023-05-03 00:00:00,2023-05-04 22:01:06,46.02,low,113,1.9,True
T-1c3eecf8,A-5a868a,2021-07-10 00:00:00,2021-07-11 02:43:00,26.72,medium,137,,False
T-95f3d14e,A-9e2b64,2022-09-29 00:00:00,2022-10-03 02:38:21,98.64,high,239,,False
T-256cb447,A-2c1987,2021-10-23 00:00:00,2021-10-25 17:57:17,65.95,urgent,265,1.9,False
T-964f3712,A-3a19f8,2023-12-30 00:00:00,2023-12-30 10:52:43,10.88,low,111,4.3,False
T-a9ba9abf,A-d766b2,2023-02-25 00:00:00,2023-02-27 22:07:02,70.12,medium,211,2.1,False
T-6a8ef701,A-21c968,2024-12-15 00:00:00,2024-12-16 18:27:37,42.46,urgent,292,,False
T-60a41d87,A-7e69c7,2023-11-18 00:00:00,2023-11-19 19:16:29,43.27,high,302,,False
T-7bb56e02,A-e5e60e,2023-07-06 00:00:00,2023-07-10 01:48:30,97.81,urgent,108,3.0,False
T-a5993d27,A-f6b94c,2024-06-13 00:00:00,2024-06-17 12:16:01,108.27,urgent,87,3.5,False
T-23e124bd,A-cfdab5,2021-12-21 00:00:00,2021-12-25 01:05:57,97.1,medium,399,3.9,False
T-7a71769c,A-2c3420,2022-06-19 00:00:00,2022-06-19 23:12:53,23.21,low,439,4.0,False
T-544ed6c3,A-cb96b6,2021-12-09 00:00:00,2021-12-13 05:36:53,101.61,medium,211,4.9,False
T-8386290a,A-cc4e00,2023-01-07 00:00:00,2023-01-09 09:11:12,57.19,urgent,98,,False
T-04096065,A-1bf244,2022-09-04 00:00:00,2022-09-08 19:51:44,115.86,urgent,291,2.2,False
T-6c7d3b28,A-cddcac,2024-08-24 00:00:00,2024-08-25 07:49:15,31.82,urgent,293,,False
T-281cbeb2,A-4f71e8,2022-02-21 00:00:00,2022-02-21 03:19:56,3.33,high,88,,False
T-fb455d5b,A-410bfd,2022-02-19 00:00:00,2022-02-20 12:46:45,36.78,high,55,,False
T-41466c0c,A-e08e7c,2023-08-17 00:00:00,2023-08-17 05:55:02,5.92,medium,294,2.1,False
T-eafc429d,A-abbbd0,2021-07-11 00:00:00,2021-07-12 03:25:55,27.43,low,2,,False
T-57321bf1,A-f3aa45,2023-12-29 00:00:00,2023-12-31 14:46:52,62.78,low,263,4.7,False
T-4264d30b,A-6f29f7,2021-06-07 00:00:00,2021-06-08 14:53:35,38.89,high,458,2.4,False
T-6caaadd3,A-71e1df,2024-06-16 00:00:00,2024-06-16 16:00:01,16.0,medium,383,4.0,False
T-b27410fc,A-b543ff,2022-10-03 00:00:00,2022-10-06 04:52:30,76.88,high,159,,True
T-9f086edf,A-ece32d,2023-03-10 00:00:00,2023-03-12 05:09:13,53.15,urgent,174,4.1,True
T-860c13e9,A-31dcb8,2024-08-30 00:00:00,2024-08-30 06:01:55,6.03,urgent,45,,False
T-ab2d2d89,A-1ce57d,2023-07-02 00:00:00,2023-07-06 09:21:47,105.36,low,101,,False
T-8f490670,A-4fc1cc,2023-04-21 00:00:00,2023-04-22 17:35:22,41.59,low,159,,False
T-47f35ba9,A-3f9994,2023-06-28 00:00:00,2023-07-01 19:53:07,91.89,low,47,3.7,False
T-a1aa9de5,A-ed72be,2023-11-19 00:00:00,2023-11-20 14:17:21,38.29,medium,232,,False
T-efebfcd9,A-e6e3cd,2022-05-03 00:00:00,2022-05-04 08:13:55,32.23,urgent,212,,False
T-8d3e3225,A-b94147,2024-05-14 00:00:00,2024-05-14 10:11:59,10.2,high,145,,False
T-16f81d92,A-c0e2d5,2023-08-25 00:00:00,2023-08-28 00:09:56,72.17,high,26,,False
T-08d4d142,A-9d992c,2023-05-17 00:00:00,2023-05-17 05:01:12,5.02,urgent,406,,False
T-5369846d,A-27e0e9,2022-02-25 00:00:00,2022-02-26 13:35:45,37.6,medium,380,1.1,False
T-c8d799d2,A-e99e90,2021-04-13 00:00:00,2021-04-15 02:00:37,50.01,medium,132,4.7,False
T-4b975af1,A-819eaf,2023-01-10 00:00:00,2023-01-14 03:12:50,99.21,low,291,2.8,False
T-83c316c2,A-c8e48c,2021-03-02 00:00:00,2021-03-04 16:16:17,64.27,low,398,1.2,False
T-26194995,A-7aee9c,2021-08-21 00:00:00,2021-08-23 15:18:48,63.31,high,394,3.0,False
T-a034cca5,A-bc1b91,2023-01-11 00:00:00,2023-01-12 04:42:32,28.71,urgent,21,4.8,False
T-7a2f87dc,A-c0e2d5,2021-04-24 00:00:00,2021-04-24 18:07:12,18.12,high,458,2.2,False
T-d05c8ff4,A-85322a,2022-03-30 00:00:00,2022-03-31 21:13:22,45.22,medium,402,3.7,False
T-4754b9a9,A-32812a,2022-12-25 00:00:00,2022-12-27 16:16:09,64.27,urgent,323,,False
T-300e3051,A-8f8cfc,2022-08-16 00:00:00,2022-08-18 06:40:02,54.67,low,296,2.1,False
T-0230fb5e,A-68ffd0,2021-11-13 00:00:00,2021-11-15 19:05:40,67.09,low,333,1.8,False
T-a987a401,A-2f36c1,2022-04-01 00:00:00,2022-04-01 10:13:32,10.23,low,433,4.2,False
T-c761c542,A-2b8e44,2022-01-29 00:00:00,2022-02-01 15:44:58,87.75,urgent,426,4.9,True
T-d08cc4a0,A-39e2df,2024-04-10 00:00:00,2024-04-11 18:53:31,42.89,high,274,4.6,False
T-15096606,A-f4d2c5,2024-11-11 00:00:00,2024-11-15 14:09:29,110.16,medium,378,,False
T-06eac922,A-396e8b,2023-08-14 00:00:00,2023-08-15 08:29:14,32.49,urgent,206,,True
T-e61a9cd8,A-001d08,2022-05-03 00:00:00,2022-05-03 01:36:13,1.6,low,267,,False
T-690e5f85,A-49535d,2023-11-09 00:00:00,2023-11-12 09:54:31,81.91,low,173,2.0,False
T-8126e84b,A-f11b19,2024-09-16 00:00:00,2024-09-20 04:49:25,100.82,high,60,3.1,False
T-914513dc,A-b32d86,2023-05-27 00:00:00,2023-05-27 04:32:40,4.54,high,4,1.2,True
T-98029f60,A-37b909,2023-04-19 00:00:00,2023-04-21 04:54:18,52.91,high,67,2.1,False
T-cd0db357,A-76a68f,2022-06-16 00:00:00,2022-06-16 20:46:54,20.78,urgent,117,2.7,False
T-d9e1969b,A-e6fa42,2021-12-15 00:00:00,2021-12-19 22:08:45,118.15,urgent,79,2.0,True
T-9306a7ae,A-2c1987,2024-02-22 00:00:00,2024-02-25 01:11:52,73.2,urgent,351,,False
T-e3d54ecc,A-8f8cfc,2024-10-04 00:00:00,2024-10-04 15:22:50,15.38,high,128,,False
T-4ea78ce0,A-0143b8,2021-03-23 00:00:00,2021-03-25 07:34:24,55.57,high,283,2.3,False
T-d5f14543,A-d3154c,2022-05-04 00:00:00,2022-05-06 04:27:12,52.45,medium,87,1.0,False
T-a4b1eed9,A-390557,2024-11-17 00:00:00,2024-11-18 22:27:00,46.45,low,275,3.0,False
T-93a6ab00,A-3f7dbc,2021-03-05 00:00:00,2021-03-05 04:06:27,4.11,low,217,,False
T-93808383,A-3e6efe,2021-06-09 00:00:00,2021-06-10 18:36:16,42.6,high,290,1.5,True
T-53df1fad,A-d07cf7,2023-05-16 00:00:00,2023-05-17 03:26:46,27.45,medium,291,,False
T-547dc4e9,A-d3d2c6,2021-03-25 00:00:00,2021-03-29 04:22:07,100.37,urgent,50,1.9,False
T-9e039c58,A-393763,2024-11-27 00:00:00,2024-11-27 08:50:35,8.84,medium,155,,True
T-42aec301,A-24f862,2022-07-04 00:00:00,2022-07-06 09:42:30,57.71,low,402,3.6,False
T-de528af5,A-39e2df,2023-09-28 00:00:00,2023-09-29 14:39:26,38.66,high,154,,False
T-caeda908,A-c0260e,2023-08-08 00:00:00,2023-08-08 15:37:08,15.62,high,409,,False
T-31674a22,A-0bf6e3,2022-01-17 00:00:00,2022-01-19 02:39:42,50.66,high,273,1.1,False
T-40ec11af,A-f56c83,2024-05-11 00:00:00,2024-05-14 19:01:41,91.03,high,313,4.0,False
T-6257449a,A-d3763d,2024-05-19 00:00:00,2024-05-22 04:01:01,76.02,urgent,141,2.3,False
T-c2420f4a,A-b913b0,2024-05-02 00:00:00,2024-05-05 02:38:17,74.64,urgent,4,,False
T-4d2e942f,A-4e2188,2021-05-24 00:00:00,2021-05-25 07:05:35,31.09,low,228,4.4,False
T-af8452cc,A-b040a0,2024-03-12 00:00:00,2024-03-14 03:55:01,51.92,low,223,2.4,False
T-c82e06b2,A-cea72b,2022-07-18 00:00:00,2022-07-19 19:02:13,43.04,low,249,1.2,False
T-a930f39f,A-e6ef8b,2024-08-09 00:00:00,2024-08-09 02:12:28,2.21,high,480,,False
T-ed12f1d3,A-309d6a,2023-02-03 00:00:00,2023-02-07 03:47:44,99.8,urgent,478,4.9,False
T-d801ce88,A-626bb3,2021-01-27 00:00:00,2021-01-31 13:08:07,109.14,high,353,3.1,False
T-0f2f9231,A-9a9689,2021-06-25 00:00:00,2021-06-26 14:40:28,38.67,high,10,1.7,False
T-13c68097,A-18470a,2023-11-05 00:00:00,2023-11-08 18:11:52,90.2,medium,119,,True
T-666e9c61,A-2e3f29,2021-12-30 00:00:00,2022-01-02 00:00:20,72.01,urgent,365,,False
T-190045f9,A-bd844f,2023-10-03 00:00:00,2023-10-07 07:23:28,103.39,low,391,,False
T-323f3f59,A-9e5b2d,2023-03-01 00:00:00,2023-03-04 21:04:37,93.08,high,33,,False
T-8ff9523b,A-ac7019,2023-08-15 00:00:00,2023-08-17 21:51:42,69.86,medium,419,3.2,False
T-29778a30,A-a721c1,2022-11-30 00:00:00,2022-11-30 02:00:49,2.01,low,175,1.9,False
T-f1783d17,A-702e67,2021-10-20 00:00:00,2021-10-23 06:22:05,78.37,low,396,1.2,True
T-7393cfd1,A-186adc,2021-07-15 00:00:00,2021-07-15 15:12:21,15.21,low,89,2.5,False
T-f062c5a7,A-8e16f1,2022-04-26 00:00:00,2022-04-26 22:00:54,22.02,medium,356,,False
T-5e131fca,A-ba0f8c,2021-03-25 00:00:00,2021-03-25 16:32:12,16.54,medium,102,1.8,False
T-d37bec58,A-4aefb3,2023-11-11 00:00:00,2023-11-11 04:29:37,4.49,medium,100,,False
T-84777d6e,A-61408e,2023-07-17 00:00:00,2023-07-21 14:15:45,110.26,urgent,263,,False
T-cbbb572f,A-3bb1ee,2022-01-31 00:00:00,2022-02-04 06:24:17,102.4,low,195,,False
T-c2cbb085,A-ba7802,2021-04-29 00:00:00,2021-05-03 09:30:30,105.51,urgent,107,2.7,False
T-c68d6267,A-09489d,2021-03-17 00:00:00,2021-03-19 10:55:33,58.93,low,49,,False
T-25f9c6d9,A-8efb70,2023-08-24 00:00:00,2023-08-24 21:28:21,21.47,high,455,,False
T-648bca6c,A-42ab46,2023-12-01 00:00:00,2023-12-02 20:23:55,44.4,medium,142,1.8,False
T-bc7d2ce4,A-3f39a3,2024-03-18 00:00:00,2024-03-19 15:08:03,39.13,urgent,241,3.6,True
T-1d57ca29,A-d8fe58,2023-10-23 00:00:00,2023-10-23 12:32:05,12.53,high,450,,True
T-74546a79,A-d78e97,2021-11-04 00:00:00,2021-11-06 15:08:56,63.15,medium,93,,True
T-55bc5db3,A-90b550,2023-05-16 00:00:00,2023-05-18 20:12:18,68.21,high,350,,False
T-219ed06b,A-9175e6,2024-07-01 00:00:00,2024-07-05 00:52:31,96.88,high,131,,False
T-0c0b13a5,A-2e2e55,2024-02-07 00:00:00,2024-02-09 03:54:57,51.92,high,161,1.5,False
T-d870ceb2,A-e6e3cd,2024-06-21 00:00:00,2024-06-22 14:01:21,38.02,high,440,3.9,False
T-d2f9752a,A-121302,2022-12-14 00:00:00,2022-12-18 02:43:09,98.72,urgent,450,4.5,False
T-e8f146fc,A-32812a,2023-05-12 00:00:00,2023-05-15 12:09:58,84.17,urgent,342,,False
T-0628aabe,A-2ca16b,2021-10-30 00:00:00,2021-11-03 12:04:39,108.08,medium,342,2.6,False
T-1b78201d,A-253b47,2022-10-28 00:00:00,2022-10-29 06:40:52,30.68,low,220,3.0,False
T-d01b0c13,A-410bfd,2023-09-08 00:00:00,2023-09-12 21:10:37,117.18,low,216,,False
T-ba98ba30,A-3dc038,2023-06-12 00:00:00,2023-06-15 07:22:06,79.37,medium,278,,False
T-2d149027,A-e1a8ea,2021-07-26 00:00:00,2021-07-26 11:10:23,11.17,high,354,,False
T-cff384f2,A-32812a,2023-03-02 00:00:00,2023-03-05 15:16:54,87.28,urgent,419,3.8,False
T-bde97eb6,A-b56ab1,2021-08-18 00:00:00,2021-08-20 23:40:16,71.67,low,276,,False
T-5a2d77c5,A-2b45e5,2022-09-10 00:00:00,2022-09-13 14:44:43,86.75,high,409,,False
T-9621f830,A-a481e9,2022-11-07 00:00:00,2022-11-08 11:43:06,35.72,high,100,,False
T-2e9ad498,A-15e7b5,2021-07-04 00:00:00,2021-07-08 00:38:03,96.63,high,138,2.4,True
T-24858f54,A-bc0a07,2023-11-20 00:00:00,2023-11-20 22:46:05,22.77,high,117,,False
T-2a4350b9,A-bc60c8,2024-11-13 00:00:00,2024-11-15 06:52:57,54.88,medium,63,4.9,False
T-ca9a37ee,A-961a05,2021-04-30 00:00:00,2021-05-01 13:59:39,37.99,medium,297,3.5,True
T-06d33a69,A-795e78,2023-04-21 00:00:00,2023-04-21 19:07:40,19.13,low,339,4.4,False
T-1afebd8b,A-df92d4,2022-12-01 00:00:00,2022-12-01 07:18:05,7.3,high,441,,False
T-f8196165,A-7e69c7,2021-06-07 00:00:00,2021-06-07 09:22:50,9.38,medium,455,3.2,False
T-b1d01bc8,A-ef8d69,2022-09-13 00:00:00,2022-09-16 17:28:47,89.48,urgent,44,2.6,False
T-4f9c9053,A-795e78,2024-03-20 00:00:00,2024-03-22 22:00:45,70.01,high,42,,False
T-35f700c9,A-825eb0,2022-12-03 00:00:00,2022-12-07 00:40:13,96.67,medium,75,3.1,False
T-55b52a47,A-49256a,2024-07-15 00:00:00,2024-07-16 08:39:13,32.65,low,383,2.1,False
T-464203bf,A-f10061,2022-01-29 00:00:00,2022-02-02 19:23:05,115.38,high,34,2.1,False
T-5a69dbb3,A-e99e90,2021-11-25 00:00:00,2021-11-26 22:51:35,46.86,low,381,2.9,False
T-d4a14bb9,A-8563a7,2021-12-29 00:00:00,2022-01-02 05:45:59,101.77,urgent,52,,False
T-f06a0b6c,A-d0403b,2022-04-21 00:00:00,2022-04-21 04:28:42,4.48,urgent,371,,False
T-e3006fe0,A-127d60,2022-05-09 00:00:00,2022-05-13 16:55:27,112.92,high,181,,False
T-d449d33e,A-4f020e,2021-06-22 00:00:00,2021-06-25 01:13:53,73.23,medium,196,2.1,True
T-350f380c,A-a81600,2023-01-04 00:00:00,2023-01-07 21:58:10,93.97,medium,55,,False
T-bd337f1c,A-4983af,2023-10-26 00:00:00,2023-10-28 18:42:07,66.7,medium,44,3.4,False
T-28b0ed3e,A-f3aa45,2021-09-07 00:00:00,2021-09-11 21:54:31,117.91,urgent,313,3.2,False
T-01aec18a,A-410bfd,2024-03-17 00:00:00,2024-03-19 05:50:59,53.85,urgent,116,4.1,False
T-a5f6cd76,A-a481e9,2021-02-13 00:00:00,2021-02-15 22:47:17,70.79,medium,219,1.1,False
T-e9e0157a,A-ed6bb8,2022-01-30 00:00:00,2022-01-31 18:52:46,42.88,medium,215,,False
T-5a77e573,A-8f00d8,2021-07-28 00:00:00,2021-08-01 16:49:22,112.82,medium,3,,False
T-bcf2ebbd,A-518980,2023-01-22 00:00:00,2023-01-22 18:19:58,18.33,low,298,,False
T-c642cf05,A-396e8b,2021-02-02 00:00:00,2021-02-03 12:27:15,36.45,low,289,3.9,True
T-ed957ad9,A-bc0a07,2024-10-02 00:00:00,2024-10-05 13:39:18,85.66,high,253,2.0,True
T-79c53fda,A-08a972,2021-04-15 00:00:00,2021-04-15 09:05:45,9.1,low,10,,False
T-ef5f82fa,A-0c36d9,2023-01-26 00:00:00,2023-01-27 19:06:08,43.1,high,334,,False
T-89f7acf0,A-7f7de2,2022-11-03 00:00:00,2022-11-03 10:32:38,10.54,high,71,1.4,True
T-514e9ac1,A-f43965,2021-08-18 00:00:00,2021-08-20 11:42:26,59.71,low,209,,False
T-0eeae8a4,A-e1406a,2022-04-07 00:00:00,2022-04-10 10:00:12,82.0,urgent,96,,False
T-dcb15aae,A-8d94af,2022-06-15 00:00:00,2022-06-15 18:12:29,18.21,high,114,1.6,False
T-0d4f5e1b,A-795e78,2022-02-12 00:00:00,2022-02-12 19:07:19,19.12,high,244,3.4,True
T-544d7f71,A-e71149,2022-08-18 00:00:00,2022-08-21 12:59:30,84.99,low,362,3.4,True
T-9fbefaa1,A-0d5e78,2021-04-27 00:00:00,2021-04-28 05:55:14,29.92,low,398,3.6,False
T-88b543b1,A-59d242,2024-08-29 00:00:00,2024-09-01 10:31:05,82.52,low,154,3.5,False
T-1d591aad,A-e3bd6e,2021-08-24 00:00:00,2021-08-26 15:46:21,63.77,low,217,2.2,False
T-5142e7b3,A-94b0ff,2024-03-23 00:00:00,2024-03-24 02:18:29,26.31,urgent,107,,False
T-aeb7093d,A-bc1b91,2024-10-16 00:00:00,2024-10-19 13:16:26,85.27,low,290,3.7,False
T-9eaec556,A-2bf8bb,2024-01-01 00:00:00,2024-01-02 10:43:34,34.73,low,398,3.1,False
T-ddccaa6f,A-a2a361,2024-08-20 00:00:00,2024-08-21 14:58:41,38.98,medium,164,4.7,False
T-8cc08dc4,A-e1fa7f,2022-08-13 00:00:00,2022-08-16 05:11:35,77.19,urgent,55,,False
T-2ab93a94,A-0e38f6,2023-10-21 00:00:00,2023-10-21 22:06:35,22.11,urgent,252,4.9,False
T-f39efeda,A-95248b,2023-02-06 00:00:00,2023-02-06 21:42:31,21.71,medium,388,4.7,False
T-d201ff1d,A-c8e48c,2023-01-11 00:00:00,2023-01-11 08:07:20,8.12,urgent,226,1.7,False
T-23ddb1a1,A-518980,2021-09-17 00:00:00,2021-09-21 04:11:28,100.19,medium,50,,False
T-738fe2b9,A-6f29f7,2023-12-22 00:00:00,2023-12-26 23:52:10,119.87,high,68,3.8,True
T-cc99c36e,A-10fde3,2023-03-06 00:00:00,2023-03-09 10:34:37,82.58,high,431,,False
T-f414373a,A-0143b8,2021-10-14 00:00:00,2021-10-15 04:52:31,28.88,high,284,,False
T-1bcad0cc,A-999860,2023-12-02 00:00:00,2023-12-04 23:41:49,71.7,urgent,281,3.5,False
T-a1db74eb,A-9d992c,2022-08-05 00:00:00,2022-08-05 01:32:34,1.54,urgent,115,1.1,False
T-de0fe04e,A-1f5600,2021-08-01 00:00:00,2021-08-05 07:30:15,103.5,low,41,3.2,False
T-1884b608,A-29b014,2022-02-26 00:00:00,2022-03-02 12:25:46,108.43,urgent,45,,False
T-1b971b09,A-275801,2022-09-27 00:00:00,2022-09-30 22:10:33,94.18,low,131,,False
T-0126b496,A-9e2b64,2021-09-22 00:00:00,2021-09-26 13:24:23,109.41,medium,235,4.1,False
T-acac441f,A-0562c3,2022-10-18 00:00:00,2022-10-21 10:29:38,82.49,low,227,2.8,False
T-1cca2609,A-ff97ce,2023-10-20 00:00:00,2023-10-23 20:01:41,92.03,urgent,162,1.5,False
T-df9218e0,A-aad5c7,2022-06-24 00:00:00,2022-06-25 18:48:31,42.81,high,421,,False
T-e700b126,A-50e35d,2021-10-29 00:00:00,2021-11-01 15:30:34,87.51,medium,79,1.8,False
T-9b8fc230,A-127d60,2023-02-21 00:00:00,2023-02-23 02:46:59,50.78,high,148,,True
T-a1335cfb,A-253b47,2024-11-20 00:00:00,2024-11-20 22:52:10,22.87,high,340,2.3,False
T-12b5eb72,A-21c2da,2022-01-14 00:00:00,2022-01-17 23:51:45,95.86,low,98,1.4,False
T-b8d7b502,A-1bf244,2022-03-27 00:00:00,2022-03-30 06:10:42,78.18,urgent,124,4.7,True
T-c6fbbd8b,A-fd7c5d,2021-08-24 00:00:00,2021-08-28 07:05:59,103.1,medium,128,4.9,True
T-026dd2cb,A-14e75c,2023-04-16 00:00:00,2023-04-16 08:05:05,8.08,low,433,2.9,True
T-d896104c,A-d5772f,2021-12-28 00:00:00,2022-01-01 08:51:03,104.85,high,244,2.8,False
T-5b299302,A-715861,2024-09-03 00:00:00,2024-09-05 05:06:00,53.1,urgent,428,,False
T-fadb5088,A-1f5600,2021-07-02 00:00:00,2021-07-03 10:49:12,34.82,high,65,,False
T-60eec132,A-a98afd,2024-09-16 00:00:00,2024-09-18 20:50:04,68.83,low,448,,True
T-23b8057b,A-993774,2021-04-11 00:00:00,2021-04-11 20:53:41,20.89,high,185,,False
T-1feea947,A-78d2ec,2024-04-27 00:00:00,2024-04-29 18:02:13,66.04,urgent,242,3.1,True
T-2997d470,A-b853d2,2024-05-06 00:00:00,2024-05-10 07:16:22,103.27,high,200,3.1,False
T-18173494,A-6e3d08,2024-03-20 00:00:00,2024-03-21 09:21:29,33.36,low,180,2.9,False
T-7f360ba7,A-7c6a4f,2023-06-01 00:00:00,2023-06-05 10:46:48,106.78,high,62,4.0,False
T-e2a6622b,A-02fad5,2022-02-11 00:00:00,2022-02-12 13:21:49,37.36,low,462,,False
T-29ec0ffb,A-50e35d,2021-08-14 00:00:00,2021-08-15 01:14:00,25.23,low,4,,True
T-3efec5dd,A-adedd2,2024-02-08 00:00:00,2024-02-10 00:02:18,48.04,urgent,416,,False
T-3f3adcf2,A-b4365e,2023-01-13 00:00:00,2023-01-14 01:29:18,25.49,high,181,,False
T-7f69df69,A-aeac12,2021-04-27 00:00:00,2021-04-27 08:15:08,8.25,medium,468,2.2,False
T-e6285bd9,A-275801,2024-02-11 00:00:00,2024-02-13 12:39:26,60.66,medium,464,2.4,True
T-0814423d,A-40fc24,2022-11-30 00:00:00,2022-12-03 17:23:00,89.38,high,249,,False
T-36a1f0b6,A-757186,2023-03-08 00:00:00,2023-03-08 02:39:05,2.65,high,258,2.6,False
T-bba577c8,A-aad5c7,2022-01-08 00:00:00,2022-01-09 19:21:37,43.36,urgent,454,4.6,False
T-52400e17,A-702e67,2021-10-04 00:00:00,2021-10-06 13:34:58,61.58,high,286,,False
T-7bb72832,A-2feda1,2023-02-11 00:00:00,2023-02-15 06:43:18,102.72,high,18,4.5,False
T-bb3b52f1,A-ad2f33,2023-03-13 00:00:00,2023-03-14 03:53:01,27.88,medium,470,,False
T-8072a663,A-daa5e3,2023-04-29 00:00:00,2023-05-03 04:46:12,100.77,low,342,,False
T-b3db3f6e,A-0249c4,2021-11-16 00:00:00,2021-11-18 20:44:24,68.74,medium,366,3.9,False
T-03069f86,A-29b014,2022-02-28 00:00:00,2022-03-04 00:04:43,96.08,medium,166,4.9,False
T-302a474f,A-64ddde,2024-02-20 00:00:00,2024-02-23 21:48:55,93.82,medium,153,,False
T-10312b79,A-f6b94c,2021-01-28 00:00:00,2021-02-01 14:54:40,110.91,urgent,462,2.9,False
T-5cf9984a,A-3633b2,2024-03-28 00:00:00,2024-03-30 11:26:34,59.44,urgent,209,2.9,False
T-717f67f6,A-3f7dbc,2023-08-07 00:00:00,2023-08-08 07:25:36,31.43,high,409,4.7,False
T-06d81734,A-bb8a0a,2024-06-18 00:00:00,2024-06-22 16:51:22,112.86,medium,81,2.3,False
T-5a5edb34,A-f56c83,2021-03-31 00:00:00,2021-04-01 09:54:20,33.91,urgent,94,2.7,False
T-9462b974,A-47ce41,2023-09-23 00:00:00,2023-09-26 17:36:12,89.6,low,306,2.2,False
T-e1768eb5,A-309d6a,2023-03-05 00:00:00,2023-03-06 06:25:27,30.42,low,463,,False
T-51d807cc,A-001d08,2024-08-03 00:00:00,2024-08-03 20:56:31,20.94,medium,401,4.0,False
T-83a5a5e7,A-7231b2,2023-12-18 00:00:00,2023-12-20 06:29:50,54.5,urgent,341,,False
T-6c21dbec,A-d87876,2024-10-11 00:00:00,2024-10-15 15:18:08,111.3,low,102,2.8,False
T-c9178d67,A-503d27,2021-05-09 00:00:00,2021-05-11 04:47:35,52.79,high,8,4.4,True
T-87e98424,A-f26363,2023-03-30 00:00:00,2023-04-03 03:32:11,99.54,high,462,,True
T-68f23b7c,A-76eede,2022-03-11 00:00:00,2022-03-12 03:55:43,27.93,low,93,3.4,False
T-7686d071,A-f56c83,2023-09-15 00:00:00,2023-09-19 14:28:42,110.48,medium,368,2.4,False
T-acf36917,A-064dcf,2024-04-02 00:00:00,2024-04-02 02:27:28,2.46,urgent,358,,False
T-a0413100,A-b00145,2023-04-27 00:00:00,2023-04-30 08:14:42,80.25,medium,366,,False
T-e16ace39,A-ef8d69,2023-06-29 00:00:00,2023-07-03 06:34:29,102.57,low,443,,False
T-11757bbd,A-ca5e0e,2023-11-28 00:00:00,2023-11-29 07:32:49,31.55,urgent,193,,False
T-144e7497,A-3d5546,2021-05-18 00:00:00,2021-05-19 16:29:19,40.49,high,142,3.2,False
T-b0dc5913,A-cfdab5,2022-08-23 00:00:00,2022-08-24 19:20:41,43.34,urgent,58,3.1,False
T-6ef7ef19,A-b36d98,2023-12-01 00:00:00,2023-12-03 08:52:10,56.87,high,409,,False
T-cb12fbd0,A-0e38f6,2022-11-10 00:00:00,2022-11-13 16:22:00,88.37,medium,394,1.5,True
T-5cb8b059,A-f2b464,2022-04-01 00:00:00,2022-04-03 05:00:16,53.0,medium,260,3.4,False
T-629a9cbc,A-16905a,2024-06-06 00:00:00,2024-06-08 02:18:30,50.31,high,319,1.0,False
T-f88f2f84,A-c32b0a,2024-08-31 00:00:00,2024-09-01 02:32:30,26.54,urgent,427,4.8,False
T-fdea1c67,A-396e8b,2024-02-10 00:00:00,2024-02-11 16:39:26,40.66,medium,399,,False
T-2cb05eb1,A-e3bd6e,2024-10-10 00:00:00,2024-10-12 08:19:04,56.32,high,55,4.9,False
T-a1899456,A-3a19f8,2022-06-13 00:00:00,2022-06-16 14:35:03,86.58,high,209,2.4,False
T-e87e2abe,A-54f16c,2024-06-23 00:00:00,2024-06-24 07:48:15,31.8,urgent,58,1.9,False
T-b5eda1d1,A-9f9cca,2024-10-10 00:00:00,2024-10-14 01:16:07,97.27,low,118,,False
T-9aec47da,A-f4d2c5,2022-08-10 00:00:00,2022-08-14 05:05:36,101.09,low,258,,False
T-15d0df90,A-ed6bb8,2023-03-29 00:00:00,2023-04-02 21:48:05,117.8,medium,317,2.7,False
T-35e44902,A-ba7ab9,2023-01-02 00:00:00,2023-01-06 01:51:51,97.86,high,77,,False
T-8ec36bfd,A-26efad,2024-05-06 00:00:00,2024-05-10 12:26:02,108.43,medium,237,,False
T-fd22d9b8,A-8a2dcf,2021-07-03 00:00:00,2021-07-05 17:32:56,65.55,low,429,1.2,False
T-930bc658,A-ba7ab9,2023-05-16 00:00:00,2023-05-17 03:37:04,27.62,high,422,2.5,False
T-26902807,A-63c268,2024-10-15 00:00:00,2024-10-18 20:46:19,92.77,low,204,2.2,False
T-2462d1ac,A-d8fe58,2022-02-28 00:00:00,2022-03-01 20:09:12,44.15,high,457,3.1,False
T-0914a594,A-bc1b91,2023-01-08 00:00:00,2023-01-12 22:59:06,118.99,medium,149,4.4,False
T-008a3415,A-5a868a,2021-01-02 00:00:00,2021-01-04 14:58:31,62.98,urgent,235,4.5,True
T-26896918,A-321421,2024-04-08 00:00:00,2024-04-09 08:00:32,32.01,low,78,4.3,False
T-6befd720,A-c48f44,2021-10-12 00:00:00,2021-10-15 08:05:38,80.09,low,392,,False
T-88985b3d,A-2feda1,2021-12-05 00:00:00,2021-12-08 16:03:49,88.06,high,477,2.0,False
T-f85846dd,A-121302,2023-05-22 00:00:00,2023-05-26 18:14:59,114.25,low,105,2.8,False
T-09225a0f,A-7c73b8,2022-07-12 00:00:00,2022-07-14 23:07:11,71.12,low,207,,False
T-4d2e0cad,A-275801,2023-05-06 00:00:00,2023-05-06 05:24:39,5.41,urgent,471,,False
T-a7a0bcd7,A-dec46e,2024-06-29 00:00:00,2024-07-03 14:28:50,110.48,high,157,1.9,False
T-80fdd823,A-1126a7,2021-07-11 00:00:00,2021-07-14 22:01:33,94.03,low,9,,False
T-b3b7a169,A-ea1711,2024-07-11 00:00:00,2024-07-15 11:52:19,107.87,urgent,116,1.6,True
T-f5971726,A-503d27,2024-08-07 00:00:00,2024-08-10 03:02:01,75.03,medium,261,3.1,False
T-27d5d9be,A-467260,2021-02-05 00:00:00,2021-02-08 23:58:28,95.97,medium,99,1.9,False
T-956cdd7c,A-7cb77a,2024-11-13 00:00:00,2024-11-16 14:21:27,86.36,high,337,1.1,True
T-75c19e92,A-b46328,2023-12-31 00:00:00,2024-01-01 10:08:16,34.14,low,103,1.5,True
T-7e477170,A-2e2e55,2021-06-13 00:00:00,2021-06-16 11:25:01,83.42,low,356,,False
T-5f83673a,A-2c850e,2022-01-19 00:00:00,2022-01-22 13:11:59,85.2,urgent,24,4.1,False
T-107540d3,A-a54ab8,2023-02-20 00:00:00,2023-02-20 08:09:33,8.16,urgent,246,4.5,False
T-68cc769a,A-1f7327,2022-05-11 00:00:00,2022-05-12 18:30:10,42.5,urgent,361,1.7,False
T-55b6f84b,A-b56ab1,2023-05-19 00:00:00,2023-05-21 13:02:31,61.04,high,17,2.4,False
T-2e722ed1,A-e6e3cd,2024-04-02 00:00:00,2024-04-02 23:24:30,23.41,high,34,,False
T-579b1bac,A-a1f6aa,2024-01-28 00:00:00,2024-02-01 04:46:45,100.78,high,146,,False
T-b0c4822f,A-f60e4b,2024-09-28 00:00:00,2024-10-02 03:20:11,99.34,urgent,359,4.5,False
T-6d3aa299,A-89fca7,2021-09-21 00:00:00,2021-09-21 22:41:37,22.69,medium,378,3.4,False
T-b5a84ccd,A-c8e48c,2021-07-12 00:00:00,2021-07-16 11:06:54,107.12,high,142,,False
T-c83dfef3,A-bf83ac,2021-01-26 00:00:00,2021-01-30 12:04:31,108.08,high,212,,False
T-76f38faa,A-c166a2,2022-07-27 00:00:00,2022-07-29 10:01:53,58.03,low,26,,True
T-15a1359b,A-0249c4,2022-02-05 00:00:00,2022-02-08 15:32:41,87.54,high,190,1.4,False
T-d3c1119c,A-64ddde,2023-05-21 00:00:00,2023-05-25 22:59:46,119.0,urgent,461,3.4,False
T-5eab41f8,A-40fc24,2023-03-07 00:00:00,2023-03-09 15:05:42,63.1,high,83,3.2,False
T-c8d25529,A-d3154c,2022-10-11 00:00:00,2022-10-14 22:50:56,94.85,medium,259,1.6,False
T-aff694ff,A-f89626,2021-09-09 00:00:00,2021-09-09 16:44:00,16.73,medium,176,,False
T-4d116cd4,A-c0f13b,2021-08-26 00:00:00,2021-08-26 11:49:51,11.83,low,101,1.9,True
T-eb1c1c57,A-94b0ff,2023-09-07 00:00:00,2023-09-07 02:42:55,2.72,high,8,,False
T-4d32fac0,A-0d5e78,2021-06-27 00:00:00,2021-07-01 19:37:30,115.63,low,276,1.6,False
T-b91e66ff,A-8a2dcf,2023-01-01 00:00:00,2023-01-03 10:49:01,58.82,high,19,,False
T-eb231140,A-09489d,2021-03-07 00:00:00,2021-03-10 13:07:33,85.13,low,172,,False
T-13414fdb,A-961a05,2023-09-05 00:00:00,2023-09-09 22:21:29,118.36,high,383,2.8,True
T-997e6841,A-4983af,2022-12-22 00:00:00,2022-12-22 03:58:50,3.98,medium,440,,False
T-aa927713,A-7b8bff,2024-12-20 00:00:00,2024-12-23 17:24:58,89.42,high,443,,False
T-50370acd,A-390557,2023-07-22 00:00:00,2023-07-22 13:41:11,13.69,high,21,3.6,False
T-d49b4d9e,A-54f16c,2021-10-04 00:00:00,2021-10-06 20:24:45,68.41,medium,336,,False
T-c1ac361a,A-0edc7e,2023-02-18 00:00:00,2023-02-18 03:41:46,3.7,urgent,285,1.7,False
T-7d7d58bd,A-e6ef8b,2024-01-20 00:00:00,2024-01-22 12:35:40,60.59,medium,376,2.0,False
T-823acd13,A-4f8805,2021-05-14 00:00:00,2021-05-15 05:49:51,29.83,urgent,169,2.2,True
T-9aea5173,A-572cc7,2024-12-29 00:00:00,2025-01-02 12:57:30,108.96,urgent,346,,False
T-b024ad0b,A-bc60c8,2024-04-14 00:00:00,2024-04-16 15:15:37,63.26,high,148,,False
T-f73a9c75,A-e1796c,2023-02-10 00:00:00,2023-02-13 04:14:30,76.24,urgent,164,1.4,True
T-ccfee934,A-aad5c7,2022-03-01 00:00:00,2022-03-05 21:10:09,117.17,urgent,85,3.1,False
T-e34d303a,A-2e3f29,2024-12-15 00:00:00,2024-12-18 09:38:07,81.64,high,145,,False
T-a77ee10e,A-4ef13f,2022-08-08 00:00:00,2022-08-10 16:07:40,64.13,urgent,68,1.2,True
T-a36b2450,A-8f8cfc,2021-01-31 00:00:00,2021-02-03 20:01:14,92.02,low,371,2.5,False
T-6e5c42b3,A-1b90d5,2023-07-24 00:00:00,2023-07-25 09:32:20,33.54,high,143,3.7,False
T-76ada372,A-cc6cd9,2023-12-10 00:00:00,2023-12-11 11:25:40,35.43,urgent,349,2.4,False
T-649487a9,A-522b54,2021-10-07 00:00:00,2021-10-07 02:27:19,2.46,low,91,4.0,False
T-46329ca4,A-09bda1,2024-05-23 00:00:00,2024-05-27 08:48:51,104.81,low,396,,False
T-fcefce34,A-66d8db,2022-02-14 00:00:00,2022-02-17 09:26:25,81.44,high,414,4.8,False
T-8673048e,A-ef8d69,2024-01-10 00:00:00,2024-01-13 06:05:28,78.09,low,377,1.2,False
T-32e13925,A-2e2e55,2022-10-21 00:00:00,2022-10-22 15:22:47,39.38,urgent,25,2.5,False
T-4e552b0a,A-ef6f7e,2022-06-14 00:00:00,2022-06-14 07:23:05,7.38,medium,55,,False
T-ac2311f3,A-d9ad81,2022-10-23 00:00:00,2022-10-25 08:35:50,56.6,high,105,,False
T-3d42ecc1,A-3ac391,2023-04-23 00:00:00,2023-04-23 09:09:26,9.16,urgent,425,,False
T-ebcb6456,A-c6ab7a,2022-05-23 00:00:00,2022-05-27 10:09:15,106.15,low,391,4.7,True
T-4150c249,A-572cc7,2023-04-25 00:00:00,2023-04-27 14:48:40,62.81,medium,257,,False
T-a71d72d0,A-1f44c7,2023-08-16 00:00:00,2023-08-16 20:17:52,20.3,urgent,181,,False
T-e975a879,A-275801,2022-04-07 00:00:00,2022-04-07 17:03:00,17.05,low,299,,False
T-f0806aca,A-98ae9b,2022-05-26 00:00:00,2022-05-26 18:29:40,18.49,high,62,,False
T-82f4979f,A-3ea8a3,2024-02-24 00:00:00,2024-02-27 03:16:24,75.27,high,277,4.4,False
T-799e00f2,A-1aa01f,2024-03-30 00:00:00,2024-03-30 03:18:33,3.31,urgent,385,1.1,True
T-ad30c861,A-17fe97,2021-04-05 00:00:00,2021-04-07 07:11:42,55.2,urgent,177,2.0,False
T-a4db1fd3,A-51e832,2023-06-22 00:00:00,2023-06-24 12:01:05,60.02,medium,371,4.5,False
T-3d035249,A-4cf7f7,2024-03-12 00:00:00,2024-03-15 05:31:51,77.53,high,444,4.7,False
T-2886999f,A-1bf244,2021-07-21 00:00:00,2021-07-23 13:45:09,61.75,medium,447,,False
T-cb1fe822,A-7aee9c,2021-07-18 00:00:00,2021-07-18 15:47:06,15.79,urgent,26,,False
T-9c885ac4,A-274168,2021-05-22 00:00:00,2021-05-22 23:18:08,23.3,low,353,,False
T-7f9392c4,A-9175e6,2024-05-28 00:00:00,2024-05-29 15:51:09,39.85,medium,318,1.2,False
T-eaa6cf4d,A-60fec0,2023-07-28 00:00:00,2023-07-29 15:20:15,39.34,high,236,2.0,False
T-95b22d12,A-4f4bc8,2022-06-23 00:00:00,2022-06-26 17:15:59,89.27,medium,294,4.0,False
T-eae7ba19,A-c1d6f0,2023-04-03 00:00:00,2023-04-03 08:08:44,8.15,high,313,4.9,False
T-88b09cee,A-d98759,2024-11-01 00:00:00,2024-11-03 18:56:47,66.95,high,87,1.0,False
T-e7561015,A-626bb3,2024-04-14 00:00:00,2024-04-18 05:32:23,101.54,medium,339,4.3,False
T-08d25f2a,A-c402fb,2021-01-09 00:00:00,2021-01-13 08:34:22,104.57,medium,256,1.2,False
T-5732b5b5,A-70da28,2024-04-21 00:00:00,2024-04-23 23:47:37,71.79,urgent,290,1.3,False
T-fb91cb8b,A-cddcac,2022-05-14 00:00:00,2022-05-17 18:04:55,90.08,low,1,,True
T-434e4a9d,A-a4bc9c,2024-10-31 00:00:00,2024-10-31 21:44:28,21.74,high,51,4.2,False
T-27982910,A-dfaa0d,2022-12-20 00:00:00,2022-12-22 11:02:43,59.05,urgent,191,,False
T-01a01beb,A-bc1b91,2023-08-02 00:00:00,2023-08-06 13:18:05,109.3,low,261,4.4,False
T-ab1d0b71,A-8efb70,2022-05-05 00:00:00,2022-05-07 01:31:20,49.52,high,443,,False
T-d071c423,A-b2adb9,2024-05-01 00:00:00,2024-05-04 07:14:04,79.23,low,87,2.6,False
T-e11e8be2,A-9aab82,2021-05-18 00:00:00,2021-05-19 18:21:06,42.35,urgent,389,,True
T-735419cf,A-9f9cca,2023-08-19 00:00:00,2023-08-20 12:50:05,36.83,low,351,3.4,False
T-078e97ed,A-390557,2022-05-18 00:00:00,2022-05-22 04:25:03,100.42,high,217,3.2,False
T-9275236b,A-46fc8d,2024-06-02 00:00:00,2024-06-03 02:50:25,26.84,low,265,,False
T-243bef2d,A-2be2ac,2021-10-29 00:00:00,2021-10-29 04:20:19,4.34,medium,67,1.2,False
T-85f87378,A-9b151e,2023-06-02 00:00:00,2023-06-06 08:36:25,104.61,high,77,,False
T-a9537dfa,A-572cc7,2022-09-20 00:00:00,2022-09-20 03:23:21,3.39,urgent,360,1.0,False
T-57b5876d,A-001d08,2024-11-14 00:00:00,2024-11-15 04:31:40,28.53,medium,449,1.4,False
T-0a461f97,A-467260,2023-10-11 00:00:00,2023-10-14 11:55:12,83.92,low,415,,False
T-e89d3144,A-9ccef5,2022-03-19 00:00:00,2022-03-22 14:49:39,86.83,high,5,,False
T-d071fd90,A-71e1df,2024-02-26 00:00:00,2024-02-28 22:15:18,70.26,high,115,4.4,False
T-3f77a095,A-46d001,2024-10-11 00:00:00,2024-10-15 05:53:50,101.9,medium,40,,False
T-67c21cef,A-9e2b64,2024-11-15 00:00:00,2024-11-19 12:17:44,108.3,medium,111,,False
T-a8518997,A-572cc7,2024-03-15 00:00:00,2024-03-17 08:22:14,56.37,high,400,3.3,False
T-518ccf46,A-d16ef7,2024-04-03 00:00:00,2024-04-05 00:59:58,49.0,high,409,4.1,False
T-d63e39e2,A-e23d29,2023-12-26 00:00:00,2023-12-27 16:56:29,40.94,low,213,,False
T-c0cf6022,A-0249c4,2021-02-06 00:00:00,2021-02-08 00:15:07,48.25,medium,426,4.9,False
T-eae46915,A-e6ef8b,2024-12-09 00:00:00,2024-12-13 20:04:33,116.08,urgent,9,4.9,False
T-551fba14,A-dbf513,2021-08-13 00:00:00,2021-08-16 08:13:01,80.22,urgent,87,,False
T-279a4a4d,A-fd34f6,2023-02-03 00:00:00,2023-02-05 13:35:52,61.6,urgent,232,,True
T-3c317853,A-27341c,2022-12-20 00:00:00,2022-12-21 20:16:57,44.28,urgent,374,4.5,False
T-1bd592c1,A-0c9ef2,2022-11-02 00:00:00,2022-11-04 19:14:10,67.24,medium,151,4.7,True
T-aceec23f,A-ba7802,2021-04-06 00:00:00,2021-04-07 09:40:55,33.68,high,440,,True
T-719a54ad,A-4ef13f,2022-05-04 00:00:00,2022-05-07 07:54:52,79.91,medium,95,4.1,False
T-69287914,A-bf83ac,2023-12-19 00:00:00,2023-12-19 03:00:00,3.0,medium,312,,False
T-e75bfbd6,A-bb8a0a,2024-07-03 00:00:00,2024-07-06 14:39:06,86.65,low,363,2.5,False
T-65774a26,A-79589c,2023-05-24 00:00:00,2023-05-28 11:25:01,107.42,high,343,,False
T-39edf4a0,A-7b8bff,2021-10-07 00:00:00,2021-10-08 10:31:19,34.52,urgent,281,1.4,True
T-8a368541,A-8b3a95,2022-11-24 00:00:00,2022-11-26 19:09:13,67.15,high,409,3.8,False
T-7fd5a095,A-c166a2,2021-04-13 00:00:00,2021-04-17 10:20:11,106.34,low,293,2.4,False
T-41d96aca,A-46f183,2023-12-25 00:00:00,2023-12-26 04:10:31,28.18,urgent,362,,True
T-d418b594,A-7b6eee,2021-12-24 00:00:00,2021-12-27 20:49:06,92.82,low,41,4.1,False
T-ad0bc54d,A-4182b6,2024-02-03 00:00:00,2024-02-05 02:16:35,50.28,high,24,,False
T-78101ce9,A-4182b6,2022-08-25 00:00:00,2022-08-25 07:04:36,7.08,urgent,30,,False
T-45367947,A-f3aa45,2024-07-22 00:00:00,2024-07-22 11:04:51,11.08,low,137,3.5,False
T-fe8a20b7,A-6751ab,2024-05-25 00:00:00,2024-05-25 23:56:25,23.94,medium,10,,False
T-24d9164d,A-ef8d69,2021-04-15 00:00:00,2021-04-17 12:39:48,60.66,urgent,1,3.9,False
T-a6741c6c,A-0bcb7a,2023-06-21 00:00:00,2023-06-24 18:04:07,90.07,medium,251,1.3,False
T-65bdd523,A-90aaae,2022-12-29 00:00:00,2023-01-01 20:06:49,92.11,high,109,4.1,True
T-5c4c3da5,A-3e6efe,2024-05-08 00:00:00,2024-05-09 06:48:16,30.8,low,463,,False
T-17bab732,A-4cf7f7,2023-05-19 00:00:00,2023-05-19 12:24:21,12.41,high,330,,False
T-babb4181,A-27e0e9,2024-04-18 00:00:00,2024-04-22 20:17:57,116.3,high,187,3.4,False
T-c537e10f,A-58a963,2022-05-19 00:00:00,2022-05-23 22:29:08,118.49,urgent,61,2.6,True
T-892cc11d,A-cdee75,2021-10-08 00:00:00,2021-10-12 18:24:54,114.42,low,426,,False
T-9e8df5a5,A-d22b13,2021-11-07 00:00:00,2021-11-11 17:50:17,113.84,urgent,335,1.1,False
T-9f9bf53c,A-7b6eee,2022-07-22 00:00:00,2022-07-23 02:41:15,26.69,high,355,3.5,False
T-a3d2c604,A-6fdb5c,2022-05-28 00:00:00,2022-05-28 10:04:53,10.08,medium,397,4.4,False
T-375b2152,A-4f020e,2023-01-02 00:00:00,2023-01-03 15:06:19,39.11,low,438,,False
T-d9ed9a79,A-d16ef7,2021-10-03 00:00:00,2021-10-07 21:31:26,117.52,medium,320,2.6,True
T-bc079608,A-001d08,2021-01-04 00:00:00,2021-01-08 09:22:38,105.38,low,64,4.7,True
T-c740688f,A-a2a361,2024-12-25 00:00:00,2024-12-27 04:49:48,52.83,urgent,426,4.7,True
T-6b6d2ac0,A-a91287,2024-12-25 00:00:00,2024-12-27 23:47:26,71.79,low,471,2.7,True
T-ba984577,A-40abca,2022-12-10 00:00:00,2022-12-10 14:30:37,14.51,low,162,,False
T-6801e278,A-24f862,2021-09-03 00:00:00,2021-09-05 17:31:44,65.53,low,452,2.0,False
T-9e32906d,A-cb96b6,2022-03-29 00:00:00,2022-03-31 19:04:40,67.08,medium,66,,True
T-602bde8f,A-b1f3cb,2024-11-11 00:00:00,2024-11-13 17:05:29,65.09,urgent,218,3.2,False
T-dfe88be6,A-b543ff,2023-02-21 00:00:00,2023-02-21 06:03:41,6.06,medium,297,4.2,False
T-3a8955c9,A-273a83,2024-02-01 00:00:00,2024-02-04 23:15:57,95.27,high,148,3.8,False
T-09128c43,A-6487b2,2021-05-15 00:00:00,2021-05-15 05:50:24,5.84,high,220,2.8,False
T-056d08ba,A-ea1711,2024-01-28 00:00:00,2024-01-31 06:43:07,78.72,high,338,4.2,False
T-baa424c9,A-9c8b42,2022-04-12 00:00:00,2022-04-12 05:36:06,5.6,medium,430,,False
T-8828dece,A-a2a361,2024-05-12 00:00:00,2024-05-13 00:11:56,24.2,high,386,,False
T-a30c0d9c,A-f2b464,2021-10-18 00:00:00,2021-10-21 22:24:48,94.41,low,394,4.4,True
T-1f58cf77,A-b81b20,2023-01-08 00:00:00,2023-01-08 07:43:11,7.72,high,255,1.5,False
T-cf780982,A-2151c8,2022-05-23 00:00:00,2022-05-26 00:14:29,72.24,medium,457,,False
T-db72b48c,A-7c6a4f,2022-03-30 00:00:00,2022-04-01 06:50:57,54.85,low,347,,False
T-2b8c37b7,A-0bf6e3,2023-10-04 00:00:00,2023-10-07 21:29:50,93.5,urgent,367,,True
T-1dccc310,A-2ca16b,2023-12-12 00:00:00,2023-12-14 08:47:13,56.79,medium,428,,False
T-3711b48b,A-eca077,2024-09-02 00:00:00,2024-09-02 03:47:17,3.79,high,397,1.1,False
T-de6a8879,A-a2a361,2022-03-12 00:00:00,2022-03-16 23:43:41,119.73,urgent,306,,False
T-fcaf904f,A-d8fe58,2021-11-11 00:00:00,2021-11-14 00:48:49,72.81,urgent,473,4.2,False
T-b879e562,A-60fec0,2021-12-18 00:00:00,2021-12-18 07:16:17,7.27,urgent,354,4.0,False
T-4dcdc136,A-abbbd0,2023-04-18 00:00:00,2023-04-19 01:15:58,25.27,high,341,2.5,False
T-1c05b4bd,A-d3154c,2021-05-01 00:00:00,2021-05-03 11:46:16,59.77,low,419,4.1,False
T-7e9a5971,A-b1f3cb,2023-01-25 00:00:00,2023-01-27 20:34:17,68.57,medium,479,,False
T-e95d778e,A-11cce9,2023-02-24 00:00:00,2023-02-24 05:20:04,5.33,low,193,1.2,True
T-e081a702,A-0e38f6,2022-09-29 00:00:00,2022-09-29 16:39:50,16.66,high,26,,False
T-23f91281,A-14e75c,2022-11-11 00:00:00,2022-11-12 22:45:47,46.76,medium,50,4.3,True
T-18c68380,A-703310,2023-10-22 00:00:00,2023-10-26 22:22:58,118.38,medium,58,4.1,False
T-9d7ee6a2,A-057df9,2024-04-11 00:00:00,2024-04-11 01:29:33,1.49,medium,330,3.9,False
T-fbb58e31,A-d87876,2022-06-16 00:00:00,2022-06-18 04:07:37,52.13,high,197,4.1,False
T-90c499ef,A-59672e,2022-03-09 00:00:00,2022-03-10 22:57:25,46.96,medium,396,1.1,False
T-8d9ba72b,A-29838a,2024-01-10 00:00:00,2024-01-14 22:02:34,118.04,low,194,4.3,False
T-320d88c4,A-961183,2024-05-02 00:00:00,2024-05-04 21:45:50,69.76,medium,365,1.6,False
T-edb9f478,A-518980,2021-02-08 00:00:00,2021-02-11 22:52:50,94.88,high,138,2.1,False
T-775ce474,A-b4365e,2023-06-22 00:00:00,2023-06-26 13:13:27,109.22,urgent,423,,False
T-7d576fb1,A-3204d3,2021-06-24 00:00:00,2021-06-24 18:12:30,18.21,low,137,3.1,False
T-d8af3a33,A-7c73b8,2023-06-04 00:00:00,2023-06-06 22:38:33,70.64,low,150,,True
T-07637e60,A-a48e9a,2021-07-11 00:00:00,2021-07-12 15:47:14,39.79,medium,233,1.3,False
T-f6217fc2,A-fc24f9,2021-06-02 00:00:00,2021-06-05 19:28:11,91.47,low,230,,False
T-909e366a,A-79589c,2024-02-12 00:00:00,2024-02-13 11:52:17,35.87,low,233,,False
T-5931057c,A-f3890c,2022-12-20 00:00:00,2022-12-21 17:51:47,41.86,high,35,3.0,False
T-cbc3e557,A-5ba322,2021-06-24 00:00:00,2021-06-25 00:47:02,24.78,urgent,329,4.4,True
T-92279618,A-58d05f,2021-03-17 00:00:00,2021-03-20 05:04:06,77.07,low,387,1.2,False
T-1b8dfc5d,A-168fe2,2022-10-23 00:00:00,2022-10-27 11:39:21,107.66,medium,193,,False
T-501c915f,A-bda37c,2022-02-23 00:00:00,2022-02-27 11:22:23,107.37,medium,310,2.1,True
T-ac4c3f66,A-fc24f9,2023-03-02 00:00:00,2023-03-06 05:35:08,101.59,urgent,438,3.9,False
T-aa7003f3,A-a54ab8,2024-06-25 00:00:00,2024-06-29 18:48:16,114.8,medium,145,4.2,False
T-33781757,A-00d9f1,2021-01-04 00:00:00,2021-01-05 04:26:45,28.45,high,47,,False
T-b3635787,A-e1406a,2024-09-20 00:00:00,2024-09-22 02:42:15,50.7,low,345,2.1,False
T-9abca5ec,A-fc24f9,2021-06-03 00:00:00,2021-06-04 16:31:13,40.52,low,276,,False
T-0de67f27,A-6cb2ce,2023-12-13 00:00:00,2023-12-14 09:00:08,33.0,low,165,,False
T-1675fa0a,A-4aaf62,2022-11-18 00:00:00,2022-11-20 22:38:34,70.64,high,389,1.6,False
T-c32ec686,A-5a868a,2024-02-04 00:00:00,2024-02-05 03:58:13,27.97,low,7,,False
T-44ba4b72,A-66ee96,2023-08-15 00:00:00,2023-08-19 13:10:38,109.18,high,377,,False
T-39278245,A-757186,2024-02-12 00:00:00,2024-02-15 14:05:56,86.1,medium,181,,False
T-7fbdfe82,A-3a41b2,2024-08-14 00:00:00,2024-08-17 06:25:34,78.43,low,321,4.8,False
T-71755658,A-ba0f8c,2022-07-08 00:00:00,2022-07-08 04:59:42,5.0,medium,188,,False
T-16650322,A-f60e4b,2021-10-28 00:00:00,2021-11-01 16:22:13,112.37,medium,76,1.6,False
T-ede40519,A-90b550,2024-04-11 00:00:00,2024-04-13 16:14:46,64.25,high,404,,True
T-30363179,A-168fe2,2023-11-03 00:00:00,2023-11-03 04:52:57,4.88,high,125,,False
T-f34562d8,A-3d75c1,2022-10-27 00:00:00,2022-10-31 19:35:01,115.58,low,375,1.8,False
T-45e19e75,A-aad5c7,2022-12-18 00:00:00,2022-12-20 05:28:58,53.48,high,439,,False
T-3a5ea0e4,A-9c8b42,2024-07-02 00:00:00,2024-07-06 00:50:59,96.85,low,471,3.8,False
T-9652b7bf,A-8eb0b9,2023-12-18 00:00:00,2023-12-22 13:02:41,109.04,medium,36,2.3,False
T-cb4a58cc,A-674f3d,2022-07-12 00:00:00,2022-07-14 18:46:56,66.78,high,11,4.1,False
T-411c3e52,A-4aaf62,2022-10-23 00:00:00,2022-10-23 02:25:52,2.43,high,372,1.4,False
T-d94b532b,A-a54ab8,2023-11-20 00:00:00,2023-11-24 08:42:56,104.72,high,177,,False
T-e5b5bc69,A-68948f,2024-01-31 00:00:00,2024-02-04 20:09:41,116.16,urgent,431,3.0,False
T-5592be61,A-6487b2,2021-05-04 00:00:00,2021-05-04 21:56:04,21.93,low,234,,False
T-8927fe5e,A-52d296,2021-05-08 00:00:00,2021-05-10 07:55:46,55.93,urgent,20,,False
T-2a6965d3,A-82c3e3,2024-05-18 00:00:00,2024-05-19 21:38:58,45.65,low,113,1.0,False
T-3d67b355,A-45687e,2023-05-11 00:00:00,2023-05-14 19:07:43,91.13,urgent,158,2.2,False
T-7cc909e3,A-8efb70,2022-12-28 00:00:00,2022-12-28 12:52:32,12.88,medium,156,2.4,False
T-eedffe8a,A-a48e9a,2024-06-10 00:00:00,2024-06-12 13:53:53,61.9,medium,462,,True
T-a66ba1cb,A-eca077,2021-08-14 00:00:00,2021-08-17 09:40:09,81.67,medium,165,1.1,False
T-dc6b507e,A-6487b2,2023-01-23 00:00:00,2023-01-23 01:39:48,1.66,medium,464,4.9,False
T-56f3355b,A-9f9cca,2024-08-03 00:00:00,2024-08-04 09:15:44,33.26,high,268,5.0,False
T-522adf6c,A-3f9994,2022-11-05 00:00:00,2022-11-06 19:53:45,43.9,medium,374,3.9,False
T-3987015e,A-8efb70,2023-05-14 00:00:00,2023-05-17 18:07:55,90.13,high,182,,False
T-68be7d5e,A-94b0ff,2024-12-22 00:00:00,2024-12-26 07:02:17,103.04,low,222,4.3,False
T-1c69dd6b,A-d3763d,2024-07-16 00:00:00,2024-07-19 23:37:54,95.63,medium,229,1.2,False
T-e7c840de,A-e5e60e,2021-01-15 00:00:00,2021-01-16 04:33:34,28.56,urgent,11,4.6,False
T-bf3a33d3,A-e08e7c,2022-11-19 00:00:00,2022-11-22 19:19:48,91.33,medium,93,,True
T-db27b8d4,A-388c96,2022-09-24 00:00:00,2022-09-24 00:34:42,0.58,high,220,4.3,False
T-2f449358,A-961183,2022-01-11 00:00:00,2022-01-15 03:56:02,99.93,medium,242,,False
T-5d8fb685,A-d8771a,2022-08-29 00:00:00,2022-09-01 19:07:50,91.13,high,446,3.2,False
T-44f7ed1b,A-46fc8d,2024-01-13 00:00:00,2024-01-14 23:35:40,47.59,medium,402,,False
T-f04008ff,A-1f44c7,2024-04-07 00:00:00,2024-04-08 15:38:17,39.64,low,145,3.1,False
T-de82c738,A-57e924,2021-05-05 00:00:00,2021-05-09 13:35:54,109.6,urgent,26,2.9,False
T-1313ce5d,A-b4365e,2023-11-10 00:00:00,2023-11-11 18:22:10,42.37,high,403,,False
T-7097c33a,A-9e5b2d,2021-11-27 00:00:00,2021-12-01 15:36:30,111.61,high,226,1.3,False
T-6dc57d02,A-9d9ed2,2022-03-21 00:00:00,2022-03-24 02:08:12,74.14,low,289,,False
T-d507c54a,A-720f79,2024-11-12 00:00:00,2024-11-16 18:10:14,114.17,urgent,54,4.1,True
T-21848141,A-ba7802,2022-09-13 00:00:00,2022-09-17 11:19:24,107.32,high,108,2.4,False
T-b585775d,A-76a68f,2021-03-18 00:00:00,2021-03-21 10:51:29,82.86,high,18,1.4,True
T-c10b0a87,A-410148,2023-09-23 00:00:00,2023-09-24 07:28:07,31.47,high,205,,False
T-fbefb5b6,A-66b64e,2021-01-01 00:00:00,2021-01-02 12:12:08,36.2,medium,238,,False
T-1e44b528,A-64ddde,2021-03-27 00:00:00,2021-03-28 18:19:25,42.32,medium,53,2.3,False
T-b608d3e4,A-bb6306,2023-02-07 00:00:00,2023-02-10 02:31:47,74.53,medium,452,,True
T-34a5091a,A-3a65d6,2021-03-14 00:00:00,2021-03-18 19:37:45,115.63,medium,136,4.2,True
T-55c30c10,A-0bcb7a,2021-12-12 00:00:00,2021-12-16 03:04:49,99.08,high,329,1.6,False
T-072ef2c9,A-32812a,2022-07-18 00:00:00,2022-07-22 22:39:30,118.66,low,305,4.4,True
T-11b55141,A-29838a,2022-01-03 00:00:00,2022-01-07 23:11:49,119.2,urgent,167,2.8,False
T-100f49a5,A-125cb3,2023-09-13 00:00:00,2023-09-15 08:22:26,56.37,urgent,462,1.9,False
T-4354e2a1,A-8eb0b9,2024-10-19 00:00:00,2024-10-23 13:11:47,109.2,medium,265,4.9,False
T-44f739b3,A-3cccbc,2024-07-05 00:00:00,2024-07-05 08:14:35,8.24,high,206,3.4,True
T-f7021677,A-89fca7,2023-11-12 00:00:00,2023-11-12 11:52:15,11.87,low,359,,False
T-2afa3721,A-cf45d3,2024-07-30 00:00:00,2024-08-02 22:13:11,94.22,urgent,252,1.8,True
T-69de4400,A-fc24f9,2022-08-15 00:00:00,2022-08-15 08:04:20,8.07,medium,5,,False
T-64c93764,A-3d75c1,2023-03-09 00:00:00,2023-03-12 09:19:51,81.33,high,182,,True
T-e0d41c15,A-301976,2023-07-30 00:00:00,2023-08-01 11:39:30,59.66,medium,359,3.4,False
T-8aabb8b9,A-e1b1a4,2023-01-28 00:00:00,2023-02-01 22:58:58,118.98,low,461,1.3,False
T-91aaa59c,A-410148,2021-07-01 00:00:00,2021-07-05 11:44:09,107.74,high,253,,False
T-163d7a0a,A-144089,2021-11-12 00:00:00,2021-11-12 09:09:29,9.16,high,480,,False
T-e81f890f,A-125cb3,2024-12-11 00:00:00,2024-12-13 19:01:31,67.03,high,203,,False
T-0aa79cad,A-87d27b,2024-08-27 00:00:00,2024-08-27 00:41:07,0.69,urgent,353,1.7,False
T-3e1bfaf8,A-47ce41,2023-02-10 00:00:00,2023-02-11 09:21:20,33.36,low,257,4.0,False
T-3975ece0,A-38094a,2023-04-06 00:00:00,2023-04-06 05:01:44,5.03,urgent,142,,False
T-3271d549,A-fa82d4,2024-12-07 00:00:00,2024-12-07 00:46:45,0.78,medium,235,,False
T-27ae8a8b,A-674f3d,2023-06-12 00:00:00,2023-06-14 06:41:13,54.69,medium,325,4.2,False
T-d3310cc8,A-66ee96,2023-09-25 00:00:00,2023-09-26 14:04:38,38.08,low,34,,False
T-f0ce5bb1,A-7e8d26,2023-01-30 00:00:00,2023-02-02 17:55:41,89.93,low,294,,False
T-5b2cc229,A-4aefb3,2021-06-28 00:00:00,2021-06-29 23:38:07,47.64,low,431,,False
T-1d49300b,A-674f3d,2021-10-18 00:00:00,2021-10-20 10:06:22,58.11,medium,478,2.2,False
T-61571636,A-816156,2024-07-28 00:00:00,2024-07-29 23:02:02,47.03,medium,371,4.2,False
T-74837d45,A-46f183,2022-05-06 00:00:00,2022-05-09 05:01:29,77.02,urgent,168,1.5,False
T-139edac6,A-2c1987,2023-04-14 00:00:00,2023-04-14 07:34:06,7.57,medium,314,,False
T-7b0183e7,A-0263d2,2021-11-14 00:00:00,2021-11-14 09:32:17,9.54,low,435,,False
T-996a92d6,A-4c64d5,2022-06-14 00:00:00,2022-06-15 02:27:47,26.46,urgent,274,2.2,True
T-43e9cff8,A-4aaf62,2022-11-26 00:00:00,2022-11-29 07:54:31,79.91,urgent,105,,False
T-debb6d80,A-105528,2024-04-21 00:00:00,2024-04-21 10:09:42,10.16,low,437,4.8,False
T-9fcb57cc,A-8563a7,2024-03-20 00:00:00,2024-03-23 07:49:17,79.82,low,348,,False
T-e77a62e4,A-2e2e55,2021-11-19 00:00:00,2021-11-21 06:12:00,54.2,urgent,309,,False
T-343d8307,A-e6343a,2021-11-17 00:00:00,2021-11-18 13:39:23,37.66,urgent,56,,False
T-9bf1c1e8,A-09bda1,2023-04-25 00:00:00,2023-04-27 22:16:48,70.28,low,47,2.1,False
T-f1367778,A-9d4ff6,2021-01-04 00:00:00,2021-01-07 08:38:01,80.63,low,213,,False
T-726f4753,A-8563a7,2021-05-18 00:00:00,2021-05-21 20:41:38,92.69,medium,56,4.6,False
T-d0d72442,A-85a324,2023-09-11 00:00:00,2023-09-12 20:12:22,44.21,urgent,380,,False
T-d2afa8c5,A-8ae5b4,2021-03-02 00:00:00,2021-03-02 12:08:27,12.14,high,422,,False
T-df41448a,A-bf83ac,2024-08-20 00:00:00,2024-08-23 10:04:39,82.08,high,121,,False
T-894e2018,A-f10061,2023-08-26 00:00:00,2023-08-26 08:06:01,8.1,high,449,,False
T-9830930c,A-27cc2c,2022-07-13 00:00:00,2022-07-16 15:31:11,87.52,low,115,2.0,False
T-485bafa6,A-10fde3,2024-04-20 00:00:00,2024-04-24 07:49:06,103.82,medium,356,,False
T-e2ab082e,A-f89626,2024-07-04 00:00:00,2024-07-08 00:39:44,96.66,high,317,4.0,False
T-b9174ad1,A-c48f44,2023-10-03 00:00:00,2023-10-03 03:30:07,3.5,medium,425,,False
T-bd66b440,A-0c36d9,2023-03-21 00:00:00,2023-03-21 11:20:56,11.35,medium,356,,False
T-48717c9b,A-f10061,2024-12-03 00:00:00,2024-12-05 11:46:12,59.77,urgent,248,3.2,False
T-3491fc5b,A-e3bd6e,2022-04-27 00:00:00,2022-04-29 08:01:59,56.03,high,256,,False
T-913d6121,A-45687e,2022-03-07 00:00:00,2022-03-10 23:45:59,95.77,medium,341,4.8,True
T-660d6eb4,A-0bcb7a,2023-05-28 00:00:00,2023-05-30 17:18:33,65.31,urgent,260,3.6,False
T-f9a62d81,A-68948f,2021-05-10 00:00:00,2021-05-14 18:44:10,114.74,low,146,3.5,False
T-a14873ac,A-83f776,2023-04-14 00:00:00,2023-04-16 16:30:38,64.51,urgent,338,,False
T-ac81843c,A-6cb2ce,2024-11-21 00:00:00,2024-11-21 12:39:54,12.67,high,448,,False
T-45445a0e,A-275801,2024-04-03 00:00:00,2024-04-03 05:23:02,5.38,high,297,,True
T-183f4a97,A-144089,2021-10-24 00:00:00,2021-10-28 01:00:05,97.0,medium,189,3.4,False
T-1106e9a2,A-29838a,2021-12-27 00:00:00,2021-12-31 08:14:30,104.24,low,44,2.4,True
T-0a01cbf9,A-21c2da,2021-08-10 00:00:00,2021-08-10 14:53:00,14.88,low,292,3.2,False
T-d76657f9,A-10fde3,2023-11-06 00:00:00,2023-11-06 23:00:06,23.0,low,291,,False
T-81070829,A-b81b20,2021-11-12 00:00:00,2021-11-15 10:15:01,82.25,medium,386,,False
T-333517ea,A-293305,2024-08-21 00:00:00,2024-08-25 02:05:11,98.09,medium,320,,False
T-0a24b8c8,A-1ce57d,2022-11-03 00:00:00,2022-11-03 08:23:00,8.38,medium,42,3.9,False
T-4ea7c477,A-d3763d,2022-10-07 00:00:00,2022-10-08 04:55:16,28.92,low,345,4.0,False
T-db8ba719,A-8f8cfc,2024-08-22 00:00:00,2024-08-25 03:31:07,75.52,urgent,160,,False
T-e5cff158,A-27cc2c,2023-11-11 00:00:00,2023-11-14 16:20:39,88.34,low,237,2.8,False
T-0d9b61df,A-ca5e0e,2021-03-23 00:00:00,2021-03-24 23:58:21,47.97,medium,364,4.9,False
T-7aa56de5,A-4c2fc6,2023-06-21 00:00:00,2023-06-24 20:49:58,92.83,urgent,194,,True
T-3a7dac13,A-f3890c,2022-07-02 00:00:00,2022-07-03 15:18:47,39.31,medium,281,,False
T-0be9c236,A-5c19da,2024-09-11 00:00:00,2024-09-14 06:27:04,78.45,medium,281,,False
T-870f80b0,A-bc727c,2022-05-24 00:00:00,2022-05-27 22:48:00,94.8,low,48,1.8,False
T-f549008b,A-4cf7f7,2023-11-14 00:00:00,2023-11-16 17:52:27,65.87,low,437,3.6,False
T-a493074f,A-dfaa0d,2022-09-04 00:00:00,2022-09-04 01:36:29,1.61,medium,307,3.1,False
T-56ac65d0,A-ca5e0e,2021-08-23 00:00:00,2021-08-27 12:38:21,108.64,high,110,4.0,False
T-61106868,A-09bda1,2021-02-03 00:00:00,2021-02-05 16:59:41,64.99,medium,287,4.4,False
T-ce509a57,A-0c8a26,2021-04-22 00:00:00,2021-04-25 13:08:11,85.14,urgent,424,,False
T-ee634ab1,A-9d992c,2021-12-02 00:00:00,2021-12-03 03:26:19,27.44,medium,442,,False
T-8221759a,A-32812a,2023-10-12 00:00:00,2023-10-12 07:57:32,7.96,medium,401,2.8,False
T-e0eb2182,A-a0ed92,2022-11-28 00:00:00,2022-12-01 02:15:52,74.26,high,225,3.3,False
T-9ce78a50,A-40fc24,2022-10-31 00:00:00,2022-11-03 14:43:14,86.72,high,1,1.7,True
T-cb0bff7c,A-dccde9,2022-07-11 00:00:00,2022-07-11 13:24:01,13.4,urgent,408,,False
T-efb92d18,A-02fad5,2021-10-24 00:00:00,2021-10-24 06:17:29,6.29,medium,24,2.6,False
T-58fb7f0f,A-0e6fb8,2024-09-06 00:00:00,2024-09-07 20:30:09,44.5,low,33,,False
T-f8e6e400,A-715861,2022-04-03 00:00:00,2022-04-05 03:41:18,51.69,low,24,2.4,False
T-63705fac,A-df92d4,2021-02-22 00:00:00,2021-02-22 21:22:21,21.37,medium,107,3.5,False
T-74d9f75c,A-121302,2022-02-20 00:00:00,2022-02-22 14:34:54,62.58,urgent,139,,False
T-8995e32f,A-757186,2024-04-09 00:00:00,2024-04-12 17:47:53,89.8,urgent,421,,False
T-4cd4e162,A-040921,2023-07-04 00:00:00,2023-07-07 19:12:02,91.2,urgent,42,3.3,False
T-b17aa3ef,A-40fc24,2023-03-14 00:00:00,2023-03-16 21:00:59,69.02,urgent,385,3.2,False
T-da01e2dc,A-abbbd0,2022-08-10 00:00:00,2022-08-11 14:13:04,38.22,high,17,,False
T-6ca8c909,A-90b550,2021-04-14 00:00:00,2021-04-14 11:50:28,11.84,high,479,,False
T-a043eb94,A-3cccbc,2021-08-17 00:00:00,2021-08-17 00:54:37,0.91,low,66,1.7,True
T-a1c68a42,A-a98afd,2023-10-02 00:00:00,2023-10-05 18:34:07,90.57,medium,267,1.9,False
T-9c3e2947,A-d5772f,2023-12-09 00:00:00,2023-12-11 04:18:45,52.31,urgent,44,4.5,False
T-a7a4774f,A-c00b52,2024-05-20 00:00:00,2024-05-21 16:24:08,40.4,medium,113,2.3,False
T-8fa947ec,A-66ee96,2024-07-26 00:00:00,2024-07-26 19:28:59,19.48,low,341,,True
T-23a2dd15,A-e21fc9,2022-02-15 00:00:00,2022-02-19 17:26:35,113.44,high,256,3.8,True
T-ff7df91a,A-79589c,2022-12-11 00:00:00,2022-12-11 16:17:06,16.29,high,83,,False
T-d5eda4b3,A-579d6a,2024-03-28 00:00:00,2024-03-30 20:35:15,68.59,urgent,409,1.7,False
T-c51ee181,A-49535d,2024-06-24 00:00:00,2024-06-25 19:50:40,43.84,medium,290,1.3,False
T-077a5855,A-e6e3cd,2021-05-17 00:00:00,2021-05-21 15:07:16,111.12,medium,441,2.4,False
T-9a21a925,A-e99e90,2021-03-27 00:00:00,2021-03-30 15:01:43,87.03,medium,83,2.7,False
T-a82e0cce,A-118777,2024-09-25 00:00:00,2024-09-28 21:12:58,93.22,low,302,4.4,False
T-ad9ebe1a,A-216da3,2022-12-31 00:00:00,2023-01-01 08:20:03,32.33,low,455,3.7,False
T-2b34f1a3,A-522b54,2023-08-24 00:00:00,2023-08-24 09:49:05,9.82,high,37,4.9,False
T-2520e829,A-b36d98,2024-03-20 00:00:00,2024-03-23 08:27:32,80.46,high,297,,False
T-c9b75dc0,A-2f36c1,2022-03-31 00:00:00,2022-04-03 01:55:37,73.93,low,480,,False
T-1d715d29,A-40fc24,2021-12-26 00:00:00,2021-12-28 02:30:54,50.52,high,106,,False
T-72765f2a,A-6fdb5c,2024-02-11 00:00:00,2024-02-13 20:07:58,68.13,medium,25,4.4,True
T-4f0bde7c,A-ab8f61,2023-07-07 00:00:00,2023-07-07 08:43:30,8.73,high,93,3.1,False
T-ce794493,A-ce9869,2023-03-04 00:00:00,2023-03-04 08:25:08,8.42,urgent,26,1.4,True
T-33e6bcc8,A-cdee75,2023-04-25 00:00:00,2023-04-25 16:54:08,16.9,high,133,4.3,False
T-830b5ba8,A-27341c,2024-12-15 00:00:00,2024-12-17 06:16:28,54.27,low,350,,False
T-f0bb4645,A-001d08,2022-12-13 00:00:00,2022-12-17 15:31:47,111.53,low,441,2.2,False
T-7cbe1f37,A-9e2b64,2023-06-08 00:00:00,2023-06-10 22:29:47,70.5,urgent,209,,False
T-7f5494c9,A-121302,2022-10-04 00:00:00,2022-10-05 21:46:53,45.78,low,39,2.1,False
T-85f88575,A-cc4e00,2023-07-28 00:00:00,2023-07-29 21:33:09,45.55,high,242,,False
T-00e543b7,A-ab9ba5,2021-12-22 00:00:00,2021-12-23 11:40:21,35.67,medium,370,,False
T-16486a50,A-4182b6,2021-02-04 00:00:00,2021-02-04 10:20:20,10.34,urgent,435,1.5,False
T-69bcd974,A-f60e4b,2024-09-05 00:00:00,2024-09-05 04:26:36,4.44,low,415,,False
T-bcb10f2a,A-467260,2022-02-26 00:00:00,2022-03-01 04:16:17,76.27,urgent,45,,False
T-a30c3c80,A-2bcd7c,2022-01-29 00:00:00,2022-01-29 22:25:55,22.43,high,105,3.6,False
T-0db9ef33,A-3ac391,2023-03-22 00:00:00,2023-03-25 19:04:39,91.08,low,257,1.4,False
T-a48bf716,A-31d091,2021-11-23 00:00:00,2021-11-25 03:37:06,51.62,medium,341,2.2,False
T-d3f5b14e,A-671cbf,2023-03-23 00:00:00,2023-03-26 09:31:13,81.52,high,358,1.2,False
T-c3b64ddc,A-3d75c1,2021-09-01 00:00:00,2021-09-02 12:40:20,36.67,low,306,,False
T-fc18a94c,A-396e8b,2023-05-10 00:00:00,2023-05-10 06:51:13,6.85,high,323,,False
T-a4bc42ff,A-c0f13b,2022-04-15 00:00:00,2022-04-15 20:05:02,20.08,low,91,1.5,False
T-5db609b3,A-31d091,2021-08-16 00:00:00,2021-08-16 22:12:37,22.21,high,149,,False
T-32831e36,A-c0260e,2024-11-14 00:00:00,2024-11-18 13:37:10,109.62,medium,411,3.6,True
T-45720d17,A-f3890c,2021-10-13 00:00:00,2021-10-14 16:58:29,40.97,low,12,,False
T-5b4e1623,A-faad0f,2024-02-15 00:00:00,2024-02-15 20:36:27,20.61,urgent,383,,False
T-2fb12009,A-4c2fc6,2021-08-19 00:00:00,2021-08-19 17:44:22,17.74,low,341,,False
T-3ff8a118,A-faad0f,2023-06-25 00:00:00,2023-06-28 14:23:00,86.38,urgent,392,2.7,False
T-b169e822,A-0e38f6,2024-09-16 00:00:00,2024-09-19 01:30:10,73.5,medium,71,1.9,False
T-0ee57358,A-e71149,2022-11-25 00:00:00,2022-11-29 13:37:16,109.62,medium,142,1.0,False
T-bd11841f,A-af8daf,2024-11-11 00:00:00,2024-11-15 04:26:31,100.44,low,297,,False
T-3b8e456a,A-ba7ab9,2021-04-30 00:00:00,2021-05-04 20:02:45,116.05,low,328,,False
T-797e2781,A-76eede,2024-07-24 00:00:00,2024-07-28 01:38:40,97.64,high,78,2.0,True
T-85ea88ec,A-bb6306,2022-10-15 00:00:00,2022-10-19 02:01:55,98.03,low,454,,False
T-d23746a9,A-a771e3,2022-11-05 00:00:00,2022-11-09 21:36:53,117.61,high,130,,False
T-8ad7160b,A-5a868a,2021-11-16 00:00:00,2021-11-19 05:36:41,77.61,urgent,459,3.6,False
T-d463703b,A-819eaf,2024-10-17 00:00:00,2024-10-20 13:38:39,85.64,urgent,389,,False
T-21fec5f2,A-d9e9fc,2022-03-01 00:00:00,2022-03-04 06:12:54,78.22,medium,436,,False
T-b1d67520,A-babd7f,2021-01-13 00:00:00,2021-01-15 09:39:01,57.65,low,311,,False
T-65f6a249,A-641031,2021-05-11 00:00:00,2021-05-14 14:04:20,86.07,low,417,3.7,False
T-50c6384c,A-ba42fc,2022-12-30 00:00:00,2023-01-01 04:20:02,52.33,medium,143,1.2,False
T-0ced8b65,A-2c850e,2023-03-25 00:00:00,2023-03-26 17:54:42,41.91,low,106,1.7,False
T-926a37a2,A-1aa01f,2024-08-28 00:00:00,2024-09-01 08:48:07,104.8,urgent,255,4.2,False
T-a9e5d649,A-27e0e9,2021-07-17 00:00:00,2021-07-20 23:42:13,95.7,high,73,,True
T-1c95ca39,A-d5772f,2024-01-19 00:00:00,2024-01-22 17:00:02,89.0,urgent,343,,False
T-4c4a3947,A-4f71e8,2023-07-28 00:00:00,2023-08-01 14:14:23,110.24,urgent,455,,False
T-6c6060d9,A-3bb1ee,2024-10-03 00:00:00,2024-10-04 21:51:48,45.86,low,437,4.4,False
T-da4adc16,A-147497,2023-04-24 00:00:00,2023-04-26 14:14:49,62.25,high,466,,True
T-a3482ac5,A-9d4ff6,2024-01-23 00:00:00,2024-01-27 04:44:44,100.75,high,473,4.6,False
T-8a245ca3,A-e6343a,2024-02-09 00:00:00,2024-02-09 16:13:54,16.23,urgent,294,3.7,False
T-f2f1fa8e,A-08a972,2021-08-22 00:00:00,2021-08-25 02:56:25,74.94,low,99,,False
T-6fde942e,A-5e8a5d,2022-07-09 00:00:00,2022-07-09 01:37:11,1.62,urgent,77,4.7,True
T-282282df,A-b0fdf8,2024-03-20 00:00:00,2024-03-21 21:59:48,46.0,urgent,162,,False
T-7c788224,A-98ae9b,2023-08-28 00:00:00,2023-08-28 12:17:34,12.29,urgent,179,3.0,False
T-a3f20b22,A-37b909,2023-12-13 00:00:00,2023-12-16 09:28:08,81.47,urgent,334,1.1,False
T-e4c8872f,A-7af86f,2023-12-31 00:00:00,2024-01-03 00:18:43,72.31,medium,187,,False
T-9865d25b,A-0edc7e,2021-02-28 00:00:00,2021-02-28 06:12:13,6.2,medium,248,,False
T-238fc9a4,A-a91287,2023-06-20 00:00:00,2023-06-22 18:04:21,66.07,medium,254,,False
T-b3fe1416,A-7e8d26,2022-03-23 00:00:00,2022-03-24 11:59:36,35.99,urgent,19,3.2,False
T-bf541e47,A-7c73b8,2023-05-13 00:00:00,2023-05-13 22:40:57,22.68,medium,462,1.9,False
T-15c3d44b,A-9aab82,2023-08-22 00:00:00,2023-08-26 22:24:09,118.4,high,278,1.2,False
T-011772b7,A-1788ce,2024-08-26 00:00:00,2024-08-27 16:29:25,40.49,low,317,3.6,True
T-9042a718,A-dec46e,2024-11-26 00:00:00,2024-11-27 19:28:09,43.47,high,237,2.8,False
T-8e3ec023,A-2e3f29,2023-08-11 00:00:00,2023-08-13 01:40:16,49.67,urgent,152,3.9,False
T-37003f4a,A-af8daf,2021-05-01 00:00:00,2021-05-01 03:56:34,3.94,high,381,1.8,False
T-637939f2,A-4c2fc6,2023-10-10 00:00:00,2023-10-12 02:24:17,50.4,low,223,4.2,False
T-8a1f17ab,A-fdeda5,2023-12-31 00:00:00,2024-01-03 22:48:51,94.81,urgent,412,4.9,False
T-e715c2c5,A-ba0f8c,2024-09-04 00:00:00,2024-09-07 23:23:36,95.39,low,285,2.9,False
T-27099eec,A-8f8cfc,2024-08-25 00:00:00,2024-08-29 21:22:26,117.37,high,318,,False
T-411e6033,A-d87876,2023-07-08 00:00:00,2023-07-10 01:48:17,49.8,low,2,4.6,True
T-2a37390a,A-46fc8d,2021-11-20 00:00:00,2021-11-23 10:17:08,82.29,urgent,427,,True
T-520a29c3,A-3cccbc,2023-07-16 00:00:00,2023-07-18 01:52:01,49.87,high,2,,True
T-b1d7d885,A-057df9,2021-07-15 00:00:00,2021-07-15 07:43:11,7.72,high,66,1.5,False
T-63d16660,A-a721c1,2023-08-14 00:00:00,2023-08-17 09:37:30,81.63,low,50,,False
T-df19991d,A-82c3e3,2024-03-14 00:00:00,2024-03-18 22:27:38,118.46,medium,21,,False
T-6fb0f6de,A-c0e2d5,2021-02-15 00:00:00,2021-02-19 07:44:13,103.74,medium,469,1.6,False
T-a9531d27,A-1bf244,2024-03-11 00:00:00,2024-03-12 19:23:07,43.39,medium,394,4.4,False
T-dda8b8c2,A-377924,2023-02-08 00:00:00,2023-02-11 11:02:50,83.05,urgent,118,4.7,False
T-a4dd1d42,A-df55b3,2021-08-22 00:00:00,2021-08-26 08:11:54,104.2,medium,54,,True
T-426f05a6,A-27341c,2022-11-05 00:00:00,2022-11-08 03:46:52,75.78,urgent,14,1.6,False
T-e8a520e7,A-a91287,2021-03-09 00:00:00,2021-03-09 03:35:06,3.59,high,29,,False
T-2c3a84f8,A-4f020e,2023-01-09 00:00:00,2023-01-12 09:41:32,81.69,medium,407,,False
T-54e9a537,A-1f44c7,2023-04-12 00:00:00,2023-04-15 00:20:50,72.35,medium,88,,False
T-7071dfc3,A-0e38f6,2023-09-09 00:00:00,2023-09-13 11:28:14,107.47,high,65,,False
T-5381f6f1,A-ce9869,2023-01-19 00:00:00,2023-01-22 13:31:44,85.53,urgent,92,1.0,True
T-4c7e9450,A-90b550,2024-08-04 00:00:00,2024-08-06 07:00:10,55.0,urgent,402,,False
T-ecdebdba,A-24f862,2024-04-28 00:00:00,2024-04-30 13:10:34,61.18,urgent,277,,False
T-b693a208,A-f1d958,2022-06-30 00:00:00,2022-07-02 15:03:25,63.06,low,470,,False
T-3da2333b,A-671cbf,2022-04-20 00:00:00,2022-04-20 20:02:30,20.04,urgent,275,4.8,False
T-fcfc93ba,A-703310,2023-05-16 00:00:00,2023-05-18 15:44:42,63.75,low,162,4.5,False
T-48b74977,A-961183,2023-06-29 00:00:00,2023-07-02 20:53:18,92.89,low,190,,True
T-6fbceca9,A-b00145,2023-09-10 00:00:00,2023-09-11 07:13:04,31.22,high,405,4.2,False
T-8c5667b5,A-85322a,2024-07-04 00:00:00,2024-07-07 06:12:28,78.21,urgent,467,2.0,False
T-64ad6a78,A-720f79,2024-11-24 00:00:00,2024-11-25 14:15:53,38.26,low,36,4.0,False
T-e9445933,A-9b151e,2021-12-10 00:00:00,2021-12-12 23:16:26,71.27,low,370,4.5,False
T-558e7307,A-3f39a3,2022-10-05 00:00:00,2022-10-06 15:40:02,39.67,low,479,2.6,False
T-375175e8,A-e3bd6e,2023-10-31 00:00:00,2023-11-04 00:51:11,96.85,urgent,190,4.9,True
T-a6c487a4,A-70da28,2022-10-01 00:00:00,2022-10-03 20:51:53,68.86,high,351,,False
T-f2fd4c4d,A-87d27b,2023-01-27 00:00:00,2023-01-29 08:38:29,56.64,high,128,1.2,True
T-19992a35,A-f60e4b,2021-10-20 00:00:00,2021-10-24 08:00:04,104.0,low,366,3.2,False
T-121d60ba,A-cf45d3,2024-11-15 00:00:00,2024-11-19 06:11:23,102.19,urgent,344,,True
T-f0f69266,A-503d27,2021-02-11 00:00:00,2021-02-11 01:02:07,1.04,medium,5,,False
T-a4e22dec,A-b853d2,2023-10-29 00:00:00,2023-10-29 01:14:56,1.25,urgent,353,1.6,False
T-19107ed6,A-ba0f8c,2023-01-11 00:00:00,2023-01-15 22:28:51,118.48,low,432,3.7,False
T-c0f10c89,A-2b45e5,2022-09-09 00:00:00,2022-09-13 05:16:06,101.27,high,230,2.6,False
T-54d6e3f1,A-0c36d9,2024-01-15 00:00:00,2024-01-18 16:57:28,88.96,high,122,3.1,False
T-7b24981b,A-85322a,2024-10-27 00:00:00,2024-10-31 18:04:16,114.07,medium,316,2.2,False
T-1177fa4b,A-9f63c6,2023-12-03 00:00:00,2023-12-03 11:24:44,11.41,medium,362,4.3,False
T-eaef796b,A-e6fa42,2023-02-13 00:00:00,2023-02-13 01:57:32,1.96,medium,119,1.6,False
T-77343e01,A-e1fa7f,2021-06-16 00:00:00,2021-06-17 22:54:35,46.91,medium,83,2.5,False
T-33b28a99,A-4f498a,2024-04-21 00:00:00,2024-04-22 13:13:51,37.23,low,187,,False
T-079b0f04,A-02fad5,2021-09-10 00:00:00,2021-09-11 06:21:24,30.36,low,96,,False
T-76e18ef1,A-7aee9c,2021-04-03 00:00:00,2021-04-06 00:42:02,72.7,urgent,132,3.3,False
T-a6b2b4b0,A-3dc038,2021-05-20 00:00:00,2021-05-21 12:25:27,36.42,low,312,4.3,False
T-6ff082f7,A-e5e60e,2021-12-30 00:00:00,2021-12-31 11:52:17,35.87,low,375,,False
T-a4a2707e,A-3e6efe,2023-10-26 00:00:00,2023-10-26 12:16:00,12.27,high,1,4.6,True
T-f901fef4,A-9ccef5,2021-07-08 00:00:00,2021-07-12 09:23:41,105.39,high,230,2.8,False
T-ebe49448,A-fa82d4,2021-10-04 00:00:00,2021-10-08 13:18:47,109.31,urgent,315,,False
T-7cc9e1fd,A-71e1df,2024-09-11 00:00:00,2024-09-12 20:20:08,44.34,low,450,2.4,False
T-bb02c9c6,A-adedd2,2021-07-12 00:00:00,2021-07-16 00:20:19,96.34,high,295,1.7,False
T-1c173a1b,A-4fc1cc,2023-11-25 00:00:00,2023-11-29 09:47:56,105.8,urgent,453,3.5,True
T-ce474155,A-7e69c7,2022-12-13 00:00:00,2022-12-17 00:53:35,96.89,medium,469,1.7,False
T-cad6fea5,A-b8b83c,2023-03-10 00:00:00,2023-03-10 22:29:31,22.49,low,328,,False
T-22ede8c9,A-8ae5b4,2024-06-03 00:00:00,2024-06-07 22:17:47,118.3,high,26,,False
T-c7d9c234,A-e0e84b,2023-12-20 00:00:00,2023-12-20 17:26:58,17.45,high,271,,True
T-929f8c8e,A-27341c,2022-11-30 00:00:00,2022-12-02 09:07:42,57.13,urgent,173,,True
T-dafc1433,A-60fec0,2023-11-28 00:00:00,2023-11-29 08:13:42,32.23,low,99,1.6,False
T-16184b17,A-f56c83,2024-04-13 00:00:00,2024-04-17 12:58:50,108.98,urgent,100,3.5,False
T-9c245c84,A-f4fe1f,2024-06-22 00:00:00,2024-06-23 18:16:56,42.28,high,75,,False
T-38a778ce,A-2810a5,2021-11-19 00:00:00,2021-11-21 22:02:35,70.04,medium,88,4.7,False
T-e6ce3cde,A-27341c,2024-11-22 00:00:00,2024-11-24 12:19:22,60.32,high,355,1.4,True
T-e105a53b,A-94b0ff,2024-12-10 00:00:00,2024-12-10 02:29:38,2.49,low,405,,False
T-015309b3,A-93381a,2022-01-01 00:00:00,2022-01-01 15:31:55,15.53,low,457,3.3,True
T-e641e0bc,A-93381a,2023-07-07 00:00:00,2023-07-09 03:54:32,51.91,urgent,379,,False
T-6664eb30,A-393763,2024-03-17 00:00:00,2024-03-19 22:46:18,70.77,urgent,164,,False
T-7b6f9ea5,A-d5aaf6,2024-03-13 00:00:00,2024-03-17 02:26:23,98.44,medium,336,,False
T-9255f178,A-ac7019,2021-07-11 00:00:00,2021-07-15 14:49:08,110.82,low,105,3.1,False
T-da464707,A-61408e,2022-01-16 00:00:00,2022-01-17 00:17:26,24.29,low,60,,False
T-3f0e98c2,A-a771e3,2022-12-01 00:00:00,2022-12-01 21:29:09,21.49,low,219,,False
T-8d611d24,A-46f183,2023-03-30 00:00:00,2023-03-31 16:49:09,40.82,medium,343,4.0,True
T-b03b69d7,A-825eb0,2022-08-09 00:00:00,2022-08-09 19:51:40,19.86,high,387,4.0,False
T-dc97ac85,A-49535d,2024-04-27 00:00:00,2024-04-30 07:49:47,79.83,high,126,,False
T-2a674917,A-ce9869,2021-04-05 00:00:00,2021-04-07 16:41:00,64.68,low,202,1.9,False
T-31db66f9,A-0e303f,2022-05-24 00:00:00,2022-05-28 08:49:32,104.83,urgent,14,4.2,False
T-c97f9d0b,A-a91287,2023-11-15 00:00:00,2023-11-15 14:35:18,14.59,high,199,,False
T-6ad88654,A-95248b,2024-12-11 00:00:00,2024-12-14 14:45:01,86.75,high,419,4.4,False
T-8dc7f7da,A-29838a,2021-10-14 00:00:00,2021-10-17 13:37:23,85.62,high,444,4.3,False
T-0c0c7590,A-a2e460,2024-02-16 00:00:00,2024-02-20 03:46:03,99.77,medium,193,2.7,False
T-6b2920a6,A-bf83ac,2023-03-21 00:00:00,2023-03-25 22:07:27,118.12,high,93,1.4,False
T-e6bcf7a8,A-fbe78b,2021-02-05 00:00:00,2021-02-09 09:52:16,105.87,medium,274,,False
T-9bfc30d9,A-50e35d,2024-04-30 00:00:00,2024-04-30 23:21:53,23.36,medium,471,1.8,False
T-6234b47a,A-6f29f7,2021-06-17 00:00:00,2021-06-17 15:55:15,15.92,low,23,,False
T-b4fd7e05,A-626bb3,2024-03-23 00:00:00,2024-03-27 08:14:22,104.24,urgent,442,1.5,True
T-14e2b81a,A-e1406a,2024-01-20 00:00:00,2024-01-24 21:17:01,117.28,urgent,393,4.7,False
T-6672cfe9,A-29b014,2023-01-05 00:00:00,2023-01-06 06:42:18,30.71,urgent,390,1.4,False
T-ff500175,A-59d242,2022-02-04 00:00:00,2022-02-07 10:21:21,82.36,high,453,,True
T-f4578505,A-3a19f8,2023-09-08 00:00:00,2023-09-11 06:42:07,78.7,high,133,,False
T-a68cc04a,A-a771e3,2021-11-19 00:00:00,2021-11-21 22:19:33,70.33,high,159,2.0,True
T-3bc3e618,A-fd34f6,2021-07-27 00:00:00,2021-07-28 00:30:16,24.5,high,153,3.8,False
T-13c8aeea,A-f2e197,2021-07-24 00:00:00,2021-07-27 10:56:20,82.94,high,352,,False
T-b67d797e,A-780b56,2022-09-19 00:00:00,2022-09-22 16:53:10,88.89,medium,414,,False
T-95a8f674,A-0562c3,2024-12-08 00:00:00,2024-12-08 03:47:48,3.8,urgent,186,3.5,False
T-ad6b8cf9,A-36181a,2023-03-28 00:00:00,2023-03-30 03:33:38,51.56,medium,266,,False
T-c52060e5,A-16905a,2023-01-08 00:00:00,2023-01-12 00:48:39,96.81,urgent,230,4.0,False
T-2f5a25bf,A-f6b94c,2022-02-23 00:00:00,2022-02-26 13:34:59,85.58,medium,32,3.9,False
T-8f98aab6,A-57e924,2024-01-13 00:00:00,2024-01-13 14:43:11,14.72,high,199,,False
T-cf77f628,A-410bfd,2023-05-21 00:00:00,2023-05-24 13:52:30,85.88,low,411,1.2,False
T-f2ca00a7,A-b95064,2024-07-15 00:00:00,2024-07-17 00:36:39,48.61,low,107,2.1,False
T-9b76f7df,A-36181a,2024-03-20 00:00:00,2024-03-24 16:39:36,112.66,urgent,123,,False
T-44ff34a5,A-83f776,2023-07-29 00:00:00,2023-07-30 07:00:40,31.01,low,50,,False
T-8b0e570f,A-45a1c6,2024-05-21 00:00:00,2024-05-23 05:27:33,53.46,high,153,,False
T-7c49ba84,A-0268ce,2022-11-19 00:00:00,2022-11-23 01:28:07,97.47,urgent,405,,True
T-54122808,A-001d08,2021-01-17 00:00:00,2021-01-19 04:05:09,52.09,urgent,423,,False
T-99ccb233,A-dee10f,2024-09-16 00:00:00,2024-09-20 02:29:02,98.48,high,193,1.5,False
T-5ac8cdc0,A-f1d958,2024-10-30 00:00:00,2024-10-31 02:05:59,26.1,medium,35,4.0,False
T-bb0b997b,A-b32d86,2023-12-29 00:00:00,2024-01-02 07:47:19,103.79,urgent,2,,False
T-c7b73284,A-ac7019,2024-01-19 00:00:00,2024-01-21 02:49:25,50.82,urgent,296,2.6,False
T-7e06a129,A-58a963,2022-03-30 00:00:00,2022-04-02 14:53:59,86.9,high,244,,False
T-8c926a10,A-b1f3cb,2023-06-06 00:00:00,2023-06-09 11:07:43,83.13,urgent,283,2.7,False
T-b7d3a9a5,A-993774,2021-08-26 00:00:00,2021-08-29 10:59:32,82.99,high,39,,False
T-8834f23a,A-6f29f7,2022-12-24 00:00:00,2022-12-26 04:54:41,52.91,medium,387,2.1,False
T-dee9ab14,A-961a05,2024-12-26 00:00:00,2024-12-27 07:53:50,31.9,medium,30,,False
T-8cb78a72,A-a48e9a,2021-12-09 00:00:00,2021-12-12 21:00:09,93.0,urgent,298,,False
T-ea31f1a6,A-abbbd0,2024-09-03 00:00:00,2024-09-04 08:26:07,32.44,urgent,365,2.1,False
T-eaaf138c,A-2bcd7c,2022-07-28 00:00:00,2022-08-01 02:36:04,98.6,high,174,,True
T-0378ccfd,A-a63269,2023-12-17 00:00:00,2023-12-20 22:17:45,94.3,medium,177,4.1,True
T-48fade25,A-d07cf7,2022-01-14 00:00:00,2022-01-16 22:33:05,70.55,urgent,330,2.7,False
T-a00329f6,A-a2e816,2021-10-01 00:00:00,2021-10-04 01:20:48,73.35,urgent,323,,False
T-d6ec76e0,A-ba0f8c,2021-10-15 00:00:00,2021-10-18 01:08:28,73.14,low,50,2.2,True
T-f8320aa4,A-bc1b91,2024-11-26 00:00:00,2024-11-27 00:50:09,24.84,urgent,148,,False
T-863934a3,A-720f79,2024-12-02 00:00:00,2024-12-05 15:19:49,87.33,urgent,391,,False
T-f8a64cd2,A-e1796c,2024-01-27 00:00:00,2024-01-31 17:37:34,113.63,high,339,1.8,True
T-9d41438e,A-3204d3,2023-11-29 00:00:00,2023-11-29 04:37:12,4.62,high,178,2.0,False
T-75bf875a,A-4182b6,2022-11-29 00:00:00,2022-11-29 01:37:04,1.62,medium,175,3.6,False
T-b7dccf98,A-4e2188,2022-06-29 00:00:00,2022-07-02 10:04:27,82.07,urgent,135,2.8,False
T-aa9cde5b,A-299f66,2021-02-16 00:00:00,2021-02-20 00:07:35,96.13,high,354,2.3,False
T-9f57b0e2,A-703310,2024-02-23 00:00:00,2024-02-23 03:26:25,3.44,high,71,,False
T-9211a9c7,A-0dd367,2021-07-26 00:00:00,2021-07-26 20:54:55,20.92,low,204,4.2,False
T-76d030c3,A-2feda1,2021-11-15 00:00:00,2021-11-15 19:33:18,19.56,urgent,92,4.3,False
T-b4c3792e,A-4ef13f,2024-09-29 00:00:00,2024-10-02 08:02:48,80.05,urgent,372,2.5,False
T-25f14320,A-390557,2023-03-18 00:00:00,2023-03-20 07:11:14,55.19,medium,343,4.0,False
T-ea49d951,A-abbbd0,2024-07-11 00:00:00,2024-07-11 07:08:33,7.14,medium,310,4.3,False
T-f3aee832,A-3ac391,2024-05-04 00:00:00,2024-05-05 12:28:49,36.48,low,381,4.2,False
T-79efe208,A-d8771a,2023-05-15 00:00:00,2023-05-18 12:26:10,84.44,low,139,4.1,False
T-e73ed23f,A-d9e9fc,2023-11-13 00:00:00,2023-11-17 17:59:33,113.99,medium,154,1.8,False
T-1aa5d5c8,A-11cce9,2021-05-31 00:00:00,2021-06-02 06:05:45,54.1,high,164,2.2,True
T-bfbe3fac,A-4fc1cc,2021-08-21 00:00:00,2021-08-21 22:15:49,22.26,urgent,189,2.4,False
T-42446ee8,A-321421,2024-08-22 00:00:00,2024-08-24 01:47:36,49.79,medium,400,2.2,False
T-b7547745,A-8eb0b9,2021-12-31 00:00:00,2022-01-02 11:30:36,59.51,medium,398,2.0,False
T-ce9b0228,A-f89626,2024-01-07 00:00:00,2024-01-07 12:41:26,12.69,medium,256,2.5,False
T-095b97e9,A-42ab46,2023-01-24 00:00:00,2023-01-28 14:51:45,110.86,low,144,2.3,False
T-f12a044b,A-a91287,2023-10-11 00:00:00,2023-10-11 03:19:15,3.32,urgent,283,,False
T-bd8111f4,A-ece32d,2022-10-24 00:00:00,2022-10-24 23:04:34,23.08,high,83,,False
T-ca48068f,A-93381a,2021-03-05 00:00:00,2021-03-07 19:25:54,67.43,medium,395,,False
T-c7997156,A-c0f13b,2021-10-17 00:00:00,2021-10-20 13:11:55,85.2,urgent,363,1.9,False
T-95144e35,A-52d296,2023-11-07 00:00:00,2023-11-11 19:44:38,115.74,urgent,266,,False
T-add88195,A-ed72be,2024-05-02 00:00:00,2024-05-06 05:51:06,101.85,high,124,3.8,False
T-078c40d0,A-4f71e8,2023-02-01 00:00:00,2023-02-04 00:08:37,72.14,urgent,373,2.6,False
T-e514a63d,A-ea1711,2024-06-02 00:00:00,2024-06-06 08:04:54,104.08,high,321,,False
T-b02c35f9,A-503d27,2023-04-29 00:00:00,2023-05-02 23:31:34,95.53,medium,136,,False
T-057ffd44,A-26bbfd,2021-12-26 00:00:00,2021-12-28 01:44:01,49.73,low,57,,False
T-9d12cd14,A-b81b20,2024-05-08 00:00:00,2024-05-12 05:27:02,101.45,medium,65,,False
T-03e8355a,A-1f7327,2021-01-30 00:00:00,2021-01-31 18:37:10,42.62,urgent,332,,False
T-efc0e7f9,A-45a1c6,2024-11-02 00:00:00,2024-11-06 19:17:15,115.29,high,87,,False
T-6779407c,A-961a05,2024-05-17 00:00:00,2024-05-17 03:57:41,3.96,urgent,188,,False
T-df9161a2,A-7af86f,2024-05-08 00:00:00,2024-05-09 12:44:33,36.74,medium,53,1.7,False
T-8d3f582c,A-819eaf,2024-04-19 00:00:00,2024-04-20 03:57:27,27.96,low,70,,False
T-770800d6,A-42ab46,2024-02-18 00:00:00,2024-02-19 04:43:19,28.72,medium,188,2.2,True
T-9d53bf24,A-ff97ce,2022-03-30 00:00:00,2022-04-03 17:15:48,113.26,medium,245,2.7,False
T-675e4bc2,A-12a8c7,2024-09-11 00:00:00,2024-09-12 23:08:22,47.14,low,189,1.1,False
T-ea577260,A-ab9ba5,2023-10-25 00:00:00,2023-10-29 06:18:17,102.3,urgent,308,,True
T-1d5d31fa,A-7f7de2,2022-08-29 00:00:00,2022-08-29 17:15:25,17.26,medium,397,4.4,False
T-4ba941fe,A-396e8b,2024-04-03 00:00:00,2024-04-05 23:55:59,71.93,medium,103,3.3,False
T-7e880b5b,A-21c968,2021-09-22 00:00:00,2021-09-23 14:30:36,38.51,urgent,110,,False
T-bdb04ca5,A-8efb70,2024-12-17 00:00:00,2024-12-19 22:59:33,70.99,medium,197,4.0,False
T-7fe240e7,A-12a8c7,2021-09-18 00:00:00,2021-09-19 20:09:00,44.15,urgent,195,,False
T-afec29f1,A-f10061,2022-07-01 00:00:00,2022-07-02 18:23:55,42.4,urgent,239,1.4,False
T-3d3f66de,A-121302,2024-06-15 00:00:00,2024-06-18 03:43:28,75.72,low,83,,False
T-645fa4ec,A-e1406a,2021-12-17 00:00:00,2021-12-20 11:46:41,83.78,urgent,365,3.4,False
T-26dc320d,A-babd7f,2024-12-01 00:00:00,2024-12-01 20:05:31,20.09,medium,282,3.3,True
T-ef340549,A-a48e9a,2021-08-10 00:00:00,2021-08-14 02:25:55,98.43,low,182,2.4,False
T-92e739aa,A-795e78,2022-01-05 00:00:00,2022-01-08 02:57:22,74.96,urgent,329,1.3,False
T-2b192f35,A-559b49,2023-02-18 00:00:00,2023-02-19 16:20:30,40.34,high,334,1.4,False
T-08ab231c,A-c48f44,2024-11-30 00:00:00,2024-12-03 01:15:24,73.26,medium,15,,False
T-5b8d5403,A-bf83ac,2024-11-07 00:00:00,2024-11-11 05:46:29,101.77,medium,430,1.3,True
T-b59cd68d,A-674f3d,2023-05-29 00:00:00,2023-05-29 21:48:49,21.81,urgent,474,4.3,True
T-8175493d,A-3f7dbc,2024-08-24 00:00:00,2024-08-28 06:43:58,102.73,urgent,208,1.2,False
T-c19d7f02,A-4fc1cc,2021-08-16 00:00:00,2021-08-20 17:08:33,113.14,low,371,1.6,False
T-a53e3286,A-309d6a,2022-03-01 00:00:00,2022-03-02 14:48:55,38.82,medium,105,1.6,False
T-c0680b0e,A-ac7019,2022-10-24 00:00:00,2022-10-28 20:36:11,116.6,urgent,170,2.5,False
T-594b2bed,A-a0ed92,2023-11-08 00:00:00,2023-11-12 17:47:46,113.8,high,70,,True
T-6bf7921b,A-4a3e3a,2023-09-27 00:00:00,2023-10-01 06:26:26,102.44,medium,223,1.4,False
T-d1ee818b,A-b040a0,2023-11-27 00:00:00,2023-12-01 18:03:17,114.05,high,234,1.1,False
T-2cf7c2aa,A-ac7019,2023-12-31 00:00:00,2024-01-01 17:09:09,41.15,high,211,4.1,False
T-33a7d1e0,A-45687e,2023-09-13 00:00:00,2023-09-16 00:06:25,72.11,urgent,182,,False
T-ecd7cd57,A-babd7f,2021-04-26 00:00:00,2021-04-26 18:05:48,18.1,urgent,273,2.7,False
T-ed32b08f,A-9d992c,2024-11-17 00:00:00,2024-11-18 14:06:20,38.11,medium,168,1.6,False
T-5e53d169,A-5c19da,2021-07-19 00:00:00,2021-07-19 22:56:42,22.95,high,92,,False
T-213b75db,A-14e75c,2024-12-08 00:00:00,2024-12-08 01:14:36,1.24,high,287,,False
T-01568ab9,A-7aee9c,2021-02-23 00:00:00,2021-02-27 02:28:11,98.47,urgent,81,3.2,False
T-a089ee9b,A-999860,2022-12-02 00:00:00,2022-12-05 16:05:40,88.09,medium,133,1.2,False
T-4bf677a0,A-ad2f33,2024-02-24 00:00:00,2024-02-25 12:53:25,36.89,low,274,,False
T-36cdf907,A-522b54,2023-12-18 00:00:00,2023-12-21 17:51:56,89.87,low,43,4.5,False
T-8dc3f211,A-df55b3,2022-05-18 00:00:00,2022-05-19 04:37:26,28.62,urgent,418,,True
T-af499b32,A-4ef13f,2024-05-22 00:00:00,2024-05-25 12:54:31,84.91,urgent,263,,False
T-14abea95,A-147497,2023-11-22 00:00:00,2023-11-22 22:49:24,22.82,urgent,406,3.1,False
T-982d8aa2,A-59672e,2022-04-08 00:00:00,2022-04-08 03:20:32,3.34,low,65,1.3,False
T-672e0a66,A-f11b19,2021-11-23 00:00:00,2021-11-24 08:10:55,32.18,medium,178,2.3,False
T-edd5fdb3,A-9b151e,2021-08-21 00:00:00,2021-08-23 07:17:50,55.3,urgent,339,2.5,True
T-dc9073d9,A-2b9974,2023-03-03 00:00:00,2023-03-03 20:25:04,20.42,medium,182,4.2,False
T-493abfa1,A-4f020e,2021-09-28 00:00:00,2021-09-28 03:24:14,3.4,low,354,,False
T-819cbc96,A-e20152,2023-04-10 00:00:00,2023-04-10 19:55:52,19.93,medium,245,2.9,True
T-66d459c9,A-5a868a,2023-06-22 00:00:00,2023-06-25 12:56:49,84.95,low,366,,False
T-32e53c94,A-49256a,2022-11-21 00:00:00,2022-11-21 10:01:35,10.03,high,340,,False
T-837f37ed,A-17fe97,2022-08-17 00:00:00,2022-08-20 00:15:53,72.26,low,24,,False
T-2c70bcc3,A-d0403b,2022-11-10 00:00:00,2022-11-14 12:48:22,108.81,urgent,459,4.2,False
T-fa1446f1,A-3a41b2,2023-01-15 00:00:00,2023-01-15 06:18:50,6.31,urgent,53,4.0,False
T-8efaf88a,A-7cb77a,2022-11-08 00:00:00,2022-11-12 13:27:34,109.46,high,340,3.6,False
T-7a5dd3fd,A-ac7019,2022-11-01 00:00:00,2022-11-02 16:34:06,40.57,low,120,3.5,False
T-9c5f3d50,A-fd5d1c,2021-08-24 00:00:00,2021-08-24 10:50:03,10.83,urgent,247,4.1,True
T-44ede683,A-410148,2021-10-05 00:00:00,2021-10-07 17:58:58,65.98,urgent,298,2.8,False
T-3ef95c71,A-8b5194,2024-02-03 00:00:00,2024-02-05 09:56:16,57.94,low,332,1.3,False
T-4d34a03a,A-abbbd0,2021-10-03 00:00:00,2021-10-04 13:23:42,37.4,high,364,2.7,False
T-183d1912,A-c0e2d5,2023-03-24 00:00:00,2023-03-26 15:05:57,63.1,urgent,300,,True
T-93088774,A-3a41b2,2021-02-12 00:00:00,2021-02-12 12:33:40,12.56,low,17,3.8,False
T-89cbf745,A-8ae5b4,2021-02-05 00:00:00,2021-02-06 18:04:25,42.07,medium,303,,False
T-c42ce8ba,A-31d091,2021-05-27 00:00:00,2021-05-30 00:41:24,72.69,low,93,,False
T-9f2e0e71,A-4cf7f7,2023-05-10 00:00:00,2023-05-13 05:31:48,77.53,low,61,3.3,True
T-d4d16563,A-0dd367,2024-09-30 00:00:00,2024-09-30 22:18:54,22.32,low,187,,False
T-97bafa78,A-f1d958,2022-08-26 00:00:00,2022-08-30 09:26:33,105.44,high,85,,False
T-95af72f6,A-04b853,2021-12-19 00:00:00,2021-12-23 07:25:23,103.42,urgent,274,,False
T-81933227,A-216da3,2023-06-04 00:00:00,2023-06-08 09:32:30,105.54,medium,264,2.8,False
T-7ae1d6f4,A-24f862,2024-07-01 00:00:00,2024-07-03 10:11:20,58.19,high,459,1.5,False
T-8a91993d,A-a1f6aa,2022-12-22 00:00:00,2022-12-25 16:54:54,88.92,low,248,3.6,True
T-77599e3c,A-bc60c8,2023-05-14 00:00:00,2023-05-15 20:46:54,44.78,low,275,3.6,False
T-61830db4,A-1f7327,2024-07-22 00:00:00,2024-07-24 03:22:16,51.37,high,367,2.6,False
T-367b6658,A-d87876,2024-12-21 00:00:00,2024-12-21 16:03:45,16.06,urgent,240,1.1,False
T-08c07857,A-216da3,2024-12-13 00:00:00,2024-12-17 05:25:55,101.43,urgent,227,4.2,False
T-57434360,A-faad0f,2022-07-23 00:00:00,2022-07-27 01:41:05,97.68,urgent,404,2.6,False
T-7345f9d7,A-3ea8a3,2024-03-31 00:00:00,2024-04-01 19:50:57,43.85,medium,54,,True
T-f1c719cc,A-253b47,2024-07-14 00:00:00,2024-07-17 01:37:03,73.62,medium,136,2.6,False
T-630ab3e3,A-216da3,2022-12-23 00:00:00,2022-12-26 13:31:36,85.53,urgent,128,2.5,False
T-1dfaef39,A-b853d2,2021-05-19 00:00:00,2021-05-23 05:56:39,101.94,medium,285,,False
T-810e44ea,A-661aa8,2021-08-20 00:00:00,2021-08-22 09:29:56,57.5,medium,29,4.8,False
T-69acf545,A-66ee96,2022-02-07 00:00:00,2022-02-10 21:26:32,93.44,high,37,2.2,False
T-77ea3c3e,A-715861,2023-04-29 00:00:00,2023-04-29 22:50:39,22.84,high,344,2.1,False
T-cd387c01,A-daa5e3,2021-10-26 00:00:00,2021-10-27 23:11:01,47.18,urgent,197,2.3,False
T-f65829b3,A-5d149a,2024-01-10 00:00:00,2024-01-11 01:44:54,25.75,urgent,299,,False
T-ff56486b,A-3c413d,2024-06-01 00:00:00,2024-06-05 21:37:29,117.62,urgent,222,3.5,False
T-e4bd3ff2,A-d8771a,2021-08-22 00:00:00,2021-08-23 05:00:06,29.0,medium,394,4.4,False
T-5908a26d,A-0b1c34,2023-05-31 00:00:00,2023-06-01 20:53:13,44.89,high,422,1.2,False
T-5dc57767,A-45687e,2021-03-30 00:00:00,2021-04-03 08:13:06,104.22,urgent,366,1.2,False
T-03e49e08,A-0e6fb8,2023-04-19 00:00:00,2023-04-22 04:02:53,76.05,high,266,,True
T-4c6c1ec0,A-c0260e,2021-10-01 00:00:00,2021-10-02 17:10:17,41.17,urgent,211,1.3,False
T-e13fdcb7,A-f89626,2024-06-28 00:00:00,2024-06-30 14:45:05,62.75,high,199,2.4,False
T-fb3e224f,A-4aefb3,2021-07-19 00:00:00,2021-07-21 10:42:27,58.71,high,140,2.6,False
T-3d79fedd,A-c812ae,2021-03-24 00:00:00,2021-03-28 03:35:21,99.59,medium,344,4.5,False
T-26a2332d,A-d5aaf6,2021-04-07 00:00:00,2021-04-07 05:07:10,5.12,medium,318,,False
T-2ddb1bb0,A-795e78,2022-05-11 00:00:00,2022-05-13 13:29:06,61.49,medium,260,1.6,False
T-77ae1bbb,A-bd844f,2024-02-03 00:00:00,2024-02-07 15:57:26,111.96,medium,105,3.9,False
T-e63b3df6,A-2b8e44,2021-07-11 00:00:00,2021-07-12 06:20:21,30.34,medium,333,4.9,False
T-6f3d35f0,A-eca077,2024-10-17 00:00:00,2024-10-18 00:42:29,24.71,urgent,391,,False
T-53e01e99,A-0c36d9,2024-09-09 00:00:00,2024-09-09 18:34:35,18.58,medium,383,,False
T-9912be1b,A-ea1711,2023-08-21 00:00:00,2023-08-24 22:42:11,94.7,high,94,1.5,False
T-0552145f,A-3dc038,2021-02-27 00:00:00,2021-03-01 13:05:13,61.09,low,454,1.5,False
T-7f1c68e5,A-c6ab7a,2023-07-19 00:00:00,2023-07-21 08:47:35,56.79,medium,118,,False
T-93dc13ac,A-9b151e,2022-12-10 00:00:00,2022-12-12 01:18:14,49.3,urgent,263,,False
T-c12ff06b,A-f4fe1f,2021-06-21 00:00:00,2021-06-23 00:58:59,48.98,high,120,,True
T-46aa976b,A-7e69c7,2024-11-30 00:00:00,2024-11-30 00:54:56,0.92,medium,349,1.2,False
T-6cec5239,A-87ec94,2024-08-24 00:00:00,2024-08-28 06:08:17,102.14,urgent,3,1.7,False
T-c1770db0,A-27341c,2021-10-12 00:00:00,2021-10-15 20:45:26,92.76,urgent,209,4.0,False
T-71613906,A-2f36c1,2021-08-08 00:00:00,2021-08-12 01:48:53,97.81,low,299,,False
T-b6e78d74,A-cdee75,2024-05-05 00:00:00,2024-05-05 06:08:34,6.14,urgent,366,2.4,False
T-d0fd57d8,A-0249c4,2022-09-25 00:00:00,2022-09-28 14:13:48,86.23,urgent,144,2.5,False
T-185f64ed,A-448821,2021-09-19 00:00:00,2021-09-19 18:39:16,18.65,high,407,1.3,False
T-bc85ab24,A-adf3b0,2024-12-10 00:00:00,2024-12-10 21:57:16,21.95,low,252,2.2,False
T-49274287,A-3ac391,2022-01-04 00:00:00,2022-01-05 05:24:21,29.41,urgent,87,2.2,False
T-f812b914,A-4e2188,2021-02-02 00:00:00,2021-02-03 04:45:30,28.76,medium,303,2.8,False
T-cb709337,A-6fdb5c,2021-08-22 00:00:00,2021-08-22 17:21:44,17.36,urgent,107,2.2,False
T-27bb4222,A-720f79,2022-03-16 00:00:00,2022-03-16 11:38:53,11.65,urgent,117,3.0,False
T-c33f9b2d,A-9b417b,2024-03-18 00:00:00,2024-03-22 11:15:59,107.27,medium,11,1.1,True
T-c5ef41d1,A-ab9ba5,2021-02-10 00:00:00,2021-02-13 23:51:19,95.86,high,58,2.3,True
T-c7915a37,A-c1d6f0,2022-04-05 00:00:00,2022-04-07 09:24:47,57.41,medium,439,,False
T-22980197,A-b95064,2024-07-24 00:00:00,2024-07-27 04:31:33,76.53,high,435,4.8,False
T-53d3a13b,A-999860,2021-05-30 00:00:00,2021-06-03 09:24:57,105.42,high,70,,False
T-194ea858,A-1f7327,2024-12-11 00:00:00,2024-12-15 06:57:09,102.95,high,343,4.0,True
T-6a7ae5db,A-2312e2,2022-10-10 00:00:00,2022-10-10 06:29:39,6.49,medium,355,2.1,False
T-f008591e,A-e1fa7f,2021-11-22 00:00:00,2021-11-24 19:02:26,67.04,medium,241,,False
T-fc5afc8f,A-5ba322,2023-01-09 00:00:00,2023-01-11 01:23:38,49.39,medium,33,2.2,False
T-28d41ec2,A-ece32d,2023-05-29 00:00:00,2023-05-30 21:29:10,45.49,medium,157,4.9,False
T-39ba63ed,A-99995c,2023-09-04 00:00:00,2023-09-06 11:20:39,59.34,low,472,,False
T-af790af6,A-2b89d4,2021-05-21 00:00:00,2021-05-25 16:03:05,112.05,medium,477,2.9,False
T-13f67d52,A-e1b1a4,2021-02-21 00:00:00,2021-02-25 12:36:51,108.61,high,46,,False
T-f7eb6b5e,A-adedd2,2023-07-06 00:00:00,2023-07-10 13:47:34,109.79,medium,353,3.8,False
T-f3ab3513,A-b81b20,2023-05-09 00:00:00,2023-05-12 20:39:55,92.67,medium,447,,False
T-a50d94c3,A-144089,2021-12-05 00:00:00,2021-12-06 06:22:01,30.37,low,263,,False
T-08ff2c4c,A-66b64e,2022-04-21 00:00:00,2022-04-22 23:44:57,47.75,high,257,2.4,True
T-7658baf2,A-46d001,2021-12-04 00:00:00,2021-12-06 17:21:14,65.35,high,51,,False
T-4d29507a,A-63c268,2022-09-24 00:00:00,2022-09-27 12:27:38,84.46,high,92,,False
T-466863a6,A-49535d,2021-09-04 00:00:00,2021-09-04 14:36:08,14.6,low,214,,False
T-1acfae10,A-fa82d4,2021-09-02 00:00:00,2021-09-05 02:03:42,74.06,medium,380,,False
T-d73869b1,A-fa82d4,2021-04-24 00:00:00,2021-04-27 20:19:30,92.33,medium,405,,False
T-214fcd1b,A-314379,2023-04-22 00:00:00,2023-04-26 06:33:33,102.56,low,293,1.1,False
T-1b641302,A-c0e2d5,2023-10-30 00:00:00,2023-11-01 01:08:15,49.14,medium,430,2.6,False
T-29cafb51,A-21c968,2021-06-14 00:00:00,2021-06-17 15:16:20,87.27,urgent,287,3.1,False
T-42c0e11d,A-a3efac,2024-11-01 00:00:00,2024-11-05 23:25:45,119.43,urgent,214,,False
T-32406b40,A-02fad5,2022-01-12 00:00:00,2022-01-13 22:17:47,46.3,medium,332,,False
T-ea9a472e,A-8eb0b9,2024-04-07 00:00:00,2024-04-09 11:32:55,59.55,urgent,421,1.5,False
T-c9b39726,A-3f39a3,2022-09-01 00:00:00,2022-09-05 14:19:14,110.32,medium,339,3.4,False
T-8a49cdc5,A-e20152,2023-03-17 00:00:00,2023-03-21 03:04:37,99.08,medium,275,,False
T-176098bd,A-8f8cfc,2022-04-04 00:00:00,2022-04-04 19:05:45,19.1,low,374,3.9,False
T-2e967090,A-9f521d,2022-04-16 00:00:00,2022-04-16 05:48:58,5.82,urgent,173,,False
T-230f9dfc,A-e71149,2021-09-16 00:00:00,2021-09-19 03:13:14,75.22,low,343,2.8,False
T-8c64b93a,A-7af86f,2021-12-26 00:00:00,2021-12-26 13:29:32,13.49,high,29,1.4,False
T-c3f9e689,A-d3d2c6,2023-01-19 00:00:00,2023-01-20 04:54:18,28.91,high,454,,True
T-199ae720,A-a771e3,2022-07-20 00:00:00,2022-07-24 11:50:14,107.84,low,254,4.3,False
T-a1cea74e,A-715861,2022-05-27 00:00:00,2022-05-30 10:46:36,82.78,urgent,328,,False
T-3170bbba,A-b040a0,2023-09-14 00:00:00,2023-09-14 22:37:38,22.63,high,412,3.1,False
T-dd071cc0,A-57e924,2024-05-25 00:00:00,2024-05-26 16:01:45,40.03,high,380,,True
T-22324946,A-2feda1,2024-05-05 00:00:00,2024-05-07 00:58:31,48.98,urgent,56,1.9,False
T-a9e667c5,A-2b8e44,2022-04-25 00:00:00,2022-04-25 20:22:27,20.37,medium,373,2.1,False
T-a21a5b14,A-fd5d1c,2023-03-03 00:00:00,2023-03-06 14:18:49,86.31,low,388,2.7,False
T-3017e5e7,A-c0260e,2021-09-07 00:00:00,2021-09-08 05:49:03,29.82,medium,73,,False
T-639fe733,A-f7395b,2023-05-05 00:00:00,2023-05-05 03:06:27,3.11,urgent,445,2.7,False
T-1e649483,A-674f3d,2021-01-13 00:00:00,2021-01-15 18:55:53,66.93,high,273,2.6,False
T-1a8e7e39,A-08a972,2023-01-03 00:00:00,2023-01-03 09:14:59,9.25,urgent,141,,False
T-7ecbb933,A-48a544,2021-10-16 00:00:00,2021-10-16 11:15:16,11.25,urgent,387,,False
T-934eb51c,A-90aaae,2021-05-31 00:00:00,2021-06-04 12:31:35,108.53,urgent,441,,True
T-b7c336aa,A-0ff5dc,2024-12-13 00:00:00,2024-12-13 18:42:51,18.71,low,252,1.5,False
T-b5b73622,A-c8e48c,2023-01-22 00:00:00,2023-01-25 15:57:55,87.97,medium,132,,False
T-ed77c254,A-fc24f9,2023-10-26 00:00:00,2023-10-26 08:09:44,8.16,high,321,,False
T-6afb08ad,A-3c413d,2023-01-06 00:00:00,2023-01-07 03:19:19,27.32,medium,437,,False
T-c261795e,A-df55b3,2021-04-17 00:00:00,2021-04-17 01:26:03,1.43,high,86,,True
T-4c3bd956,A-1788ce,2023-03-16 00:00:00,2023-03-19 07:28:18,79.47,high,285,4.9,False
T-a0b3343e,A-1ce57d,2021-05-13 00:00:00,2021-05-17 19:55:05,115.92,medium,270,1.6,True
T-bc15ab31,A-8efb70,2021-03-20 00:00:00,2021-03-22 22:44:45,70.75,high,355,,False
T-bbd4fe1e,A-4c64d5,2023-09-22 00:00:00,2023-09-23 10:21:14,34.35,urgent,443,2.0,False
T-662ce52f,A-720f79,2022-07-08 00:00:00,2022-07-08 03:27:55,3.47,low,177,,False
T-defff834,A-b8b83c,2024-04-25 00:00:00,2024-04-29 18:33:19,114.56,low,177,4.7,False
T-e9cb50cb,A-ed72be,2022-10-09 00:00:00,2022-10-12 23:42:22,95.71,low,71,4.6,True
T-4bfcdfdf,A-449185,2023-05-03 00:00:00,2023-05-07 21:34:05,117.57,high,173,4.5,False
T-b086aa97,A-85322a,2024-06-20 00:00:00,2024-06-22 21:34:32,69.58,high,365,4.6,False
T-5e370de7,A-f6b94c,2021-09-26 00:00:00,2021-09-27 14:14:21,38.24,medium,176,3.0,False
T-51c50011,A-bbe512,2021-11-29 00:00:00,2021-12-03 09:20:41,105.34,high,65,4.5,False
T-51764b9c,A-0dd367,2024-04-20 00:00:00,2024-04-23 19:36:04,91.6,high,167,,False
T-5febbd1a,A-efbe71,2021-12-17 00:00:00,2021-12-17 08:35:38,8.59,urgent,10,2.2,False
T-873e103c,A-5e8a5d,2022-10-11 00:00:00,2022-10-12 07:04:23,31.07,high,436,,False
T-4e01f8c3,A-c0260e,2021-08-30 00:00:00,2021-09-02 17:34:36,89.58,high,193,,True
T-ed5bdb1d,A-1bf244,2021-10-04 00:00:00,2021-10-06 07:58:19,55.97,urgent,50,,True
T-460c8782,A-dee10f,2021-12-23 00:00:00,2021-12-26 10:31:06,82.52,low,16,3.3,False
T-b6167612,A-7cb77a,2021-10-23 00:00:00,2021-10-25 02:29:20,50.49,urgent,377,,False
T-aba23bb7,A-715861,2023-05-16 00:00:00,2023-05-19 19:41:17,91.69,low,335,,False
T-51261ca4,A-4f71e8,2022-10-04 00:00:00,2022-10-05 13:20:49,37.35,high,345,2.5,False
T-a419bced,A-efbe71,2024-05-26 00:00:00,2024-05-30 16:40:41,112.68,low,173,1.9,False
T-6a86fc74,A-babd7f,2023-07-02 00:00:00,2023-07-06 14:53:05,110.88,low,309,,False
T-e3bd7401,A-e1406a,2021-09-16 00:00:00,2021-09-17 00:31:39,24.53,medium,139,1.8,False
T-d2c52a64,A-961a05,2024-02-06 00:00:00,2024-02-10 04:18:29,100.31,high,410,,False
T-66d6fbf8,A-3a65d6,2024-08-22 00:00:00,2024-08-24 02:22:09,50.37,urgent,57,,False
T-a7b18e83,A-2411d9,2022-08-04 00:00:00,2022-08-06 04:39:50,52.66,low,388,4.9,True
T-5c560f35,A-147497,2021-06-11 00:00:00,2021-06-15 21:15:18,117.26,urgent,22,,False
T-9801240b,A-21c968,2024-08-23 00:00:00,2024-08-27 14:15:26,110.26,urgent,191,1.3,False
T-b3d03fd5,A-71c2db,2023-10-04 00:00:00,2023-10-04 20:49:33,20.83,high,461,4.9,False
T-0cb7daaf,A-f56c83,2022-08-01 00:00:00,2022-08-02 05:29:29,29.49,high,40,,False
T-fa098b60,A-fd8d1b,2021-01-29 00:00:00,2021-02-01 21:00:38,93.01,medium,396,3.6,True
T-50ee54ea,A-66b64e,2021-07-06 00:00:00,2021-07-08 21:33:02,69.55,low,366,4.2,True
T-33069f2e,A-961a05,2024-02-08 00:00:00,2024-02-09 21:14:05,45.23,low,383,,False
T-2424d36e,A-e1406a,2022-05-22 00:00:00,2022-05-26 01:20:16,97.34,urgent,115,,False
T-154a489b,A-adf3b0,2024-07-14 00:00:00,2024-07-16 18:27:58,66.47,medium,282,3.3,False
T-feb18382,A-59672e,2022-08-11 00:00:00,2022-08-11 00:52:02,0.87,urgent,85,2.2,False
T-13fb6801,A-b95064,2022-12-10 00:00:00,2022-12-12 15:38:02,63.63,low,196,4.1,False
T-9d658f94,A-4f71e8,2021-04-24 00:00:00,2021-04-25 22:50:50,46.85,low,6,,False
T-860c335d,A-121302,2021-09-29 00:00:00,2021-10-01 01:33:32,49.56,high,459,4.0,False
T-899529a4,A-f4c25c,2022-04-30 00:00:00,2022-05-02 21:32:59,69.55,high,416,2.6,False
T-d5aa0e01,A-52d296,2023-05-02 00:00:00,2023-05-02 23:30:24,23.51,urgent,16,,True
T-78e50a62,A-fbe78b,2022-07-16 00:00:00,2022-07-19 23:21:16,95.35,low,155,4.0,False
T-86a6dac5,A-961a05,2023-07-11 00:00:00,2023-07-15 23:04:24,119.07,low,211,4.1,True
T-4dc14a79,A-8ae5b4,2022-01-16 00:00:00,2022-01-16 02:45:34,2.76,low,251,3.8,False
T-6fd72d17,A-488393,2022-12-15 00:00:00,2022-12-17 04:49:15,52.82,urgent,324,3.1,False
T-9a505f62,A-4b4931,2021-03-10 00:00:00,2021-03-13 13:20:17,85.34,medium,385,1.4,False
T-30e7f95a,A-49256a,2023-07-28 00:00:00,2023-07-29 03:20:58,27.35,high,437,,False
T-1226d0d4,A-2c850e,2024-09-18 00:00:00,2024-09-18 10:12:42,10.21,urgent,113,,False
T-b81e5b6b,A-4fc69b,2023-04-06 00:00:00,2023-04-07 20:26:54,44.45,high,71,,False
T-110b0af9,A-f43965,2021-12-17 00:00:00,2021-12-19 15:13:56,63.23,urgent,448,4.2,False
T-6549d9c4,A-6fdb5c,2024-05-08 00:00:00,2024-05-08 16:09:41,16.16,urgent,318,2.4,False
T-5f400ddc,A-d87876,2022-01-18 00:00:00,2022-01-20 02:05:54,50.1,low,77,2.6,False
T-17046e5a,A-b853d2,2022-01-25 00:00:00,2022-01-26 21:06:44,45.11,medium,154,2.4,True
T-3e464f29,A-99203a,2023-03-24 00:00:00,2023-03-26 18:17:03,66.28,low,126,,False
T-236f526a,A-3ea8a3,2023-07-09 00:00:00,2023-07-11 03:26:10,51.44,urgent,179,1.2,False
T-b02ec29c,A-b0fdf8,2022-09-20 00:00:00,2022-09-23 08:03:02,80.05,medium,258,2.1,True
T-ac3c2095,A-f3aa45,2021-01-12 00:00:00,2021-01-12 12:56:48,12.95,medium,102,,False
T-d8f7f610,A-adf3b0,2023-11-11 00:00:00,2023-11-13 05:58:41,53.98,urgent,372,,False
T-814c22a6,A-b95064,2024-09-08 00:00:00,2024-09-11 13:21:32,85.36,urgent,332,,False
T-340d8e8a,A-9a2c4f,2023-04-21 00:00:00,2023-04-23 18:36:23,66.61,medium,27,,False
T-b08d4410,A-f60e4b,2023-10-25 00:00:00,2023-10-25 14:21:35,14.36,low,107,2.3,True
T-0a30f28a,A-f5777d,2023-07-20 00:00:00,2023-07-24 09:48:46,105.81,medium,252,3.1,False
T-dbfe09e3,A-9e9f30,2021-07-11 00:00:00,2021-07-12 15:43:11,39.72,medium,428,4.3,False
T-157fd9c3,A-e0e84b,2024-10-24 00:00:00,2024-10-26 21:17:00,69.28,high,442,,False
T-9d1a2ecd,A-655235,2021-06-03 00:00:00,2021-06-03 23:17:04,23.28,urgent,128,,False
T-0fa40ecc,A-9a2c4f,2021-01-05 00:00:00,2021-01-06 22:28:51,46.48,high,24,2.4,False
T-dff2c556,A-49256a,2022-08-03 00:00:00,2022-08-07 14:29:20,110.49,medium,306,,False
T-7f6580d9,A-7b3b51,2021-04-16 00:00:00,2021-04-16 07:34:03,7.57,urgent,373,,False
T-d541e271,A-4fc69b,2023-10-05 00:00:00,2023-10-07 18:05:37,66.09,high,62,3.1,False
T-098b1e3c,A-cf45d3,2022-09-21 00:00:00,2022-09-24 08:20:23,80.34,medium,31,,False
T-0e14489d,A-aeac12,2021-07-13 00:00:00,2021-07-15 07:13:22,55.22,high,88,,True
T-da79709b,A-105528,2023-10-11 00:00:00,2023-10-15 21:07:07,117.12,medium,313,,False
T-f56123da,A-47ce41,2024-03-08 00:00:00,2024-03-11 00:35:35,72.59,urgent,357,4.2,False
T-62ce4147,A-7c73b8,2022-05-04 00:00:00,2022-05-04 02:22:13,2.37,high,441,,False
T-6692bee9,A-3ac391,2021-03-29 00:00:00,2021-03-29 10:31:43,10.53,urgent,253,1.2,False
T-d17940f4,A-430daf,2024-05-31 00:00:00,2024-06-04 11:01:42,107.03,medium,316,,False
T-3c45a35c,A-2feda1,2024-09-10 00:00:00,2024-09-13 03:39:05,75.65,medium,63,3.3,False
T-5a68bdd5,A-c812ae,2022-10-30 00:00:00,2022-11-02 16:40:17,88.67,high,73,3.3,False
T-28d28e38,A-c00b52,2024-01-04 00:00:00,2024-01-04 00:41:19,0.69,high,74,1.4,False
T-60bc2cb5,A-24f862,2023-09-27 00:00:00,2023-09-30 14:09:48,86.16,high,358,2.7,False
T-1a3fcc5e,A-7b3b51,2022-03-20 00:00:00,2022-03-21 07:42:50,31.71,medium,466,3.4,False
T-81444688,A-0edc7e,2021-06-01 00:00:00,2021-06-01 04:27:40,4.46,high,215,1.2,False
T-2336b217,A-d8771a,2022-05-21 00:00:00,2022-05-24 17:22:07,89.37,medium,389,5.0,False
T-127124db,A-46f183,2022-08-20 00:00:00,2022-08-20 02:36:25,2.61,low,42,2.6,False
T-8a998080,A-e1796c,2024-01-06 00:00:00,2024-01-09 12:06:34,84.11,urgent,312,,False
T-41de0e35,A-396e8b,2022-04-28 00:00:00,2022-04-29 01:01:22,25.02,medium,367,,False
T-e8c48d2f,A-168fe2,2023-11-18 00:00:00,2023-11-18 07:46:06,7.77,high,315,3.1,False
T-8ed7e140,A-b040a0,2024-10-21 00:00:00,2024-10-23 05:17:51,53.3,low,452,,False
T-d840326e,A-2c3420,2021-02-04 00:00:00,2021-02-05 05:45:36,29.76,high,33,,False
T-7987187e,A-e9662a,2023-11-04 00:00:00,2023-11-05 05:48:34,29.81,low,439,,False
T-509d66da,A-5a868a,2023-01-04 00:00:00,2023-01-08 07:17:32,103.29,medium,476,,False
T-886d50b4,A-bc60c8,2021-09-08 00:00:00,2021-09-12 18:48:40,114.81,medium,407,,False
T-2ec3e6f7,A-45a1c6,2023-01-04 00:00:00,2023-01-05 17:54:59,41.92,low,350,,True
T-7eb4f324,A-321421,2024-02-26 00:00:00,2024-02-29 07:29:50,79.5,medium,39,3.3,False
T-e40f29df,A-c402fb,2021-06-03 00:00:00,2021-06-05 08:04:42,56.08,high,267,,False
T-d4f01d69,A-1f44c7,2023-11-15 00:00:00,2023-11-16 17:17:04,41.28,urgent,241,,False
T-9e999f10,A-e85f12,2024-02-28 00:00:00,2024-03-03 15:02:58,111.05,low,254,,False
T-e4f22c20,A-301976,2021-10-04 00:00:00,2021-10-07 22:34:31,94.58,urgent,418,2.8,False
T-f8495071,A-e71149,2024-12-25 00:00:00,2024-12-27 10:17:43,58.3,urgent,117,4.6,False
T-281b3cc1,A-fc24f9,2021-06-03 00:00:00,2021-06-03 07:21:36,7.36,medium,398,4.3,False
T-d1d8161b,A-a91287,2023-03-05 00:00:00,2023-03-05 08:58:57,8.98,high,400,4.5,False
T-60a832fb,A-c6ab7a,2024-11-18 00:00:00,2024-11-19 22:07:45,46.13,medium,436,,False
T-f074f1c0,A-f2e197,2021-04-26 00:00:00,2021-04-30 04:15:53,100.26,low,10,,False
T-a46af270,A-36c0b3,2024-06-28 00:00:00,2024-06-28 19:03:31,19.06,low,438,,False
T-f67b68d3,A-2411d9,2022-08-28 00:00:00,2022-08-31 10:40:08,82.67,medium,3,4.8,False
T-e93a339c,A-b543ff,2021-03-25 00:00:00,2021-03-29 13:18:53,109.31,low,413,,False
T-9865442e,A-39e2df,2023-04-01 00:00:00,2023-04-01 10:48:52,10.81,medium,300,4.9,False
T-963b54f7,A-e6e3cd,2024-08-15 00:00:00,2024-08-18 16:22:54,88.38,medium,197,2.6,False
T-c2ffc911,A-a481e9,2021-03-01 00:00:00,2021-03-01 11:21:52,11.36,medium,195,3.0,False
T-68e5598c,A-6487b2,2023-08-20 00:00:00,2023-08-20 00:31:09,0.52,medium,364,,False
T-b995f424,A-adedd2,2022-09-16 00:00:00,2022-09-16 21:37:10,21.62,high,385,,False
T-2114eeb5,A-4fc1cc,2024-09-23 00:00:00,2024-09-27 05:25:04,101.42,urgent,417,3.6,False
T-0420d402,A-2bf8bb,2024-07-27 00:00:00,2024-07-31 03:03:57,99.07,low,317,4.0,False
T-886d5405,A-7b1bc8,2023-05-03 00:00:00,2023-05-03 04:46:30,4.78,low,418,2.4,False
T-a7313af6,A-9f9cca,2023-06-06 00:00:00,2023-06-10 08:39:36,104.66,urgent,400,3.4,False
T-cf9c38c2,A-7b8bff,2024-01-06 00:00:00,2024-01-10 17:55:02,113.92,low,41,,False
T-7c9034e9,A-d22b13,2024-10-28 00:00:00,2024-10-30 19:28:12,67.47,low,59,,True
T-45c10bf8,A-e99e90,2023-02-23 00:00:00,2023-02-25 17:50:37,65.84,medium,161,1.8,True
T-ef62caa3,A-89fca7,2024-02-01 00:00:00,2024-02-03 23:57:17,71.95,medium,74,,False
T-d908d321,A-faad0f,2023-06-20 00:00:00,2023-06-24 09:29:30,105.49,high,466,4.3,False
T-bb022231,A-77d382,2024-11-23 00:00:00,2024-11-27 07:27:48,103.46,medium,402,3.1,False
T-343117e6,A-cddcac,2021-12-19 00:00:00,2021-12-22 02:29:57,74.5,urgent,252,,False
T-6a1f61af,A-f4c25c,2022-03-18 00:00:00,2022-03-22 03:59:40,99.99,low,440,,True
T-5714c3f7,A-f3890c,2024-03-19 00:00:00,2024-03-20 19:54:28,43.91,urgent,300,2.1,False
T-8b100daf,A-faad0f,2021-07-15 00:00:00,2021-07-18 20:03:30,92.06,medium,393,,False
T-a070a562,A-83f776,2023-09-17 00:00:00,2023-09-18 09:37:13,33.62,low,308,,False
T-824b5248,A-b543ff,2023-05-25 00:00:00,2023-05-25 16:02:23,16.04,urgent,347,3.9,False
T-b617cd8b,A-e0e84b,2022-01-05 00:00:00,2022-01-07 08:38:19,56.64,medium,314,,False
T-e0435d3d,A-144089,2023-12-09 00:00:00,2023-12-11 22:46:43,70.78,urgent,60,3.7,False
T-0a7ab2b6,A-c166a2,2023-05-07 00:00:00,2023-05-09 09:16:16,57.27,medium,423,2.9,False
T-80046470,A-b67e99,2021-12-28 00:00:00,2021-12-28 17:52:11,17.87,high,430,2.4,False
T-d777d958,A-388c96,2024-07-09 00:00:00,2024-07-09 23:08:38,23.14,low,432,,False
T-e836aa94,A-9ccef5,2024-06-28 00:00:00,2024-06-28 01:05:09,1.09,medium,451,,True
T-183775bd,A-410bfd,2021-09-27 00:00:00,2021-09-27 01:44:33,1.74,low,245,4.6,False
T-f0257e2e,A-949e9c,2021-01-24 00:00:00,2021-01-25 23:57:03,47.95,high,396,3.6,False
T-8bddf287,A-b913b0,2023-10-30 00:00:00,2023-11-01 08:26:09,56.44,low,336,2.0,False
T-ad0caba2,A-805f2e,2021-08-27 00:00:00,2021-08-30 00:44:36,72.74,medium,388,2.0,False
T-58a82ecb,A-188cb6,2023-11-05 00:00:00,2023-11-07 05:24:51,53.41,medium,111,,False
T-da2ffe06,A-a91287,2021-04-27 00:00:00,2021-04-30 21:52:37,93.88,high,365,2.3,False
T-ce474499,A-b32d86,2023-08-28 00:00:00,2023-08-28 13:03:25,13.06,urgent,321,1.7,False
T-111fa8ce,A-3f39a3,2023-09-17 00:00:00,2023-09-21 14:39:02,110.65,medium,124,4.6,False
T-567945cc,A-2b9974,2021-01-18 00:00:00,2021-01-18 07:47:09,7.79,urgent,14,,False
T-04a1ce3b,A-3f7dbc,2024-06-18 00:00:00,2024-06-21 00:51:47,72.86,urgent,233,1.8,False
T-fbcc90fa,A-bda37c,2021-05-15 00:00:00,2021-05-17 04:01:58,52.03,medium,437,,False
T-3dd5786f,A-816156,2022-01-30 00:00:00,2022-02-02 10:09:43,82.16,high,251,,False
T-e3f5946f,A-17fe97,2024-11-01 00:00:00,2024-11-05 21:04:47,117.08,high,78,2.9,False
T-b66a3ac8,A-a722ec,2022-09-18 00:00:00,2022-09-21 13:16:59,85.28,medium,56,,False
T-ab7912f0,A-abbbd0,2023-11-09 00:00:00,2023-11-13 14:48:53,110.81,low,327,3.1,False
T-d807d5f5,A-eca077,2024-11-07 00:00:00,2024-11-09 10:59:42,59.0,medium,365,2.1,False
T-58ba1358,A-21c968,2024-01-09 00:00:00,2024-01-12 16:51:55,88.87,urgent,405,1.6,False
T-e9d2af6f,A-46fc8d,2024-07-11 00:00:00,2024-07-14 10:23:57,82.4,medium,176,,False
T-1a80e658,A-7ccb2e,2023-09-26 00:00:00,2023-09-29 11:23:38,83.39,low,241,,False
T-d7d08902,A-293305,2022-01-14 00:00:00,2022-01-17 17:59:37,89.99,low,117,,True
T-467269e0,A-c4599d,2022-09-13 00:00:00,2022-09-17 07:02:37,103.04,high,427,4.4,True
T-6e8c2766,A-bc1b91,2024-11-11 00:00:00,2024-11-13 02:29:05,50.48,low,399,,False
T-cd3c40c7,A-36181a,2022-01-11 00:00:00,2022-01-14 10:20:39,82.34,urgent,222,,False
T-e34a1b10,A-ad2f33,2023-04-09 00:00:00,2023-04-12 10:32:08,82.54,high,227,,True
T-2382cb4d,A-8efb70,2022-08-14 00:00:00,2022-08-18 23:35:01,119.58,urgent,293,,False
T-13a87269,A-f10061,2023-12-23 00:00:00,2023-12-24 05:32:31,29.54,high,468,4.8,False
T-25b1b3d5,A-9d4ff6,2023-01-29 00:00:00,2023-01-31 19:39:08,67.65,low,30,4.0,False
T-cc30b3cb,A-0143b8,2022-06-13 00:00:00,2022-06-17 15:35:23,111.59,low,90,1.1,True
T-64126e97,A-58d05f,2024-12-25 00:00:00,2024-12-26 02:45:38,26.76,medium,174,,True
T-fb670abb,A-f7395b,2023-08-15 00:00:00,2023-08-15 04:10:14,4.17,low,33,3.7,False
T-e5382e22,A-3204d3,2022-06-26 00:00:00,2022-06-30 01:03:45,97.06,low,51,,False
T-ec9af63b,A-5c19da,2023-06-13 00:00:00,2023-06-13 22:03:42,22.06,urgent,453,2.0,False
T-01e2b007,A-fd8d1b,2023-03-02 00:00:00,2023-03-02 09:47:40,9.79,low,390,,False
T-f6cf65af,A-dd2024,2024-12-30 00:00:00,2025-01-03 01:33:00,97.55,high,61,,False
T-f03cf874,A-7e8d26,2021-02-08 00:00:00,2021-02-08 23:12:56,23.22,high,156,2.9,False
T-72985e0b,A-d8771a,2022-04-17 00:00:00,2022-04-17 16:23:13,16.39,urgent,271,,False
T-768edf87,A-8a2dcf,2023-04-20 00:00:00,2023-04-20 17:04:16,17.07,high,147,,True
T-75ba8532,A-9201a1,2021-11-17 00:00:00,2021-11-20 02:18:23,74.31,high,75,,False
T-6ece20d3,A-3d75c1,2023-09-25 00:00:00,2023-09-29 11:43:18,107.72,high,460,2.8,False
T-754b0af1,A-2ca16b,2023-08-28 00:00:00,2023-08-28 22:20:27,22.34,urgent,122,4.9,False
T-80012f37,A-3d75c1,2022-10-10 00:00:00,2022-10-14 15:13:36,111.23,urgent,161,,False
T-60358022,A-643967,2023-09-02 00:00:00,2023-09-06 16:16:12,112.27,high,191,3.1,True
T-c3787aa7,A-125cb3,2023-03-23 00:00:00,2023-03-26 04:07:33,76.13,medium,44,,False
T-ed735fdf,A-720f79,2023-09-14 00:00:00,2023-09-14 01:39:54,1.67,urgent,58,1.8,True
T-563b5e34,A-3f9dfa,2021-12-04 00:00:00,2021-12-04 23:59:31,23.99,high,478,,True
T-7e4211d0,A-961183,2023-11-09 00:00:00,2023-11-11 01:31:23,49.52,low,183,4.1,True
T-0ac8508f,A-2109a3,2024-08-31 00:00:00,2024-09-03 09:53:37,81.89,urgent,362,1.8,False
T-ecbbdd0e,A-d766b2,2024-03-22 00:00:00,2024-03-25 23:18:03,95.3,medium,328,3.6,False
T-168ac2de,A-c6ab7a,2023-08-26 00:00:00,2023-08-30 16:46:06,112.77,medium,96,,False
T-0c816867,A-301976,2022-06-07 00:00:00,2022-06-07 08:49:23,8.82,urgent,432,,False
T-600872dc,A-46fc8d,2021-11-24 00:00:00,2021-11-28 04:51:25,100.86,urgent,446,3.1,True
T-8d3def8d,A-559b49,2022-06-26 00:00:00,2022-06-27 13:24:36,37.41,high,228,,False
T-318edce9,A-3204d3,2022-05-17 00:00:00,2022-05-21 08:37:10,104.62,urgent,112,,False
T-afe43729,A-3f7dbc,2022-02-14 00:00:00,2022-02-15 23:34:23,47.57,urgent,328,1.6,False
T-4eb4a57b,A-54f16c,2023-02-16 00:00:00,2023-02-20 06:20:45,102.35,urgent,318,,False
T-85c17ac5,A-dccde9,2023-08-04 00:00:00,2023-08-05 21:11:22,45.19,high,77,1.3,False
T-a5eb0fb2,A-702e67,2022-06-13 00:00:00,2022-06-15 05:03:26,53.06,low,464,4.2,False
T-42315cb9,A-1126a7,2023-09-09 00:00:00,2023-09-12 00:39:25,72.66,low,403,,False
T-2bc6dc3e,A-45687e,2023-01-15 00:00:00,2023-01-18 05:30:29,77.51,medium,182,1.3,False
T-725b50d9,A-4f71e8,2023-04-16 00:00:00,2023-04-16 01:59:40,1.99,low,225,4.2,False
T-cc7973df,A-91c9c6,2021-05-27 00:00:00,2021-05-31 17:56:15,113.94,medium,53,4.6,False
T-fd8d09c2,A-d0403b,2022-06-17 00:00:00,2022-06-18 06:13:02,30.22,low,263,2.0,False
T-6661f670,A-5d149a,2024-04-01 00:00:00,2024-04-05 18:23:37,114.39,medium,319,,False
T-7a45aa15,A-a722ec,2022-03-30 00:00:00,2022-03-30 05:25:49,5.43,high,142,,False
T-d3087adc,A-993774,2022-10-12 00:00:00,2022-10-14 05:25:24,53.42,urgent,169,2.4,True
T-4ef5d06d,A-ff97ce,2021-11-11 00:00:00,2021-11-13 08:38:29,56.64,high,437,,False
T-b3aa7950,A-60fec0,2023-10-26 00:00:00,2023-10-29 02:37:21,74.62,urgent,336,,False
T-c6d32b4c,A-d8fe58,2024-12-19 00:00:00,2024-12-23 01:39:59,97.67,urgent,222,,False
T-3fb32a65,A-7cb77a,2024-12-27 00:00:00,2024-12-30 13:49:47,85.83,urgent,433,,False
T-77fbdd7d,A-5a868a,2024-01-15 00:00:00,2024-01-18 05:57:47,77.96,low,182,2.4,False
T-f1b7cc5c,A-e1fa7f,2021-01-15 00:00:00,2021-01-17 11:21:36,59.36,urgent,409,1.8,False
T-89ba5f32,A-8d94af,2024-02-08 00:00:00,2024-02-12 22:40:29,118.67,urgent,53,1.8,False
T-89c18bca,A-cea72b,2024-03-08 00:00:00,2024-03-11 06:41:38,78.69,urgent,192,4.8,False
T-50af64c5,A-a0ed92,2023-05-12 00:00:00,2023-05-16 17:51:51,113.86,low,8,4.7,True
T-337efe64,A-ba42fc,2024-09-24 00:00:00,2024-09-27 00:21:48,72.36,high,444,,False
T-f74af0b2,A-0d7286,2021-03-24 00:00:00,2021-03-24 05:17:51,5.3,urgent,206,4.0,False
T-7582954a,A-b853d2,2023-01-08 00:00:00,2023-01-09 17:20:44,41.35,medium,190,2.5,False
T-13b1c99f,A-f4c25c,2022-08-27 00:00:00,2022-08-30 16:35:49,88.6,medium,71,2.6,False
T-e5237e38,A-819eaf,2023-03-04 00:00:00,2023-03-08 21:38:21,117.64,high,80,4.0,False
T-bd54d57d,A-b515e1,2024-07-22 00:00:00,2024-07-24 04:57:03,52.95,urgent,379,4.1,False
T-867136e8,A-2f36c1,2021-10-02 00:00:00,2021-10-06 01:59:36,97.99,urgent,255,,False
T-c68988e5,A-dccde9,2023-12-29 00:00:00,2024-01-01 18:05:49,90.1,low,76,,False
T-6745d5f3,A-26bbfd,2022-04-20 00:00:00,2022-04-20 18:01:24,18.02,medium,126,2.1,False
T-139cc24f,A-9f521d,2021-01-26 00:00:00,2021-01-26 21:11:16,21.19,urgent,39,,False
T-2fa15cbb,A-52d296,2023-05-04 00:00:00,2023-05-07 00:40:23,72.67,high,426,4.5,False
T-f563d02a,A-a63269,2023-09-12 00:00:00,2023-09-14 08:19:17,56.32,urgent,360,2.8,False
T-d5be9bbf,A-fb30f4,2021-02-04 00:00:00,2021-02-06 18:01:13,66.02,high,306,1.8,False
T-f66d7299,A-66d8db,2023-05-13 00:00:00,2023-05-15 03:37:20,51.62,high,153,,False
T-2d1d0450,A-64ddde,2021-11-05 00:00:00,2021-11-07 13:44:30,61.74,medium,479,,True
T-5933b2ba,A-2810a5,2024-09-09 00:00:00,2024-09-13 05:35:13,101.59,low,459,1.4,False
T-0c2bbff4,A-c6ab7a,2022-12-23 00:00:00,2022-12-26 13:22:02,85.37,medium,356,1.5,False
T-fb2c3fac,A-31d091,2021-08-06 00:00:00,2021-08-09 12:20:16,84.34,urgent,152,4.3,False
T-26bbe7bf,A-e6fa42,2022-01-04 00:00:00,2022-01-07 10:02:48,82.05,low,213,4.3,False
T-2cca57a8,A-24f862,2023-07-27 00:00:00,2023-07-30 05:40:16,77.67,low,123,4.0,False
T-47e4e060,A-7c73b8,2021-05-29 00:00:00,2021-06-01 10:51:21,82.86,low,135,,False
T-28d3e739,A-9201a1,2024-07-10 00:00:00,2024-07-12 12:59:58,61.0,medium,372,2.9,False
T-bab660e9,A-a722ec,2022-10-30 00:00:00,2022-11-02 00:58:31,72.98,urgent,244,4.0,False
T-569c953b,A-bd844f,2023-12-03 00:00:00,2023-12-03 16:16:16,16.27,low,107,,False
T-f0740c7c,A-14e75c,2024-04-05 00:00:00,2024-04-07 10:27:39,58.46,low,132,4.8,True
T-249d8d07,A-3f9dfa,2022-12-03 00:00:00,2022-12-05 19:51:43,67.86,high,252,,False
T-56a7086d,A-674f3d,2022-12-14 00:00:00,2022-12-17 21:48:02,93.8,medium,287,,False
T-4c668ea5,A-ff97ce,2021-01-12 00:00:00,2021-01-12 04:41:00,4.68,medium,150,,False
T-745aa748,A-8f8cfc,2023-12-06 00:00:00,2023-12-09 09:34:15,81.57,medium,181,3.0,True
T-19e48f2b,A-24f862,2023-07-03 00:00:00,2023-07-04 12:03:21,36.06,high,338,1.6,False
T-7cf50c64,A-e21fc9,2022-07-16 00:00:00,2022-07-20 08:56:41,104.94,urgent,447,,False
T-832b57f6,A-390557,2024-11-08 00:00:00,2024-11-08 03:00:56,3.02,high,424,4.9,False
T-c2d196a1,A-e6fa42,2022-03-12 00:00:00,2022-03-12 03:32:10,3.54,urgent,366,,False
T-8f38fdaf,A-8efb70,2021-09-19 00:00:00,2021-09-19 07:40:15,7.67,medium,275,3.7,False
T-8a19c740,A-c402fb,2021-12-26 00:00:00,2021-12-27 07:49:57,31.83,medium,222,,False
T-95372f91,A-b81b20,2022-01-22 00:00:00,2022-01-25 07:58:22,79.97,low,172,1.9,False
T-2b9bce73,A-641031,2021-02-01 00:00:00,2021-02-05 11:23:12,107.39,urgent,340,3.0,False
T-a92cecc0,A-52d296,2022-04-14 00:00:00,2022-04-15 16:00:29,40.01,urgent,135,2.3,False
T-df2687c8,A-949e9c,2022-04-10 00:00:00,2022-04-12 15:20:43,63.35,low,127,1.4,False
T-48a6d532,A-5a8f35,2023-05-31 00:00:00,2023-06-02 05:44:02,53.73,high,2,,False
T-37757e88,A-9d992c,2024-09-24 00:00:00,2024-09-28 06:02:42,102.05,high,416,,True
T-9d440c74,A-661aa8,2022-09-22 00:00:00,2022-09-26 07:11:21,103.19,high,251,3.5,False
T-43f258d4,A-188cb6,2023-02-19 00:00:00,2023-02-23 22:57:54,118.97,urgent,25,2.1,False
T-99a9e031,A-ab9ba5,2024-12-11 00:00:00,2024-12-11 13:39:43,13.66,low,312,,False
T-557929bd,A-7cb77a,2022-02-02 00:00:00,2022-02-03 12:44:51,36.75,low,456,2.3,False
T-7f92c2d2,A-adedd2,2021-02-27 00:00:00,2021-02-27 07:28:15,7.47,urgent,174,,False
T-e8b41f8d,A-d8fe58,2022-02-09 00:00:00,2022-02-10 05:29:21,29.49,urgent,29,4.5,False
T-10a5efa5,A-e1b1a4,2024-01-29 00:00:00,2024-02-01 10:02:16,82.04,high,37,3.9,False
T-710066d1,A-68ffd0,2021-03-03 00:00:00,2021-03-07 10:18:38,106.31,high,455,,False
T-f9c8819b,A-d98759,2023-03-03 00:00:00,2023-03-07 18:09:14,114.15,low,233,4.7,False
T-32981e5f,A-488393,2022-04-20 00:00:00,2022-04-23 20:32:46,92.55,high,434,,False
T-65179b39,A-46f183,2024-04-02 00:00:00,2024-04-02 05:21:19,5.36,low,336,4.7,True
T-4123b6de,A-b4365e,2022-02-03 00:00:00,2022-02-06 23:27:09,95.45,high,94,,False
T-3ecf0146,A-ba7ab9,2023-08-05 00:00:00,2023-08-09 05:36:49,101.61,low,196,,False
T-2a9c08ad,A-e09af2,2024-12-01 00:00:00,2024-12-02 11:14:12,35.24,low,348,1.0,False
T-44eee2d2,A-188cb6,2022-07-07 00:00:00,2022-07-08 07:08:16,31.14,high,410,4.3,False
T-efd5b28e,A-1b90d5,2022-02-10 00:00:00,2022-02-12 23:49:11,71.82,urgent,175,4.8,False
T-e5ea3c3f,A-7e69c7,2021-09-19 00:00:00,2021-09-22 08:03:50,80.06,high,392,1.0,False
T-676eaa1c,A-59d242,2023-03-15 00:00:00,2023-03-16 09:39:25,33.66,high,230,4.3,False
T-e6801931,A-09bda1,2024-07-15 00:00:00,2024-07-16 13:48:01,37.8,urgent,326,,False
T-f6866183,A-7c73b8,2023-05-14 00:00:00,2023-05-16 20:27:39,68.46,urgent,359,1.5,True
T-184c7fd7,A-7231b2,2023-11-28 00:00:00,2023-11-29 08:20:05,32.33,medium,237,,False
T-cf325c64,A-0562c3,2024-04-25 00:00:00,2024-04-26 21:45:47,45.76,low,53,,True
T-c1a0b8b3,A-b00145,2023-01-14 00:00:00,2023-01-16 02:17:02,50.28,urgent,23,1.7,False
T-8f2d425d,A-10fde3,2022-11-14 00:00:00,2022-11-16 03:06:43,51.11,low,30,4.7,False
T-159febd6,A-f89626,2022-01-13 00:00:00,2022-01-14 04:17:11,28.29,medium,381,4.2,False
T-e2ceb021,A-0b1c34,2023-06-29 00:00:00,2023-06-29 20:05:36,20.09,urgent,427,3.2,True
T-db6eaa5e,A-93381a,2024-04-08 00:00:00,2024-04-08 14:48:58,14.82,high,174,2.2,False
T-2b3ef5e9,A-e2d27a,2022-05-18 00:00:00,2022-05-21 17:13:25,89.22,low,241,2.3,False
T-4a3112fe,A-dbf513,2022-10-05 00:00:00,2022-10-06 19:02:38,43.04,medium,94,,False
T-1f915d06,A-c32b0a,2022-05-29 00:00:00,2022-06-01 01:46:26,73.77,high,250,2.7,False
T-71aa5b29,A-76a68f,2022-11-19 00:00:00,2022-11-19 16:50:57,16.85,medium,17,1.1,False
T-65798b0d,A-15e7b5,2024-07-01 00:00:00,2024-07-02 00:13:50,24.23,medium,472,4.4,False
T-c0fe50ae,A-bf83ac,2023-11-12 00:00:00,2023-11-16 04:06:22,100.11,medium,268,1.9,False
T-dc5ce5a2,A-15e7b5,2024-02-05 00:00:00,2024-02-07 01:57:32,49.96,urgent,149,,True
T-7d0a7a98,A-f26363,2023-02-02 00:00:00,2023-02-03 09:48:49,33.81,low,437,2.5,False
T-0e8840cd,A-46f183,2023-02-01 00:00:00,2023-02-03 23:22:10,71.37,high,254,2.9,False
T-301e89cd,A-ad2f33,2023-11-02 00:00:00,2023-11-06 07:58:24,103.97,urgent,435,3.9,True
T-45f400dc,A-1f7327,2022-05-21 00:00:00,2022-05-23 12:51:59,60.87,low,343,4.2,True
T-df5062bf,A-d0403b,2023-03-12 00:00:00,2023-03-15 10:14:49,82.25,medium,129,4.3,False
T-ddc28a65,A-9ccef5,2024-11-28 00:00:00,2024-11-28 17:15:35,17.26,urgent,72,,False
T-0304a634,A-60fec0,2021-06-01 00:00:00,2021-06-05 22:29:31,118.49,medium,291,2.1,False
T-daa0d63d,A-4064bb,2022-03-07 00:00:00,2022-03-11 20:43:47,116.73,medium,156,3.4,False
T-13909037,A-d78e97,2023-09-13 00:00:00,2023-09-13 23:56:01,23.93,low,216,4.7,False
T-792a63ed,A-b8b83c,2022-10-24 00:00:00,2022-10-25 23:27:21,47.46,low,104,4.6,False
T-8bfa31d5,A-4c2fc6,2022-12-01 00:00:00,2022-12-01 01:49:21,1.82,low,297,,False
T-c313848b,A-001d08,2023-06-09 00:00:00,2023-06-13 09:30:08,105.5,low,151,3.3,False
T-21e0e02d,A-702e67,2023-05-03 00:00:00,2023-05-04 14:25:12,38.42,urgent,460,2.5,False
T-6be0ff0c,A-0263d2,2023-10-09 00:00:00,2023-10-13 11:04:14,107.07,high,455,,False
T-f7f33f82,A-9b151e,2024-09-10 00:00:00,2024-09-13 18:13:56,90.23,high,86,5.0,False
T-b01cdd79,A-993774,2024-08-11 00:00:00,2024-08-13 16:17:14,64.29,low,262,4.4,False
T-d3941cb0,A-94b0ff,2023-11-27 00:00:00,2023-11-27 17:36:30,17.61,high,415,5.0,False
T-94f15791,A-bc60c8,2021-08-01 00:00:00,2021-08-04 12:56:00,84.93,urgent,417,4.6,False
T-0544a16b,A-95248b,2022-10-16 00:00:00,2022-10-19 10:46:29,82.77,low,346,,True
T-1f41e6e4,A-e0e84b,2024-11-14 00:00:00,2024-11-14 05:27:55,5.47,medium,329,2.1,False
T-877811cd,A-6f29f7,2021-12-08 00:00:00,2021-12-10 03:14:51,51.25,medium,450,,False
T-85883ba0,A-f6b94c,2021-02-18 00:00:00,2021-02-18 06:01:30,6.03,low,173,1.2,False
T-c79f6f44,A-715861,2022-04-17 00:00:00,2022-04-19 19:35:53,67.6,urgent,175,,False
T-1a1f4d04,A-b94147,2024-05-09 00:00:00,2024-05-11 02:41:26,50.69,urgent,208,2.5,False
T-5f8ad80d,A-e85f12,2023-12-06 00:00:00,2023-12-09 13:52:38,85.88,urgent,71,1.4,False
T-e8503ae6,A-df92d4,2021-08-08 00:00:00,2021-08-12 12:41:12,108.69,medium,359,4.9,False
T-40ce7d06,A-961a05,2022-01-31 00:00:00,2022-02-02 05:16:36,53.28,urgent,89,,True
T-7fee414d,A-9e2b64,2021-07-22 00:00:00,2021-07-25 14:17:46,86.3,medium,215,1.3,False
T-068f9cab,A-11cce9,2023-05-08 00:00:00,2023-05-10 12:57:17,60.95,high,151,,True
T-b4be09e1,A-3633b2,2024-11-01 00:00:00,2024-11-02 09:59:04,33.98,high,366,,False
T-77bc3752,A-0c9ef2,2022-12-29 00:00:00,2023-01-01 23:52:45,95.88,urgent,433,2.7,False
T-5d57d575,A-31dcb8,2022-09-16 00:00:00,2022-09-17 16:18:36,40.31,urgent,113,,False
T-aada5639,A-9a9689,2024-12-20 00:00:00,2024-12-20 20:50:03,20.83,low,229,,False
T-259f01a5,A-f6b94c,2022-04-11 00:00:00,2022-04-13 12:21:57,60.37,high,185,4.8,False
T-7c5163b9,A-0c36d9,2021-04-13 00:00:00,2021-04-15 05:15:25,53.26,medium,308,3.1,False
T-8d06b079,A-0d5e78,2024-02-16 00:00:00,2024-02-16 07:54:27,7.91,high,455,,False
T-415ed8d6,A-c166a2,2024-01-11 00:00:00,2024-01-15 07:44:57,103.75,urgent,379,,False
T-08db4b9a,A-2ca16b,2023-07-01 00:00:00,2023-07-04 02:50:38,74.84,low,351,,False
T-2515271b,A-26bbfd,2023-02-14 00:00:00,2023-02-17 20:35:49,92.6,low,250,3.8,False
T-c4d6f07f,A-0c9ef2,2024-11-16 00:00:00,2024-11-18 05:54:45,53.91,high,425,3.9,False
T-0deb6b4f,A-314379,2024-12-26 00:00:00,2024-12-28 19:01:55,67.03,low,413,,False
T-a96b4d07,A-babd7f,2022-12-03 00:00:00,2022-12-05 21:34:39,69.58,low,377,2.0,False
T-ec9fce07,A-572cc7,2022-09-06 00:00:00,2022-09-06 18:56:19,18.94,high,423,3.1,False
T-9c112cb2,A-10fde3,2021-11-25 00:00:00,2021-11-26 14:03:23,38.06,urgent,158,3.5,False
T-cfce611e,A-c32b0a,2022-06-03 00:00:00,2022-06-06 09:37:17,81.62,medium,209,4.1,False
T-0530336d,A-68ffd0,2022-06-20 00:00:00,2022-06-24 05:17:41,101.29,high,427,3.6,False
T-1ff66eac,A-9201a1,2022-05-24 00:00:00,2022-05-26 01:24:22,49.41,high,133,,False
T-c553e4c6,A-54f16c,2023-12-22 00:00:00,2023-12-22 20:19:29,20.32,medium,387,2.1,False
T-b893e6a6,A-7231b2,2024-05-16 00:00:00,2024-05-17 14:51:12,38.85,high,263,2.5,False
T-e8fc96d6,A-b56ab1,2021-08-28 00:00:00,2021-08-30 15:09:06,63.15,low,285,3.4,False
T-484a4ffb,A-babd7f,2022-07-22 00:00:00,2022-07-26 01:09:27,97.16,high,91,,False
T-b8f2689a,A-626bb3,2023-04-16 00:00:00,2023-04-18 08:46:48,56.78,high,75,2.0,False
T-b3dbda10,A-396e8b,2024-08-19 00:00:00,2024-08-19 02:25:01,2.42,urgent,35,,False
T-40244d07,A-71e1df,2021-02-04 00:00:00,2021-02-08 01:08:14,97.14,low,134,3.1,False
T-0170fc4b,A-c0e2d5,2024-03-08 00:00:00,2024-03-12 17:13:09,113.22,low,65,,False
T-727b9624,A-800523,2022-03-20 00:00:00,2022-03-23 22:26:23,94.44,low,32,1.3,False
T-0b4bcf8e,A-274168,2023-01-14 00:00:00,2023-01-16 05:35:06,53.59,urgent,352,4.7,False
T-9b190803,A-ca5e0e,2021-04-14 00:00:00,2021-04-15 07:29:23,31.49,medium,43,1.6,False
T-5da68738,A-9b417b,2023-05-01 00:00:00,2023-05-04 03:41:09,75.69,urgent,230,1.8,False
T-c11a75d0,A-adf3b0,2023-03-26 00:00:00,2023-03-27 19:05:12,43.09,medium,427,4.9,False
T-7ca96bf3,A-9e9f30,2023-12-12 00:00:00,2023-12-12 13:53:37,13.89,medium,82,1.2,False
T-41e116f7,A-0562c3,2024-11-27 00:00:00,2024-11-30 21:00:34,93.01,urgent,435,3.9,False
T-98a59547,A-faad0f,2022-09-09 00:00:00,2022-09-11 07:35:11,55.59,low,34,3.0,False
T-707f602a,A-c8e48c,2021-11-15 00:00:00,2021-11-18 06:46:11,78.77,urgent,270,,False
T-0dcb7f86,A-3a41b2,2024-12-23 00:00:00,2024-12-25 21:49:53,69.83,low,29,,False
T-f0544c9d,A-0d7286,2024-10-06 00:00:00,2024-10-08 11:23:55,59.4,low,350,5.0,False
T-05d6d0db,A-e08e7c,2021-01-28 00:00:00,2021-02-01 02:43:28,98.72,urgent,83,,False
T-1ec3d30c,A-001d08,2021-05-06 00:00:00,2021-05-07 16:06:23,40.11,medium,73,1.3,False
T-135c5b4a,A-51e832,2024-03-21 00:00:00,2024-03-21 05:20:55,5.35,high,31,3.9,False
T-afc19b61,A-6751ab,2022-08-14 00:00:00,2022-08-15 07:00:56,31.02,urgent,335,2.8,False
T-2f6efac6,A-2e3f29,2022-07-10 00:00:00,2022-07-11 23:11:43,47.2,high,346,3.0,False
T-8450a466,A-71c2db,2024-11-18 00:00:00,2024-11-22 21:45:04,117.75,urgent,375,2.5,False
T-1396ea3c,A-9f63c6,2023-09-02 00:00:00,2023-09-05 22:26:24,94.44,medium,342,2.4,False
T-3ec6e2e2,A-a4bc9c,2022-03-18 00:00:00,2022-03-18 05:23:03,5.38,urgent,24,3.1,False
T-89c5de41,A-253b47,2022-10-20 00:00:00,2022-10-21 21:50:52,45.85,low,193,3.6,False
T-0eeb63bb,A-94b0ff,2024-09-05 00:00:00,2024-09-06 20:17:17,44.29,low,464,1.8,False
T-a84cc8f9,A-2bf8bb,2023-08-08 00:00:00,2023-08-10 00:19:53,48.33,urgent,18,,False
T-50cede9b,A-396e8b,2022-02-19 00:00:00,2022-02-21 10:55:50,58.93,medium,434,,False
T-45ede8b0,A-fdeda5,2022-10-28 00:00:00,2022-10-28 12:27:35,12.46,medium,329,4.3,False
T-b27b69b3,A-bbe512,2021-08-27 00:00:00,2021-08-28 05:58:25,29.97,medium,340,4.2,True
T-ee6bc4f7,A-54f16c,2022-02-22 00:00:00,2022-02-24 23:32:39,71.54,urgent,14,,False
T-ac5b437f,A-b515e1,2021-03-12 00:00:00,2021-03-12 02:59:40,2.99,high,158,,True
T-a0555be5,A-7cb77a,2024-12-12 00:00:00,2024-12-15 01:36:48,73.61,high,33,3.7,False
T-942ffe57,A-2b9974,2024-02-11 00:00:00,2024-02-12 05:02:22,29.04,medium,92,4.7,False
T-01b613ff,A-4f498a,2023-07-24 00:00:00,2023-07-27 02:19:10,74.32,medium,50,,False
T-c9188828,A-6fdb5c,2024-09-19 00:00:00,2024-09-22 21:46:38,93.78,high,158,2.7,False
T-1b2c8609,A-671cbf,2021-08-30 00:00:00,2021-08-30 21:41:14,21.69,urgent,458,4.4,False
T-e8ae03d4,A-fbe044,2021-10-25 00:00:00,2021-10-26 01:30:58,25.52,high,290,4.7,True
T-be255378,A-3f9dfa,2021-08-03 00:00:00,2021-08-06 11:11:53,83.2,high,378,,False
T-c1f66ac0,A-3204d3,2023-04-11 00:00:00,2023-04-12 03:44:27,27.74,urgent,359,,True
T-c9c72271,A-273a83,2022-10-17 00:00:00,2022-10-17 11:11:43,11.2,low,84,1.7,False
T-8a6a8674,A-9f63c6,2023-04-13 00:00:00,2023-04-14 07:37:20,31.62,low,144,,False
T-8c404522,A-7cb77a,2022-07-12 00:00:00,2022-07-13 13:44:28,37.74,high,427,1.9,False
T-17268e4c,A-d3d2c6,2023-07-22 00:00:00,2023-07-24 11:38:09,59.64,urgent,88,1.6,False
T-f37d7a9a,A-fbe044,2022-02-15 00:00:00,2022-02-15 00:42:33,0.71,low,99,4.2,False
T-73f5ee2c,A-949e9c,2023-09-23 00:00:00,2023-09-23 09:01:12,9.02,medium,245,,True
T-03092265,A-3ea8a3,2021-05-17 00:00:00,2021-05-19 19:45:13,67.75,low,66,1.9,False
T-c4b9080c,A-d9e9fc,2021-02-13 00:00:00,2021-02-16 20:37:48,92.63,urgent,418,4.9,False
T-96e053af,A-b95064,2023-09-11 00:00:00,2023-09-12 18:03:08,42.05,high,197,3.5,False
T-a41ffb07,A-643967,2024-11-05 00:00:00,2024-11-05 00:40:15,0.67,urgent,112,,False
T-9d2eb4a6,A-aeac12,2021-05-19 00:00:00,2021-05-23 14:27:26,110.46,medium,194,2.7,False
T-2bc704d4,A-671cbf,2024-04-26 00:00:00,2024-04-26 17:54:58,17.92,high,414,,False
T-098ce0c7,A-a54ab8,2021-01-30 00:00:00,2021-01-30 21:42:53,21.71,high,228,1.7,False
T-49d4d494,A-e1fa7f,2024-05-14 00:00:00,2024-05-15 16:34:42,40.58,high,222,2.0,False
T-81f46706,A-2c1987,2024-05-07 00:00:00,2024-05-10 14:28:27,86.47,urgent,99,4.8,True
T-134bc261,A-274168,2022-01-23 00:00:00,2022-01-24 11:06:02,35.1,medium,183,,False
T-7608e820,A-7b6eee,2023-08-20 00:00:00,2023-08-22 06:27:37,54.46,medium,206,,False
T-7e602e34,A-e6e3cd,2022-09-22 00:00:00,2022-09-25 15:40:18,87.67,high,226,4.3,False
T-e2788423,A-71c2db,2023-09-28 00:00:00,2023-10-02 12:06:47,108.11,urgent,377,3.9,False
T-cb19126e,A-4e2188,2022-01-24 00:00:00,2022-01-25 06:03:48,30.06,urgent,414,,False
T-8f3aa945,A-f89626,2023-12-02 00:00:00,2023-12-03 18:49:15,42.82,low,199,3.3,False
T-f55fb326,A-3ac391,2021-05-25 00:00:00,2021-05-29 11:59:23,107.99,low,22,4.0,False
T-d19398db,A-703310,2021-08-26 00:00:00,2021-08-27 09:44:28,33.74,medium,442,4.4,False
T-b75c3aa2,A-71e1df,2021-08-08 00:00:00,2021-08-08 14:06:20,14.11,low,241,,True
T-cebdc049,A-27cc2c,2024-07-03 00:00:00,2024-07-03 15:06:17,15.1,high,369,1.9,False
T-6577e50b,A-1788ce,2023-02-25 00:00:00,2023-02-26 03:51:55,27.87,urgent,337,2.7,False
T-80da3ff2,A-7aee9c,2022-10-27 00:00:00,2022-10-31 21:08:08,117.14,high,155,,False
T-56c2a560,A-bb6306,2023-02-10 00:00:00,2023-02-12 18:08:49,66.15,high,200,4.5,False
T-8c98e7b5,A-d07cf7,2022-04-17 00:00:00,2022-04-21 06:30:27,102.51,low,148,,False
T-bb450079,A-274168,2022-04-17 00:00:00,2022-04-17 11:25:02,11.42,low,115,,False
T-3f01cd28,A-3cccbc,2022-04-22 00:00:00,2022-04-24 06:25:05,54.42,low,133,,False
T-d9e7dbf3,A-2411d9,2021-02-09 00:00:00,2021-02-10 20:01:58,44.03,low,33,4.1,True
T-d241bb86,A-522b54,2021-12-24 00:00:00,2021-12-27 01:49:55,73.83,medium,358,4.8,False
T-c5f0a787,A-38094a,2022-08-15 00:00:00,2022-08-18 01:00:50,73.01,low,35,3.5,False
T-2323e1fe,A-4f71e8,2022-11-03 00:00:00,2022-11-04 16:29:36,40.49,low,344,2.7,False
T-60e6a554,A-2c1987,2021-12-15 00:00:00,2021-12-16 10:37:40,34.63,urgent,427,1.8,False
T-de7b4e95,A-e09af2,2021-07-10 00:00:00,2021-07-13 06:27:26,78.46,medium,26,2.2,False
T-16e67319,A-e2d27a,2022-10-19 00:00:00,2022-10-20 17:07:21,41.12,high,130,,False
T-4ff60807,A-f4fe1f,2021-09-06 00:00:00,2021-09-09 10:22:59,82.38,low,195,,False
T-98a8a367,A-ab9ba5,2024-01-09 00:00:00,2024-01-13 07:33:41,103.56,high,67,,False
T-1a5cd523,A-3f7dbc,2021-08-28 00:00:00,2021-08-29 23:08:31,47.14,low,383,,True
T-bcbfeff2,A-0d5e78,2021-01-03 00:00:00,2021-01-03 02:56:35,2.94,medium,324,3.2,False
T-c3d3e050,A-e6fa42,2023-10-20 00:00:00,2023-10-24 12:38:24,108.64,urgent,354,1.5,False
T-166af676,A-4e2188,2024-01-11 00:00:00,2024-01-15 14:52:17,110.87,urgent,98,1.5,False
T-d872db9b,A-46d001,2022-04-20 00:00:00,2022-04-21 03:32:58,27.55,high,198,3.2,False
T-3db9d272,A-c812ae,2022-03-12 00:00:00,2022-03-12 13:58:22,13.97,medium,166,,False
T-41157104,A-bc60c8,2022-11-12 00:00:00,2022-11-14 03:31:42,51.53,low,24,,False
T-f1e68cf0,A-388d16,2024-12-09 00:00:00,2024-12-11 00:04:39,48.08,medium,277,3.8,False
T-4190fcb0,A-e1a8ea,2023-02-22 00:00:00,2023-02-22 12:13:14,12.22,high,230,1.3,False
T-b5fb4f06,A-800523,2022-01-25 00:00:00,2022-01-29 00:58:38,96.98,medium,145,4.7,False
T-b6538f66,A-674f3d,2023-08-21 00:00:00,2023-08-25 15:14:03,111.23,low,179,3.4,True
T-14d8cebe,A-e09af2,2022-07-08 00:00:00,2022-07-09 05:02:51,29.05,urgent,373,1.4,False
T-2ed3c103,A-309d6a,2022-08-15 00:00:00,2022-08-15 12:42:35,12.71,medium,21,,False
T-76c1df48,A-0c9ef2,2024-07-03 00:00:00,2024-07-03 11:37:41,11.63,high,146,1.4,True
T-07ce9b03,A-45687e,2022-08-15 00:00:00,2022-08-16 18:43:25,42.72,high,51,3.7,False
T-5f17d58d,A-66b64e,2022-04-18 00:00:00,2022-04-21 12:02:06,84.04,medium,193,,False
T-a9107c22,A-ca5e0e,2024-02-06 00:00:00,2024-02-07 06:45:38,30.76,urgent,401,,False
T-eedf06b9,A-661aa8,2024-03-16 00:00:00,2024-03-19 08:20:51,80.35,high,206,,True
T-82c63af7,A-d3154c,2022-09-08 00:00:00,2022-09-12 20:20:06,116.34,high,346,2.5,False
T-9f76cf4c,A-c1d6f0,2024-05-29 00:00:00,2024-05-30 00:42:19,24.71,medium,130,4.3,False
T-35e2bda4,A-c402fb,2021-02-26 00:00:00,2021-02-27 22:47:59,46.8,urgent,119,,False
T-d7a18e75,A-321421,2023-12-06 00:00:00,2023-12-06 22:29:48,22.5,urgent,148,,False
T-45cfa150,A-e1796c,2024-12-08 00:00:00,2024-12-08 21:43:30,21.73,urgent,357,,False
T-64bb14ae,A-04a246,2022-05-03 00:00:00,2022-05-05 10:32:38,58.54,low,275,,False
T-e5f34dc8,A-641031,2021-08-27 00:00:00,2021-08-27 02:44:00,2.73,high,310,,False
T-52f7852e,A-993774,2024-01-16 00:00:00,2024-01-20 11:59:53,108.0,high,255,,False
T-273e08e0,A-6751ab,2022-10-05 00:00:00,2022-10-08 03:19:18,75.32,high,181,,False
T-ca8e1a90,A-99203a,2023-03-03 00:00:00,2023-03-04 21:13:45,45.23,high,278,3.9,False
T-5cbe3185,A-8e16f1,2022-03-07 00:00:00,2022-03-07 15:16:45,15.28,urgent,90,4.9,False
T-da4fe590,A-4a3e3a,2021-05-24 00:00:00,2021-05-24 10:21:24,10.36,medium,447,1.3,False
T-8592df48,A-2411d9,2021-12-05 00:00:00,2021-12-06 22:27:38,46.46,medium,309,2.7,True
T-0c7d9351,A-64ddde,2024-09-27 00:00:00,2024-10-01 11:36:47,107.61,medium,68,,False
T-521a32e6,A-fa82d4,2021-07-18 00:00:00,2021-07-20 08:50:17,56.84,high,283,2.8,False
T-5beb3cf2,A-64ddde,2023-04-20 00:00:00,2023-04-21 11:55:57,35.93,medium,478,,False
T-5073138b,A-64ddde,2024-02-11 00:00:00,2024-02-15 19:56:03,115.93,urgent,419,,False
T-8da01d53,A-66d8db,2023-06-22 00:00:00,2023-06-24 06:51:30,54.86,high,234,3.5,False
T-eba7d3ac,A-572cc7,2024-06-19 00:00:00,2024-06-19 17:08:24,17.14,high,105,3.8,False
T-e768e310,A-125cb3,2023-09-10 00:00:00,2023-09-11 02:42:16,26.7,medium,82,1.7,False
T-af84c979,A-18470a,2021-07-06 00:00:00,2021-07-06 21:41:11,21.69,urgent,274,,False
T-4913423b,A-4f8805,2023-06-04 00:00:00,2023-06-05 12:34:23,36.57,low,120,3.6,True
T-ae5ff914,A-a2e816,2021-09-27 00:00:00,2021-09-29 18:37:12,66.62,low,77,2.3,False
T-99415dae,A-2312e2,2022-11-03 00:00:00,2022-11-06 13:26:36,85.44,medium,46,1.9,False
T-f84596b1,A-a0ed92,2022-03-03 00:00:00,2022-03-06 07:13:32,79.23,urgent,213,1.4,False
T-88055761,A-76a68f,2024-04-18 00:00:00,2024-04-22 17:25:35,113.43,urgent,198,5.0,True
T-4ed9cf42,A-c8e48c,2024-11-04 00:00:00,2024-11-04 17:26:06,17.44,urgent,279,1.7,False
T-bf89af92,A-e1406a,2022-07-14 00:00:00,2022-07-18 09:21:22,105.36,low,141,2.5,False
T-bcfc1a0b,A-8efb70,2023-12-10 00:00:00,2023-12-12 01:58:12,49.97,urgent,310,2.7,False
T-5c081968,A-7e69c7,2023-03-14 00:00:00,2023-03-16 14:03:52,62.06,urgent,458,2.2,True
T-d676e142,A-8563a7,2021-06-26 00:00:00,2021-06-28 21:07:19,69.12,high,281,,True
T-cf971200,A-9d4ff6,2021-10-20 00:00:00,2021-10-21 12:11:01,36.18,urgent,176,2.5,False
T-aae61845,A-d5aaf6,2023-06-23 00:00:00,2023-06-26 15:20:34,87.34,high,40,4.6,False
T-17c1aabe,A-dec46e,2024-12-30 00:00:00,2025-01-02 22:39:33,94.66,high,411,4.2,False
T-eda2aa16,A-e1796c,2024-07-25 00:00:00,2024-07-27 20:55:09,68.92,urgent,457,,False
T-e5b38610,A-8efb70,2021-07-29 00:00:00,2021-08-01 09:17:41,81.29,medium,115,3.2,False
T-021575d4,A-4acad6,2022-08-12 00:00:00,2022-08-12 18:45:22,18.76,high,198,,False
T-f0ebde9d,A-d3763d,2023-01-18 00:00:00,2023-01-22 13:12:05,109.2,urgent,420,,False
T-02b3867e,A-1f5600,2021-03-09 00:00:00,2021-03-13 07:01:47,103.03,low,8,,True
T-9ac2349a,A-82c3e3,2022-02-03 00:00:00,2022-02-03 06:33:39,6.56,urgent,445,,False
T-5ef43ef6,A-63c268,2024-11-29 00:00:00,2024-12-02 22:52:47,94.88,urgent,255,3.1,False
T-9448c2dd,A-999860,2023-01-30 00:00:00,2023-01-31 21:52:34,45.88,high,47,2.5,False
T-c3b995cc,A-b46328,2024-04-11 00:00:00,2024-04-14 12:12:22,84.21,low,447,3.9,False
T-29ffd5a8,A-f26363,2023-05-31 00:00:00,2023-06-03 23:47:37,95.79,low,114,3.4,False
T-b80b8123,A-e9662a,2023-07-26 00:00:00,2023-07-29 20:13:56,92.23,urgent,93,2.0,False
T-2e60824f,A-430daf,2023-07-05 00:00:00,2023-07-08 08:19:02,80.32,urgent,89,,False
T-c0f851ba,A-09489d,2023-10-13 00:00:00,2023-10-16 04:23:33,76.39,urgent,74,,False
T-587af9aa,A-3841e3,2022-07-14 00:00:00,2022-07-16 17:49:45,65.83,medium,70,1.1,False
T-ff2ab183,A-0e303f,2022-02-19 00:00:00,2022-02-19 17:06:25,17.11,urgent,154,,False
T-12ffcc50,A-3d5546,2021-09-24 00:00:00,2021-09-27 23:30:15,95.5,urgent,122,4.8,False
T-5b151338,A-040921,2023-07-04 00:00:00,2023-07-05 15:44:03,39.73,low,468,4.4,True
T-4e466ec9,A-2411d9,2023-05-30 00:00:00,2023-06-02 02:48:12,74.8,low,38,3.6,False
T-5e296748,A-cc4e00,2022-07-26 00:00:00,2022-07-29 09:55:32,81.93,low,323,1.6,False
T-b30f13fe,A-4ef13f,2021-11-24 00:00:00,2021-11-24 13:21:33,13.36,high,225,1.9,False
T-580beb2e,A-703310,2023-09-12 00:00:00,2023-09-15 23:40:59,95.68,high,479,1.8,False
T-62a04006,A-2be2ac,2022-02-14 00:00:00,2022-02-17 00:24:27,72.41,low,326,3.0,True
T-022aca3f,A-a1f6aa,2021-07-27 00:00:00,2021-07-28 17:23:01,41.38,high,159,4.2,False
T-84e6e3f1,A-b1f3cb,2021-04-30 00:00:00,2021-05-01 22:28:13,46.47,urgent,419,,False
T-94aa2d3a,A-702e67,2023-01-21 00:00:00,2023-01-22 23:17:13,47.29,urgent,300,,False
T-12d10035,A-b515e1,2022-07-20 00:00:00,2022-07-21 20:01:12,44.02,high,130,,False
T-c0de37da,A-59d242,2023-05-21 00:00:00,2023-05-21 19:29:41,19.49,medium,360,4.5,False
T-c26e77a9,A-dee10f,2024-08-10 00:00:00,2024-08-13 12:01:57,84.03,low,257,,False
T-d90ab3a2,A-0bcb7a,2023-07-15 00:00:00,2023-07-15 12:41:53,12.7,low,33,1.3,False
T-d97e7d3b,A-b853d2,2021-12-30 00:00:00,2022-01-02 04:33:07,76.55,urgent,160,2.2,False
T-51e3840d,A-e2d27a,2024-02-22 00:00:00,2024-02-24 08:19:34,56.33,medium,255,2.7,False
T-f7ab574b,A-26bbfd,2023-11-24 00:00:00,2023-11-24 02:39:16,2.65,high,353,,False
T-18a58a72,A-dd2024,2023-05-22 00:00:00,2023-05-22 01:38:02,1.63,low,129,,True
T-89740554,A-3633b2,2023-08-05 00:00:00,2023-08-07 04:34:36,52.58,high,39,1.5,False
T-affd96cf,A-93381a,2021-08-20 00:00:00,2021-08-24 02:58:19,98.97,high,411,4.9,False
T-89fd4367,A-e979f8,2023-05-10 00:00:00,2023-05-13 22:29:01,94.48,medium,416,3.0,False
T-5a1d34ad,A-24f862,2022-09-11 00:00:00,2022-09-13 11:21:17,59.35,low,81,,False
T-2fd4e9b9,A-46f183,2022-01-14 00:00:00,2022-01-14 19:30:09,19.5,urgent,468,3.9,False
T-699b60e9,A-9201a1,2024-03-12 00:00:00,2024-03-12 18:54:05,18.9,low,181,,False
T-22d75018,A-1788ce,2022-12-28 00:00:00,2022-12-31 20:03:09,92.05,medium,169,1.9,False
T-1361f9fc,A-572cc7,2023-09-01 00:00:00,2023-09-04 18:29:21,90.49,medium,177,,False
T-d4be26fc,A-6f29f7,2022-07-06 00:00:00,2022-07-09 07:54:15,79.9,urgent,14,1.1,False
T-4e99750c,A-a3efac,2024-07-03 00:00:00,2024-07-03 16:52:41,16.88,urgent,97,3.3,False
T-04d55237,A-2feda1,2022-03-02 00:00:00,2022-03-02 02:16:32,2.28,medium,215,,True
T-96a68df2,A-2e2e55,2024-08-19 00:00:00,2024-08-21 16:49:14,64.82,high,257,,False
T-3eb9d6e8,A-01c648,2021-05-04 00:00:00,2021-05-08 05:59:52,102.0,low,275,3.3,False
T-bf16134e,A-f89626,2024-09-01 00:00:00,2024-09-01 11:35:53,11.6,low,457,4.8,False
T-53917851,A-2312e2,2024-07-31 00:00:00,2024-07-31 02:16:15,2.27,low,181,2.1,False
T-bdae5034,A-8e16f1,2023-02-19 00:00:00,2023-02-22 20:35:34,92.59,low,181,2.7,False
T-b365fee4,A-08a972,2022-01-14 00:00:00,2022-01-17 10:22:50,82.38,urgent,453,,True
T-dceecc05,A-f1d958,2024-06-20 00:00:00,2024-06-24 22:44:06,118.74,medium,374,2.0,False
T-83a07480,A-f5777d,2024-11-05 00:00:00,2024-11-08 14:57:34,86.96,urgent,175,,False
T-4021b31d,A-377924,2024-11-04 00:00:00,2024-11-04 06:13:28,6.22,high,243,2.2,False
T-5c2e17d5,A-a721c1,2023-06-21 00:00:00,2023-06-21 01:41:46,1.7,urgent,5,3.3,False
T-f6418190,A-9d992c,2022-03-16 00:00:00,2022-03-20 22:01:49,118.03,high,34,,False
T-5a78f3fa,A-24f862,2021-03-04 00:00:00,2021-03-04 00:55:45,0.93,medium,480,4.8,False
T-de1015ca,A-f3aa45,2022-06-05 00:00:00,2022-06-06 04:51:41,28.86,urgent,267,1.1,False
T-16dca883,A-bc60c8,2021-11-03 00:00:00,2021-11-07 15:47:08,111.79,medium,94,,False
T-5dcbb291,A-58d05f,2024-02-27 00:00:00,2024-03-01 09:14:43,81.25,medium,404,,False
T-81fbf43f,A-d87876,2022-04-02 00:00:00,2022-04-06 02:55:29,98.92,low,341,,False
T-fd4f3eee,A-a2a361,2022-03-04 00:00:00,2022-03-05 08:20:49,32.35,low,382,1.8,False
T-576eb8ce,A-999860,2021-12-23 00:00:00,2021-12-26 02:29:31,74.49,urgent,418,1.6,False
T-8402a5f5,A-e09af2,2022-08-23 00:00:00,2022-08-27 00:13:45,96.23,medium,392,4.0,False
T-b708e838,A-fd7c5d,2024-08-25 00:00:00,2024-08-25 21:25:21,21.42,high,452,4.0,False
T-334ae4d1,A-e20152,2023-04-28 00:00:00,2023-04-29 00:30:29,24.51,urgent,213,1.1,False
T-51f52e2f,A-1f7327,2021-05-16 00:00:00,2021-05-19 08:11:24,80.19,high,38,4.4,False
T-6d3b2107,A-674f3d,2021-10-24 00:00:00,2021-10-25 20:35:41,44.59,high,112,2.5,False
T-ebb375d7,A-fd7c5d,2022-10-25 00:00:00,2022-10-28 13:54:34,85.91,low,126,2.8,False
T-add2ac52,A-216da3,2021-10-10 00:00:00,2021-10-11 22:30:17,46.5,low,70,,False
T-cd6fccc3,A-a722ec,2023-01-06 00:00:00,2023-01-08 11:09:40,59.16,medium,353,2.4,False
T-2979aaa8,A-4acad6,2021-06-18 00:00:00,2021-06-18 05:06:11,5.1,high,192,4.6,False
T-22a20c05,A-674f3d,2021-02-17 00:00:00,2021-02-20 03:42:47,75.71,urgent,443,,False
T-bf899d30,A-ed72be,2022-08-29 00:00:00,2022-09-01 21:57:06,93.95,medium,156,1.6,False
T-1bdabdf4,A-e6e3cd,2024-11-07 00:00:00,2024-11-10 08:17:21,80.29,low,324,,False
T-4c017323,A-fd7c5d,2022-03-25 00:00:00,2022-03-26 12:57:51,36.96,low,292,,True
T-36b4317b,A-8ae5b4,2021-04-20 00:00:00,2021-04-23 10:49:25,82.82,low,461,,False
T-ddb0db1a,A-9aab82,2022-03-19 00:00:00,2022-03-23 19:53:39,115.89,high,382,,False
T-3b8d1101,A-fa82d4,2023-09-13 00:00:00,2023-09-14 16:53:16,40.89,high,10,3.1,True
T-58c97154,A-51ca60,2023-02-21 00:00:00,2023-02-22 06:33:28,30.56,high,449,,False
T-1c0ee20f,A-54f16c,2024-11-25 00:00:00,2024-11-26 05:52:23,29.87,urgent,61,4.4,False
T-b990cf28,A-58d05f,2024-09-12 00:00:00,2024-09-15 12:50:24,84.84,high,255,2.3,False
T-93755fb4,A-df2118,2021-01-27 00:00:00,2021-01-28 22:36:52,46.61,medium,464,,False
T-e2f09602,A-b67e99,2024-01-06 00:00:00,2024-01-07 11:05:05,35.08,high,377,4.6,True
T-6798b687,A-09489d,2021-12-22 00:00:00,2021-12-24 09:57:29,57.96,urgent,152,1.8,False
T-d9c0a638,A-b4365e,2023-09-25 00:00:00,2023-09-28 13:28:09,85.47,urgent,24,,False
T-0464ac7b,A-31d091,2022-05-27 00:00:00,2022-05-30 22:02:25,94.04,urgent,224,4.1,False
T-8bef8037,A-1f5600,2022-10-01 00:00:00,2022-10-05 20:54:26,116.91,low,290,3.1,False
T-bb687ea2,A-a2e816,2022-12-15 00:00:00,2022-12-18 12:31:51,84.53,high,218,3.9,False
T-ff762b3f,A-4983af,2023-08-02 00:00:00,2023-08-06 14:39:42,110.66,high,183,,False
T-f9a7ae15,A-275801,2024-07-20 00:00:00,2024-07-24 18:58:53,114.98,high,119,2.7,False
T-2eb31a99,A-f89626,2021-09-14 00:00:00,2021-09-18 05:17:24,101.29,medium,425,3.9,False
T-754e3be5,A-fa82d4,2022-10-30 00:00:00,2022-11-02 13:27:48,85.46,urgent,453,,False
T-eb38d4d0,A-572cc7,2024-11-01 00:00:00,2024-11-01 02:27:17,2.45,urgent,237,3.8,False
T-32bbb857,A-253b47,2024-09-20 00:00:00,2024-09-20 03:54:17,3.9,high,265,,False
T-b62dc6ac,A-518980,2022-06-27 00:00:00,2022-06-29 21:12:02,69.2,medium,223,,False
T-cc20d7e9,A-9b417b,2021-10-19 00:00:00,2021-10-22 04:22:06,76.37,high,218,2.6,False
T-af237550,A-e9662a,2021-12-28 00:00:00,2021-12-29 05:39:51,29.66,urgent,320,,False
T-a93caa74,A-f11b19,2022-05-28 00:00:00,2022-05-29 00:24:48,24.41,low,346,3.2,True
T-be7aa108,A-f1d958,2021-08-06 00:00:00,2021-08-06 20:57:54,20.97,urgent,411,,True
T-92c46e94,A-c0f13b,2022-12-25 00:00:00,2022-12-26 09:57:47,33.96,medium,184,2.3,True
T-9b7e0241,A-4b4931,2024-11-21 00:00:00,2024-11-24 12:52:24,84.87,low,155,3.5,False
T-aaed5103,A-60fec0,2022-10-18 00:00:00,2022-10-19 12:20:35,36.34,low,282,1.8,False
T-306f597c,A-dec46e,2024-02-02 00:00:00,2024-02-02 23:03:41,23.06,urgent,39,,True
T-9342ebbd,A-ff97ce,2021-10-16 00:00:00,2021-10-18 18:35:04,66.58,urgent,209,,False
T-b3a8a00a,A-5ba322,2024-05-03 00:00:00,2024-05-04 01:42:55,25.72,high,398,,False
T-72c008a8,A-ab9ba5,2022-09-27 00:00:00,2022-09-27 11:31:50,11.53,urgent,312,,False
T-019f7347,A-d22b13,2023-06-06 00:00:00,2023-06-07 22:19:52,46.33,low,191,,False
T-c38adf04,A-78d2ec,2022-10-02 00:00:00,2022-10-03 16:49:48,40.83,medium,468,,False
T-6c481fd4,A-89fca7,2024-02-05 00:00:00,2024-02-09 06:01:10,102.02,low,401,4.5,False
T-10da4597,A-e9662a,2021-09-26 00:00:00,2021-09-30 12:20:32,108.34,high,452,4.0,True
T-4c6664bc,A-f10061,2024-11-14 00:00:00,2024-11-16 05:05:41,53.09,low,103,,True
T-4d74e5b4,A-dee10f,2024-10-09 00:00:00,2024-10-12 09:59:46,82.0,high,151,3.5,False
T-4698ee00,A-d8fe58,2024-01-10 00:00:00,2024-01-10 09:49:39,9.83,low,37,,False
T-5e4e5ade,A-e6ef8b,2022-03-20 00:00:00,2022-03-22 03:23:55,51.4,medium,238,3.8,False
T-ea6c5e54,A-d9ad81,2024-06-05 00:00:00,2024-06-09 18:33:33,114.56,low,336,2.3,False
T-2d616844,A-ab9ba5,2024-07-09 00:00:00,2024-07-09 12:04:18,12.07,high,290,3.1,False
T-c8103e58,A-3a19f8,2022-02-17 00:00:00,2022-02-21 23:53:58,119.9,low,350,,False
T-5b13df22,A-3a19f8,2022-01-06 00:00:00,2022-01-07 19:38:17,43.64,low,28,,False
T-9ea247aa,A-c166a2,2021-05-17 00:00:00,2021-05-21 23:19:02,119.32,low,171,1.3,True
T-93fc4d02,A-f2b464,2022-11-15 00:00:00,2022-11-18 22:48:37,94.81,medium,276,2.2,False
T-01096cdb,A-e99e90,2024-05-01 00:00:00,2024-05-02 21:12:14,45.2,high,218,4.4,False
T-025a9684,A-2ca16b,2022-06-13 00:00:00,2022-06-17 17:19:11,113.32,low,67,,False
T-95627553,A-77d382,2021-12-28 00:00:00,2022-01-01 13:19:07,109.32,urgent,302,2.8,True
T-3270589d,A-48a544,2024-09-10 00:00:00,2024-09-13 14:59:44,87.0,high,277,,False
T-8a624704,A-4cf7f7,2022-02-25 00:00:00,2022-02-28 12:16:06,84.27,urgent,20,,False
T-b8f77796,A-c8e48c,2021-04-01 00:00:00,2021-04-05 19:42:42,115.71,medium,344,2.5,True
T-7cc5fff0,A-ea1711,2021-10-09 00:00:00,2021-10-13 08:04:05,104.07,urgent,28,,False
T-4851316c,A-4f8805,2024-08-14 00:00:00,2024-08-17 07:29:31,79.49,medium,91,4.7,False
T-016064af,A-47ce41,2024-11-12 00:00:00,2024-11-16 02:02:27,98.04,low,339,2.9,False
T-1352f5cf,A-49535d,2021-06-11 00:00:00,2021-06-15 14:45:17,110.75,low,412,,False
T-7fcd7ca8,A-6f29f7,2022-12-08 00:00:00,2022-12-09 00:33:43,24.56,medium,35,1.5,False
T-e24128b0,A-8563a7,2024-01-12 00:00:00,2024-01-12 11:18:22,11.31,urgent,89,1.7,False
T-a454ae8d,A-e21fc9,2022-02-05 00:00:00,2022-02-07 10:59:42,59.0,high,189,2.7,False
T-b3a0728f,A-819eaf,2024-03-18 00:00:00,2024-03-22 00:01:27,96.02,urgent,296,,False
T-91a8d965,A-f2e197,2024-07-09 00:00:00,2024-07-11 17:12:29,65.21,high,450,,False
T-bc65d2cf,A-a63269,2022-10-02 00:00:00,2022-10-04 17:21:50,65.36,low,90,,False
T-7c049228,A-d22b13,2021-02-20 00:00:00,2021-02-21 13:17:19,37.29,urgent,70,,False
T-c5e2df1a,A-14e75c,2021-01-31 00:00:00,2021-02-01 11:56:00,35.93,medium,171,3.6,False
T-55000be7,A-309d6a,2022-10-12 00:00:00,2022-10-12 20:32:09,20.54,low,429,1.0,False
T-d0c879ed,A-c0f13b,2023-01-20 00:00:00,2023-01-24 21:35:54,117.6,medium,72,2.0,False
T-72bc93c2,A-ba0f8c,2024-05-21 00:00:00,2024-05-22 19:11:04,43.18,urgent,300,,False
T-f30bb94a,A-b515e1,2023-03-28 00:00:00,2023-03-31 13:45:32,85.76,high,431,3.3,False
T-7689a2b1,A-fd7c5d,2022-10-27 00:00:00,2022-10-29 14:48:45,62.81,medium,331,3.0,False
T-bda29c61,A-e3bd6e,2024-01-19 00:00:00,2024-01-23 18:49:17,114.82,medium,220,,False
T-8ecb05ce,A-4f498a,2021-02-01 00:00:00,2021-02-02 08:35:27,32.59,medium,373,3.6,True
T-0a34d0fe,A-16905a,2021-10-10 00:00:00,2021-10-14 03:46:38,99.78,high,414,2.3,False
T-2ebdb79d,A-ef8d69,2024-01-21 00:00:00,2024-01-24 03:39:11,75.65,medium,379,2.3,False
T-018c6e23,A-f60e4b,2024-03-14 00:00:00,2024-03-14 01:31:22,1.52,medium,97,,False
T-632f5851,A-e23d29,2023-02-26 00:00:00,2023-03-02 22:54:33,118.91,low,87,2.1,False
T-f450f45c,A-59d242,2022-03-24 00:00:00,2022-03-25 12:37:50,36.63,medium,322,3.1,False
T-96b14775,A-51eed3,2022-10-10 00:00:00,2022-10-11 01:00:21,25.01,medium,72,2.7,False
T-e4778f76,A-d3763d,2021-08-15 00:00:00,2021-08-18 22:43:55,94.73,low,207,,False
T-7a09869d,A-4aaf62,2023-04-04 00:00:00,2023-04-04 04:26:09,4.44,medium,411,,False
T-0f72a132,A-a771e3,2024-08-27 00:00:00,2024-08-29 08:20:28,56.34,medium,358,4.7,False
T-1958c438,A-9d9ed2,2022-04-21 00:00:00,2022-04-21 04:20:23,4.34,high,249,1.4,False
T-bea484ad,A-ea1711,2023-08-21 00:00:00,2023-08-25 02:24:40,98.41,medium,447,1.8,False
T-a5b2f22b,A-b913b0,2024-01-22 00:00:00,2024-01-22 10:56:52,10.95,urgent,117,,False
T-baa0052e,A-24f862,2021-04-25 00:00:00,2021-04-29 17:27:53,113.46,medium,443,3.1,True
T-2f12e026,A-3633b2,2023-09-18 00:00:00,2023-09-19 16:17:23,40.29,high,236,,True
T-99feb455,A-ba42fc,2021-01-30 00:00:00,2021-02-01 03:27:47,51.46,urgent,250,,True
T-58586f34,A-168fe2,2024-03-17 00:00:00,2024-03-20 02:13:27,74.22,low,314,,False
T-d87ee5d0,A-68ffd0,2022-03-08 00:00:00,2022-03-11 00:08:25,72.14,medium,407,,False
T-6612f840,A-0ff5dc,2021-08-13 00:00:00,2021-08-16 06:13:54,78.23,medium,281,,False
T-efdf07e5,A-e09af2,2023-10-07 00:00:00,2023-10-11 02:25:10,98.42,medium,69,3.2,False
T-71ba9647,A-83f776,2024-04-20 00:00:00,2024-04-24 23:01:17,119.02,high,343,,False
T-0509a623,A-273a83,2024-08-26 00:00:00,2024-08-26 00:42:18,0.71,high,105,3.2,False
T-caca578f,A-0e303f,2022-01-08 00:00:00,2022-01-12 19:52:17,115.87,high,122,3.4,False
T-4cfc907c,A-4f020e,2024-05-13 00:00:00,2024-05-17 07:26:58,103.45,medium,107,1.2,False
T-a3c969f8,A-abbbd0,2022-02-11 00:00:00,2022-02-13 04:45:30,52.76,high,208,,False
T-32c2b6e9,A-70da28,2021-02-21 00:00:00,2021-02-25 04:20:52,100.35,urgent,158,1.3,False
T-302c7ad4,A-f5777d,2024-05-03 00:00:00,2024-05-07 18:10:57,114.18,low,389,3.9,False
T-ef2ff6f9,A-e5e60e,2021-11-17 00:00:00,2021-11-18 17:47:41,41.79,low,389,3.9,False
T-9490eb17,A-9aab82,2024-01-31 00:00:00,2024-02-02 13:47:27,61.79,medium,419,1.0,False
T-2749380f,A-7b3b51,2022-10-13 00:00:00,2022-10-15 13:02:52,61.05,urgent,322,2.9,False
T-4281ff2c,A-cc6cd9,2021-11-03 00:00:00,2021-11-06 01:42:17,73.7,urgent,83,,False
T-92e53b60,A-388c96,2022-03-30 00:00:00,2022-04-03 21:22:38,117.38,low,211,3.1,False
T-1ff9dca9,A-e6ef8b,2021-03-12 00:00:00,2021-03-13 05:16:46,29.28,low,2,,False
T-c528c0ec,A-27e0e9,2023-06-29 00:00:00,2023-07-03 07:57:26,103.96,urgent,118,,False
T-5c575562,A-1b90d5,2022-02-11 00:00:00,2022-02-12 07:47:58,31.8,urgent,118,,False
T-69ecadd8,A-d87876,2021-08-29 00:00:00,2021-08-29 20:16:40,20.28,urgent,466,,False
T-c79836c3,A-c8e48c,2024-10-03 00:00:00,2024-10-06 11:51:48,83.86,high,409,,False
T-e0a044b7,A-cdee75,2023-09-13 00:00:00,2023-09-15 04:11:16,52.19,high,159,4.4,False
T-d7aec364,A-a4bc9c,2022-03-16 00:00:00,2022-03-17 21:09:24,45.16,high,355,3.2,False
T-a5901477,A-fb30f4,2023-02-04 00:00:00,2023-02-04 22:20:59,22.35,high,22,2.7,False
T-eda72975,A-17fe97,2024-11-13 00:00:00,2024-11-13 23:07:16,23.12,low,230,,False
T-74b05407,A-68948f,2024-08-31 00:00:00,2024-09-01 18:01:28,42.02,medium,449,4.2,False
T-77781322,A-0562c3,2023-06-12 00:00:00,2023-06-13 00:35:53,24.6,urgent,134,2.6,False
T-5bfe2107,A-27341c,2021-10-27 00:00:00,2021-10-31 16:49:48,112.83,medium,278,1.0,False
T-96d7b982,A-dabc1b,2024-12-20 00:00:00,2024-12-24 12:56:41,108.94,urgent,199,3.0,False
T-c3103a6a,A-3204d3,2024-04-07 00:00:00,2024-04-10 22:57:53,94.96,medium,132,3.1,True
T-73e5bdbe,A-57e924,2023-10-30 00:00:00,2023-11-03 20:17:43,116.3,high,103,3.4,False
T-5e4a9a58,A-29838a,2021-11-09 00:00:00,2021-11-09 14:46:43,14.78,low,27,2.1,False
T-3d037818,A-121302,2023-04-10 00:00:00,2023-04-11 08:24:08,32.4,low,131,,False
T-9456b28e,A-dbf513,2023-06-16 00:00:00,2023-06-20 16:15:58,112.27,low,41,4.3,False
T-e729a109,A-daa5e3,2024-02-29 00:00:00,2024-03-02 21:00:26,69.01,medium,300,,True
T-daccf144,A-a63269,2022-12-25 00:00:00,2022-12-26 08:12:31,32.21,low,144,2.7,False
T-ca435b6c,A-18470a,2022-04-12 00:00:00,2022-04-13 03:17:37,27.29,high,392,4.3,False
T-921d672d,A-7231b2,2022-07-27 00:00:00,2022-07-30 11:41:39,83.69,medium,250,2.1,True
T-2d36578a,A-5d149a,2022-08-13 00:00:00,2022-08-13 13:39:26,13.66,high,227,,False
T-e4503dba,A-ca5e0e,2023-05-21 00:00:00,2023-05-21 06:51:39,6.86,high,98,,False
T-f7d43c90,A-4ef13f,2023-04-21 00:00:00,2023-04-24 12:40:14,84.67,medium,393,1.1,False
T-d706fc6b,A-2312e2,2022-10-19 00:00:00,2022-10-20 21:36:26,45.61,high,328,1.1,False
T-5a81bdc6,A-4ef13f,2022-08-08 00:00:00,2022-08-12 14:09:17,110.15,low,257,,False
T-a5be44f1,A-39e2df,2023-12-14 00:00:00,2023-12-15 07:50:01,31.83,high,474,,False
T-e773af1c,A-448821,2022-05-09 00:00:00,2022-05-10 15:36:31,39.61,urgent,206,3.9,False
T-21f67105,A-d3803e,2022-10-06 00:00:00,2022-10-06 09:44:48,9.75,urgent,220,4.8,False
T-08c44e62,A-18470a,2024-12-09 00:00:00,2024-12-11 06:48:20,54.81,medium,174,,False
T-a0206ed6,A-643967,2024-01-05 00:00:00,2024-01-06 00:08:20,24.14,low,20,,False
T-e6791a7a,A-21c968,2024-08-19 00:00:00,2024-08-22 06:55:33,78.93,urgent,386,1.8,True
T-1038ca9a,A-04a246,2021-08-14 00:00:00,2021-08-17 11:41:59,83.7,urgent,26,3.1,True
T-c8407180,A-273a83,2022-08-04 00:00:00,2022-08-04 22:10:07,22.17,urgent,325,1.1,False
T-1e67bf78,A-661aa8,2022-04-16 00:00:00,2022-04-16 14:09:27,14.16,low,130,2.5,False
T-f6ab9933,A-9b417b,2023-12-22 00:00:00,2023-12-25 14:18:59,86.32,medium,246,4.4,True
T-1dcad2ad,A-4acad6,2022-05-15 00:00:00,2022-05-16 21:06:48,45.11,urgent,126,2.0,False
T-7b9bde06,A-df92d4,2023-08-23 00:00:00,2023-08-26 04:12:42,76.21,high,288,,False
T-2cdc841f,A-e09af2,2022-12-20 00:00:00,2022-12-24 23:16:23,119.27,urgent,108,,False
T-b214ebbd,A-ba42fc,2023-06-21 00:00:00,2023-06-25 13:30:27,109.51,urgent,286,,True
T-f168f07e,A-bc0a07,2024-11-02 00:00:00,2024-11-02 04:42:04,4.7,medium,259,2.8,False
T-c5bf4366,A-280f2a,2024-07-02 00:00:00,2024-07-04 17:40:29,65.67,high,347,4.7,False
T-fd53f11b,A-ef8d69,2024-05-30 00:00:00,2024-06-03 08:28:24,104.47,high,327,,True
T-19e9fd6f,A-45a1c6,2021-09-20 00:00:00,2021-09-21 06:39:11,30.65,urgent,332,,False
T-5a56ec05,A-09489d,2021-11-15 00:00:00,2021-11-19 20:31:56,116.53,urgent,276,3.0,False
T-b726d295,A-757186,2023-05-22 00:00:00,2023-05-22 16:25:54,16.43,high,177,3.8,False
T-ea74c2ba,A-9e2b64,2023-07-08 00:00:00,2023-07-11 01:16:47,73.28,medium,47,4.5,False
T-7b43f186,A-0e303f,2024-09-12 00:00:00,2024-09-14 02:37:33,50.63,urgent,118,,False
T-f4f78cc6,A-e1b1a4,2021-08-20 00:00:00,2021-08-21 06:15:06,30.25,medium,276,1.7,False
T-55b06bfa,A-9aab82,2022-03-07 00:00:00,2022-03-08 22:00:30,46.01,high,455,4.9,False
T-7c8c5192,A-b32d86,2024-12-25 00:00:00,2024-12-28 07:57:31,79.96,medium,426,2.4,False
T-443980e5,A-b46328,2023-01-17 00:00:00,2023-01-19 14:12:06,62.2,medium,80,,False
T-d9f2a62c,A-cc6cd9,2022-06-25 00:00:00,2022-06-25 01:20:32,1.34,low,361,1.3,False
T-d707964c,A-9b151e,2022-11-14 00:00:00,2022-11-14 02:25:18,2.42,medium,61,3.2,True
T-e7f933a9,A-adedd2,2021-05-10 00:00:00,2021-05-12 09:28:48,57.48,medium,437,2.6,True
T-fe228972,A-dec46e,2024-08-30 00:00:00,2024-09-01 13:34:36,61.58,medium,362,,False
T-a7ccb543,A-a481e9,2023-07-22 00:00:00,2023-07-22 08:48:52,8.81,medium,330,,False
T-759332ef,A-bc727c,2022-07-24 00:00:00,2022-07-26 06:29:27,54.49,medium,18,,False
T-e53d79bb,A-df92d4,2022-09-30 00:00:00,2022-10-01 03:17:11,27.29,urgent,405,3.5,False
T-9cbe4e1e,A-fc24f9,2024-11-17 00:00:00,2024-11-21 12:25:54,108.43,urgent,327,,False
T-9576ca17,A-9aab82,2023-04-04 00:00:00,2023-04-06 02:26:40,50.44,high,275,4.2,True
T-2ac42f9b,A-7aee9c,2021-01-16 00:00:00,2021-01-18 18:01:56,66.03,high,188,1.7,False
T-2d1487a7,A-e6e3cd,2024-05-28 00:00:00,2024-05-28 13:20:01,13.33,high,243,,False
T-d848d67f,A-95248b,2023-08-22 00:00:00,2023-08-23 12:33:59,36.57,urgent,31,1.1,False
T-8d661cb1,A-79589c,2023-04-28 00:00:00,2023-04-28 19:12:40,19.21,low,323,4.9,False
T-fa459575,A-c166a2,2022-02-13 00:00:00,2022-02-14 01:18:39,25.31,urgent,50,5.0,True
T-51bd20cd,A-2411d9,2022-01-11 00:00:00,2022-01-12 16:25:18,40.42,high,438,2.3,False
T-617287c4,A-819eaf,2022-07-04 00:00:00,2022-07-05 10:08:39,34.14,medium,268,,False
T-e5b1260d,A-8b3a95,2022-05-01 00:00:00,2022-05-03 11:59:30,59.99,high,200,,False
T-30eee561,A-780b56,2022-06-12 00:00:00,2022-06-15 20:45:12,92.75,high,53,,False
T-398d3a30,A-d22b13,2022-06-23 00:00:00,2022-06-23 04:35:56,4.6,medium,325,5.0,False
T-d1bcf049,A-7b1bc8,2024-08-12 00:00:00,2024-08-12 17:16:35,17.28,urgent,203,4.2,False
T-14e245db,A-b36d98,2022-06-24 00:00:00,2022-06-24 17:44:59,17.75,low,108,,False
T-49e9978b,A-6e3d08,2023-01-22 00:00:00,2023-01-26 02:54:05,98.9,low,181,1.0,False
T-c5465f96,A-fc24f9,2023-02-11 00:00:00,2023-02-14 09:20:32,81.34,low,110,3.3,False
T-fb3f2123,A-1bf244,2021-05-01 00:00:00,2021-05-03 01:25:23,49.42,urgent,39,,False
T-ab359b6e,A-449185,2022-04-23 00:00:00,2022-04-24 01:46:32,25.78,low,32,,False
T-14fd8ae7,A-655235,2024-07-17 00:00:00,2024-07-17 16:19:40,16.33,medium,37,4.1,False
T-b8c2e596,A-31d091,2021-04-08 00:00:00,2021-04-11 18:48:03,90.8,low,322,,False
T-8088d608,A-abbbd0,2024-07-20 00:00:00,2024-07-22 19:33:19,67.56,urgent,111,3.7,False
T-ef501ca9,A-26bbfd,2022-05-30 00:00:00,2022-06-03 15:06:12,111.1,urgent,95,3.1,False
T-3f252034,A-e3bd6e,2023-01-27 00:00:00,2023-01-27 19:17:10,19.29,urgent,330,,False
T-c3ac8d23,A-b515e1,2021-02-10 00:00:00,2021-02-10 04:09:31,4.16,urgent,98,4.8,False
T-8eaf341c,A-59d242,2024-03-09 00:00:00,2024-03-13 23:28:43,119.48,urgent,117,,False
T-479ccee0,A-7b6eee,2022-03-09 00:00:00,2022-03-09 23:06:37,23.11,urgent,397,,False
T-863c5633,A-961183,2021-08-02 00:00:00,2021-08-06 13:24:39,109.41,high,306,,False
T-1b44c1ee,A-4f020e,2021-11-29 00:00:00,2021-12-01 12:28:12,60.47,high,363,4.9,False
T-45c113eb,A-daa5e3,2023-06-01 00:00:00,2023-06-02 23:13:21,47.22,high,20,1.5,False
T-c5953751,A-8b5194,2021-09-25 00:00:00,2021-09-25 17:54:16,17.9,medium,155,,True
T-b8098a39,A-98ae9b,2023-07-09 00:00:00,2023-07-13 03:13:17,99.22,low,156,,False
T-76d8d164,A-60fec0,2023-07-18 00:00:00,2023-07-18 14:41:38,14.69,low,302,,False
T-d4812342,A-fbe78b,2024-12-18 00:00:00,2024-12-19 15:29:54,39.5,low,13,,False
T-7eb6b865,A-76a68f,2024-11-28 00:00:00,2024-11-28 01:46:16,1.77,high,184,3.9,False
T-87b20e04,A-1f5600,2022-09-05 00:00:00,2022-09-05 16:00:14,16.0,medium,408,1.4,False
T-47536e0c,A-85a324,2024-03-05 00:00:00,2024-03-07 03:37:18,51.62,high,392,4.1,False
T-f220b0b0,A-38094a,2022-07-23 00:00:00,2022-07-24 03:03:55,27.07,medium,193,,True
T-8dd9bd25,A-388d16,2023-04-13 00:00:00,2023-04-13 20:04:32,20.08,low,193,,False
T-1117c370,A-b040a0,2023-04-13 00:00:00,2023-04-17 05:24:33,101.41,medium,379,1.7,False
T-cf28c722,A-b515e1,2022-07-31 00:00:00,2022-08-03 07:47:03,79.78,urgent,363,3.5,False
T-ba53ab5b,A-3bb1ee,2023-09-07 00:00:00,2023-09-09 01:40:48,49.68,urgent,252,3.6,False
T-41ce5028,A-0edc7e,2023-05-11 00:00:00,2023-05-12 22:17:56,46.3,urgent,63,1.2,False
T-a9676a94,A-168fe2,2024-12-27 00:00:00,2024-12-28 02:04:17,26.07,medium,357,2.1,False
T-f40694e3,A-c402fb,2021-11-02 00:00:00,2021-11-06 09:48:47,105.81,low,449,1.6,False
T-cc3f16df,A-c0e2d5,2023-11-11 00:00:00,2023-11-11 15:55:42,15.93,medium,450,3.2,False
T-7265b274,A-e09af2,2023-06-08 00:00:00,2023-06-09 10:29:26,34.49,medium,292,2.4,False
T-ffa32119,A-8f8cfc,2024-02-01 00:00:00,2024-02-04 22:33:08,94.55,low,87,,False
T-b0ae7e02,A-741acd,2022-09-03 00:00:00,2022-09-06 22:35:41,94.59,low,56,,False
T-2cc1d3fc,A-c00b52,2023-09-27 00:00:00,2023-09-29 14:28:00,62.47,high,178,4.5,False
T-d997ce13,A-040921,2021-01-25 00:00:00,2021-01-25 08:39:37,8.66,high,24,4.7,False
T-a2eaf93f,A-2312e2,2023-02-03 00:00:00,2023-02-07 04:44:12,100.74,low,188,4.0,False
T-c463af83,A-7aee9c,2023-09-19 00:00:00,2023-09-21 04:57:48,52.96,low,103,,False
T-a64adb94,A-ed6bb8,2021-02-25 00:00:00,2021-02-27 02:00:48,50.01,urgent,351,4.4,False
T-029aa53d,A-b94147,2021-10-03 00:00:00,2021-10-07 08:25:55,104.43,high,62,,False
T-1afcf88f,A-51ca60,2022-09-20 00:00:00,2022-09-23 16:53:57,88.9,high,53,,False
T-5f3706f6,A-bbe512,2023-05-23 00:00:00,2023-05-23 06:47:07,6.79,urgent,401,1.8,False
T-5181bce2,A-8f00d8,2024-10-23 00:00:00,2024-10-25 09:46:32,57.78,urgent,382,4.5,False
T-4fc701a4,A-275a5e,2022-10-22 00:00:00,2022-10-24 17:28:58,65.48,low,246,4.7,False
T-f10003a5,A-27341c,2023-11-07 00:00:00,2023-11-10 07:50:59,79.85,medium,26,4.0,False
T-8c9ee641,A-390557,2021-09-05 00:00:00,2021-09-06 10:56:55,34.95,medium,275,,False
T-7e159dff,A-299f66,2021-09-26 00:00:00,2021-09-26 06:51:23,6.86,high,140,5.0,False
T-152b3bbb,A-11cce9,2022-02-27 00:00:00,2022-03-01 15:41:24,63.69,urgent,181,,True
T-afb6f184,A-46d001,2023-03-25 00:00:00,2023-03-28 12:55:42,84.93,low,76,4.1,False
T-88d320c2,A-68948f,2023-03-25 00:00:00,2023-03-29 13:40:28,109.67,medium,275,,True
T-a8bece94,A-51eed3,2023-09-26 00:00:00,2023-09-26 13:48:24,13.81,low,217,3.3,False
T-21b974df,A-a2e460,2023-07-06 00:00:00,2023-07-09 23:31:08,95.52,low,127,,False
T-ac6af9bf,A-dd2024,2022-10-16 00:00:00,2022-10-16 10:24:29,10.41,low,58,2.2,False
T-d7f2efbb,A-40abca,2022-05-16 00:00:00,2022-05-16 15:34:42,15.58,high,279,,False
T-03a95e81,A-71e1df,2023-02-10 00:00:00,2023-02-14 16:27:17,112.45,urgent,134,4.1,False
T-e66f9197,A-f2b464,2024-07-20 00:00:00,2024-07-20 12:53:45,12.9,medium,333,2.4,True
T-7e36be03,A-dc726d,2024-04-23 00:00:00,2024-04-26 09:00:43,81.01,urgent,199,,False
T-7682dcc3,A-393763,2024-06-17 00:00:00,2024-06-20 07:28:40,79.48,low,395,4.4,False
T-e3357efd,A-f11b19,2022-07-28 00:00:00,2022-08-01 08:22:44,104.38,urgent,409,,False
T-4c6dad40,A-8efb70,2022-08-02 00:00:00,2022-08-02 10:31:22,10.52,low,95,,False
T-3eeb898f,A-f4d2c5,2022-01-20 00:00:00,2022-01-22 03:20:31,51.34,urgent,426,,False
T-8ae133ff,A-cea72b,2021-01-03 00:00:00,2021-01-04 03:26:30,27.44,low,443,4.6,False
T-d1c631ec,A-ba7802,2023-10-25 00:00:00,2023-10-25 19:41:55,19.7,medium,305,3.0,False
T-821f791b,A-2ca16b,2021-04-02 00:00:00,2021-04-06 22:31:05,118.52,low,260,3.5,False
T-34c36cdc,A-3a19f8,2024-02-18 00:00:00,2024-02-18 02:42:06,2.7,high,237,,False
T-b5f3d3a7,A-7b6eee,2022-04-30 00:00:00,2022-05-03 07:28:14,79.47,urgent,476,2.2,False
T-c304cf47,A-f1d958,2022-10-08 00:00:00,2022-10-11 03:05:47,75.1,low,80,3.4,False
T-fa5e1ec7,A-5a8f35,2021-09-27 00:00:00,2021-10-01 22:47:32,118.79,medium,414,,True
T-159d0903,A-f7395b,2024-01-08 00:00:00,2024-01-12 05:10:42,101.18,low,22,2.7,False
T-02c4943f,A-0c8a26,2024-06-04 00:00:00,2024-06-08 09:27:37,105.46,low,360,1.7,False
T-c4f19bee,A-467260,2023-12-22 00:00:00,2023-12-23 19:55:50,43.93,urgent,391,,False
T-9c23443e,A-70da28,2022-04-11 00:00:00,2022-04-13 00:07:38,48.13,medium,181,4.4,False
T-f508cffd,A-467260,2024-12-15 00:00:00,2024-12-18 18:19:22,90.32,urgent,309,,False
T-214cac04,A-7af86f,2022-10-20 00:00:00,2022-10-22 14:04:27,62.07,urgent,436,3.1,False
T-37ff74ff,A-c4599d,2021-09-18 00:00:00,2021-09-20 23:16:05,71.27,urgent,479,,False
T-cb7da430,A-11cce9,2024-09-15 00:00:00,2024-09-18 14:46:49,86.78,low,95,2.3,True
T-653f65c1,A-a771e3,2021-03-23 00:00:00,2021-03-26 17:19:48,89.33,urgent,374,,False
T-9f16f2e1,A-1aa01f,2023-07-31 00:00:00,2023-07-31 15:05:51,15.1,medium,480,,False
T-39cccecb,A-d5772f,2023-02-05 00:00:00,2023-02-07 20:54:04,68.9,low,442,,False
T-72e90a0b,A-715861,2021-06-30 00:00:00,2021-07-02 23:26:58,71.45,urgent,128,4.7,False
T-138b7790,A-819eaf,2024-06-26 00:00:00,2024-06-26 14:15:50,14.26,medium,256,,True
T-e50e70b3,A-301976,2021-02-05 00:00:00,2021-02-05 14:35:34,14.59,high,167,,False
T-f22b3a14,A-805f2e,2021-06-26 00:00:00,2021-06-30 16:46:18,112.77,urgent,158,,False
T-f3e385f5,A-9a9689,2021-10-05 00:00:00,2021-10-08 05:54:51,77.91,low,300,4.6,False
T-7f88c25e,A-ab9ba5,2023-11-11 00:00:00,2023-11-14 00:48:24,72.81,low,442,2.5,False
T-d013d5b5,A-e5e60e,2023-06-06 00:00:00,2023-06-09 21:30:17,93.5,medium,431,3.1,False
T-883e770d,A-58a963,2023-01-21 00:00:00,2023-01-22 20:04:28,44.07,low,43,1.4,False
T-f7b343d2,A-dd2024,2024-03-04 00:00:00,2024-03-08 13:44:15,109.74,low,176,,False
T-43f9a44a,A-ef8d69,2021-02-16 00:00:00,2021-02-18 16:56:25,64.94,medium,267,2.7,False
T-558bbe8f,A-2312e2,2023-01-08 00:00:00,2023-01-10 10:32:01,58.53,medium,58,1.2,False
T-f9e0eb5b,A-12a8c7,2021-10-31 00:00:00,2021-11-04 18:31:54,114.53,urgent,308,3.8,True
T-4d9933a0,A-b0fdf8,2024-04-22 00:00:00,2024-04-26 09:04:03,105.07,low,99,,False
T-8efa2148,A-01c648,2022-02-25 00:00:00,2022-02-25 20:56:29,20.94,urgent,59,4.9,False
T-c4dc6c74,A-bbe512,2021-08-29 00:00:00,2021-08-30 18:13:42,42.23,high,240,4.1,False
T-a37343da,A-e2d27a,2024-06-23 00:00:00,2024-06-26 21:28:47,93.48,medium,77,2.7,False
T-fd27ef45,A-040921,2021-09-06 00:00:00,2021-09-09 12:09:44,84.16,high,158,3.4,False
T-ebbcb649,A-f2e197,2021-07-08 00:00:00,2021-07-10 11:06:02,59.1,high,146,,False
T-c842565a,A-2e3f29,2022-08-24 00:00:00,2022-08-25 21:56:19,45.94,medium,2,4.2,False
T-1a178f45,A-2151c8,2023-12-26 00:00:00,2023-12-27 03:49:36,27.83,low,260,4.9,False
T-9dff594f,A-dee10f,2024-07-01 00:00:00,2024-07-03 18:41:28,66.69,urgent,141,4.7,False
T-9d094aee,A-71e1df,2023-11-08 00:00:00,2023-11-10 03:12:46,51.21,high,450,4.8,False
T-7fa7cb67,A-98ae9b,2023-11-28 00:00:00,2023-11-30 20:33:28,68.56,medium,12,3.7,False
T-47056e60,A-b94147,2024-02-08 00:00:00,2024-02-10 22:13:10,70.22,medium,39,3.4,True
T-5af07bfd,A-60fec0,2023-08-05 00:00:00,2023-08-06 16:25:36,40.43,medium,55,,False
T-69ac600d,A-df92d4,2023-10-15 00:00:00,2023-10-17 05:34:20,53.57,medium,158,1.1,False
T-a5260d0b,A-4ef13f,2021-04-21 00:00:00,2021-04-21 16:56:04,16.93,low,16,,True
